[Tue Sep 30 13:10:46.760588 2025] [ssl:warn] [pid 4692:tid 428] AH01909: www.example.com:443:0 server certificate does NOT include an ID which matches the server name
[Tue Sep 30 13:10:46.811334 2025] [ssl:warn] [pid 4692:tid 428] AH01909: www.example.com:443:0 server certificate does NOT include an ID which matches the server name
[Tue Sep 30 13:10:47.451071 2025] [mpm_winnt:notice] [pid 4692:tid 428] AH00455: Apache/2.4.58 (Win64) OpenSSL/3.1.3 PHP/8.2.12 configured -- resuming normal operations
[Tue Sep 30 13:10:47.451071 2025] [mpm_winnt:notice] [pid 4692:tid 428] AH00456: Apache Lounge VS17 Server built: Oct 18 2023 13:03:18
[Tue Sep 30 13:10:47.451071 2025] [core:notice] [pid 4692:tid 428] AH00094: Command line: 'C:\\xampp\\apache\\bin\\httpd.exe -d C:/xampp/apache'
[Tue Sep 30 13:10:47.457066 2025] [mpm_winnt:notice] [pid 4692:tid 428] AH00418: Parent: Created child process 2364
[Tue Sep 30 13:10:48.563384 2025] [ssl:warn] [pid 2364:tid 436] AH01909: www.example.com:443:0 server certificate does NOT include an ID which matches the server name
[Tue Sep 30 13:10:48.614352 2025] [ssl:warn] [pid 2364:tid 436] AH01909: www.example.com:443:0 server certificate does NOT include an ID which matches the server name
[Tue Sep 30 13:10:48.666489 2025] [mpm_winnt:notice] [pid 2364:tid 436] AH00354: Child: Starting 150 worker threads.
[Tue Sep 30 13:18:17.620592 2025] [ssl:warn] [pid 2212:tid 404] AH01909: www.example.com:443:0 server certificate does NOT include an ID which matches the server name
[Tue Sep 30 13:18:17.667466 2025] [ssl:warn] [pid 2212:tid 404] AH01909: www.example.com:443:0 server certificate does NOT include an ID which matches the server name
[Tue Sep 30 13:18:17.870584 2025] [mpm_winnt:notice] [pid 2212:tid 404] AH00455: Apache/2.4.58 (Win64) OpenSSL/3.1.3 PHP/8.2.12 configured -- resuming normal operations
[Tue Sep 30 13:18:17.870584 2025] [mpm_winnt:notice] [pid 2212:tid 404] AH00456: Apache Lounge VS17 Server built: Oct 18 2023 13:03:18
[Tue Sep 30 13:18:17.870584 2025] [core:notice] [pid 2212:tid 404] AH00094: Command line: 'C:\\xampp\\apache\\bin\\httpd.exe -d C:/xampp/apache'
[Tue Sep 30 13:18:17.870584 2025] [mpm_winnt:notice] [pid 2212:tid 404] AH00418: Parent: Created child process 4420
[Tue Sep 30 13:18:18.698682 2025] [ssl:warn] [pid 4420:tid 420] AH01909: www.example.com:443:0 server certificate does NOT include an ID which matches the server name
[Tue Sep 30 13:18:18.761182 2025] [ssl:warn] [pid 4420:tid 420] AH01909: www.example.com:443:0 server certificate does NOT include an ID which matches the server name
[Tue Sep 30 13:18:18.808053 2025] [mpm_winnt:notice] [pid 4420:tid 420] AH00354: Child: Starting 150 worker threads.
[Tue Sep 30 13:30:51.460883 2025] [mpm_winnt:notice] [pid 2212:tid 404] AH00422: Parent: Received shutdown signal -- Shutting down the server.
[Tue Sep 30 13:30:53.485469 2025] [mpm_winnt:notice] [pid 4420:tid 420] AH00364: Child: All worker threads have exited.
[Tue Sep 30 13:30:53.527444 2025] [mpm_winnt:notice] [pid 2212:tid 404] AH00430: Parent: Child process 4420 exited successfully.
[Tue Sep 30 13:32:59.487388 2025] [ssl:warn] [pid 9872:tid 404] AH01909: www.example.com:443:0 server certificate does NOT include an ID which matches the server name
[Tue Sep 30 13:32:59.530489 2025] [ssl:warn] [pid 9872:tid 404] AH01909: www.example.com:443:0 server certificate does NOT include an ID which matches the server name
[Tue Sep 30 13:33:00.059639 2025] [mpm_winnt:notice] [pid 9872:tid 404] AH00455: Apache/2.4.58 (Win64) OpenSSL/3.1.3 PHP/8.2.12 configured -- resuming normal operations
[Tue Sep 30 13:33:00.059639 2025] [mpm_winnt:notice] [pid 9872:tid 404] AH00456: Apache Lounge VS17 Server built: Oct 18 2023 13:03:18
[Tue Sep 30 13:33:00.059639 2025] [core:notice] [pid 9872:tid 404] AH00094: Command line: 'C:\\xampp\\apache\\bin\\httpd.exe -d C:/xampp/apache'
[Tue Sep 30 13:33:00.062637 2025] [mpm_winnt:notice] [pid 9872:tid 404] AH00418: Parent: Created child process 9852
[Tue Sep 30 13:33:00.515230 2025] [ssl:warn] [pid 9852:tid 420] AH01909: www.example.com:443:0 server certificate does NOT include an ID which matches the server name
[Tue Sep 30 13:33:00.555723 2025] [ssl:warn] [pid 9852:tid 420] AH01909: www.example.com:443:0 server certificate does NOT include an ID which matches the server name
[Tue Sep 30 13:33:00.603692 2025] [mpm_winnt:notice] [pid 9852:tid 420] AH00354: Child: Starting 150 worker threads.
[Tue Sep 30 15:04:58.950685 2025] [mpm_winnt:notice] [pid 9872:tid 404] AH00422: Parent: Received shutdown signal -- Shutting down the server.
[Tue Sep 30 15:05:00.981876 2025] [mpm_winnt:notice] [pid 9852:tid 420] AH00364: Child: All worker threads have exited.
[Tue Sep 30 15:05:01.028742 2025] [mpm_winnt:notice] [pid 9872:tid 404] AH00430: Parent: Child process 9852 exited successfully.
[Tue Sep 30 15:05:30.966981 2025] [ssl:warn] [pid 2384:tid 412] AH01909: www.example.com:443:0 server certificate does NOT include an ID which matches the server name
[Tue Sep 30 15:05:31.013854 2025] [ssl:warn] [pid 2384:tid 412] AH01909: www.example.com:443:0 server certificate does NOT include an ID which matches the server name
[Tue Sep 30 15:05:31.232597 2025] [mpm_winnt:notice] [pid 2384:tid 412] AH00455: Apache/2.4.58 (Win64) OpenSSL/3.1.3 PHP/8.2.12 configured -- resuming normal operations
[Tue Sep 30 15:05:31.232597 2025] [mpm_winnt:notice] [pid 2384:tid 412] AH00456: Apache Lounge VS17 Server built: Oct 18 2023 13:03:18
[Tue Sep 30 15:05:31.232597 2025] [core:notice] [pid 2384:tid 412] AH00094: Command line: 'C:\\xampp\\apache\\bin\\httpd.exe -d C:/xampp/apache'
[Tue Sep 30 15:05:31.232597 2025] [mpm_winnt:notice] [pid 2384:tid 412] AH00418: Parent: Created child process 4616
[Tue Sep 30 15:05:32.045070 2025] [ssl:warn] [pid 4616:tid 440] AH01909: www.example.com:443:0 server certificate does NOT include an ID which matches the server name
[Tue Sep 30 15:05:32.076319 2025] [ssl:warn] [pid 4616:tid 440] AH01909: www.example.com:443:0 server certificate does NOT include an ID which matches the server name
[Tue Sep 30 15:05:32.123192 2025] [mpm_winnt:notice] [pid 4616:tid 440] AH00354: Child: Starting 150 worker threads.
[Wed Oct 01 09:40:09.249127 2025] [mpm_winnt:notice] [pid 2384:tid 412] AH00422: Parent: Received shutdown signal -- Shutting down the server.
[Wed Oct 01 09:40:11.295937 2025] [mpm_winnt:notice] [pid 4616:tid 440] AH00364: Child: All worker threads have exited.
[Wed Oct 01 09:40:11.436555 2025] [mpm_winnt:notice] [pid 2384:tid 412] AH00430: Parent: Child process 4616 exited successfully.
[Wed Oct 01 09:40:40.563217 2025] [ssl:warn] [pid 2068:tid 404] AH01909: www.example.com:443:0 server certificate does NOT include an ID which matches the server name
[Wed Oct 01 09:40:40.641340 2025] [ssl:warn] [pid 2068:tid 404] AH01909: www.example.com:443:0 server certificate does NOT include an ID which matches the server name
[Wed Oct 01 09:40:40.860082 2025] [mpm_winnt:notice] [pid 2068:tid 404] AH00455: Apache/2.4.58 (Win64) OpenSSL/3.1.3 PHP/8.2.12 configured -- resuming normal operations
[Wed Oct 01 09:40:40.860082 2025] [mpm_winnt:notice] [pid 2068:tid 404] AH00456: Apache Lounge VS17 Server built: Oct 18 2023 13:03:18
[Wed Oct 01 09:40:40.860082 2025] [core:notice] [pid 2068:tid 404] AH00094: Command line: 'C:\\xampp\\apache\\bin\\httpd.exe -d C:/xampp/apache'
[Wed Oct 01 09:40:40.860082 2025] [mpm_winnt:notice] [pid 2068:tid 404] AH00418: Parent: Created child process 4328
[Wed Oct 01 09:40:41.594432 2025] [ssl:warn] [pid 4328:tid 420] AH01909: www.example.com:443:0 server certificate does NOT include an ID which matches the server name
[Wed Oct 01 09:40:41.625681 2025] [ssl:warn] [pid 4328:tid 420] AH01909: www.example.com:443:0 server certificate does NOT include an ID which matches the server name
[Wed Oct 01 09:40:41.688179 2025] [mpm_winnt:notice] [pid 4328:tid 420] AH00354: Child: Starting 150 worker threads.
[Fri Oct 03 10:51:19.649328 2025] [ssl:warn] [pid 2892:tid 404] AH01909: www.example.com:443:0 server certificate does NOT include an ID which matches the server name
[Fri Oct 03 10:51:19.696201 2025] [core:warn] [pid 2892:tid 404] AH00098: pid file C:/xampp/apache/logs/httpd.pid overwritten -- Unclean shutdown of previous Apache run?
[Fri Oct 03 10:51:19.696201 2025] [ssl:warn] [pid 2892:tid 404] AH01909: www.example.com:443:0 server certificate does NOT include an ID which matches the server name
[Fri Oct 03 10:51:19.993067 2025] [mpm_winnt:notice] [pid 2892:tid 404] AH00455: Apache/2.4.58 (Win64) OpenSSL/3.1.3 PHP/8.2.12 configured -- resuming normal operations
[Fri Oct 03 10:51:19.993067 2025] [mpm_winnt:notice] [pid 2892:tid 404] AH00456: Apache Lounge VS17 Server built: Oct 18 2023 13:03:18
[Fri Oct 03 10:51:19.993067 2025] [core:notice] [pid 2892:tid 404] AH00094: Command line: 'C:\\xampp\\apache\\bin\\httpd.exe -d C:/xampp/apache'
[Fri Oct 03 10:51:19.993067 2025] [mpm_winnt:notice] [pid 2892:tid 404] AH00418: Parent: Created child process 4340
[Fri Oct 03 10:51:21.164901 2025] [ssl:warn] [pid 4340:tid 420] AH01909: www.example.com:443:0 server certificate does NOT include an ID which matches the server name
[Fri Oct 03 10:51:21.196150 2025] [ssl:warn] [pid 4340:tid 420] AH01909: www.example.com:443:0 server certificate does NOT include an ID which matches the server name
[Fri Oct 03 10:51:21.243024 2025] [mpm_winnt:notice] [pid 4340:tid 420] AH00354: Child: Starting 150 worker threads.
[Fri Oct 03 11:41:43.214683 2025] [ssl:warn] [pid 2896:tid 404] AH01909: www.example.com:443:0 server certificate does NOT include an ID which matches the server name
[Fri Oct 03 11:41:43.261557 2025] [core:warn] [pid 2896:tid 404] AH00098: pid file C:/xampp/apache/logs/httpd.pid overwritten -- Unclean shutdown of previous Apache run?
[Fri Oct 03 11:41:43.261557 2025] [ssl:warn] [pid 2896:tid 404] AH01909: www.example.com:443:0 server certificate does NOT include an ID which matches the server name
[Fri Oct 03 11:41:43.495924 2025] [mpm_winnt:notice] [pid 2896:tid 404] AH00455: Apache/2.4.58 (Win64) OpenSSL/3.1.3 PHP/8.2.12 configured -- resuming normal operations
[Fri Oct 03 11:41:43.495924 2025] [mpm_winnt:notice] [pid 2896:tid 404] AH00456: Apache Lounge VS17 Server built: Oct 18 2023 13:03:18
[Fri Oct 03 11:41:43.495924 2025] [core:notice] [pid 2896:tid 404] AH00094: Command line: 'C:\\xampp\\apache\\bin\\httpd.exe -d C:/xampp/apache'
[Fri Oct 03 11:41:43.495924 2025] [mpm_winnt:notice] [pid 2896:tid 404] AH00418: Parent: Created child process 4508
[Fri Oct 03 11:41:44.558389 2025] [ssl:warn] [pid 4508:tid 420] AH01909: www.example.com:443:0 server certificate does NOT include an ID which matches the server name
[Fri Oct 03 11:41:44.589638 2025] [ssl:warn] [pid 4508:tid 420] AH01909: www.example.com:443:0 server certificate does NOT include an ID which matches the server name
[Fri Oct 03 11:41:44.636511 2025] [mpm_winnt:notice] [pid 4508:tid 420] AH00354: Child: Starting 150 worker threads.
[Fri Oct 03 13:42:56.100694 2025] [mpm_winnt:notice] [pid 2896:tid 404] AH00422: Parent: Received shutdown signal -- Shutting down the server.
[Fri Oct 03 13:42:58.147507 2025] [mpm_winnt:notice] [pid 4508:tid 420] AH00364: Child: All worker threads have exited.
[Fri Oct 03 13:42:58.178758 2025] [mpm_winnt:notice] [pid 2896:tid 404] AH00430: Parent: Child process 4508 exited successfully.
[Fri Oct 03 13:43:27.810319 2025] [ssl:warn] [pid 3008:tid 404] AH01909: www.example.com:443:0 server certificate does NOT include an ID which matches the server name
[Fri Oct 03 13:43:27.857192 2025] [ssl:warn] [pid 3008:tid 404] AH01909: www.example.com:443:0 server certificate does NOT include an ID which matches the server name
[Fri Oct 03 13:43:28.107184 2025] [mpm_winnt:notice] [pid 3008:tid 404] AH00455: Apache/2.4.58 (Win64) OpenSSL/3.1.3 PHP/8.2.12 configured -- resuming normal operations
[Fri Oct 03 13:43:28.107184 2025] [mpm_winnt:notice] [pid 3008:tid 404] AH00456: Apache Lounge VS17 Server built: Oct 18 2023 13:03:18
[Fri Oct 03 13:43:28.107184 2025] [core:notice] [pid 3008:tid 404] AH00094: Command line: 'C:\\xampp\\apache\\bin\\httpd.exe -d C:/xampp/apache'
[Fri Oct 03 13:43:28.107184 2025] [mpm_winnt:notice] [pid 3008:tid 404] AH00418: Parent: Created child process 4548
[Fri Oct 03 13:43:28.950904 2025] [ssl:warn] [pid 4548:tid 424] AH01909: www.example.com:443:0 server certificate does NOT include an ID which matches the server name
[Fri Oct 03 13:43:29.029027 2025] [ssl:warn] [pid 4548:tid 424] AH01909: www.example.com:443:0 server certificate does NOT include an ID which matches the server name
[Fri Oct 03 13:43:29.091524 2025] [mpm_winnt:notice] [pid 4548:tid 424] AH00354: Child: Starting 150 worker threads.
[Fri Oct 03 16:24:03.035073 2025] [mpm_winnt:notice] [pid 3008:tid 404] AH00422: Parent: Received shutdown signal -- Shutting down the server.
[Fri Oct 03 16:24:05.097504 2025] [mpm_winnt:notice] [pid 4548:tid 424] AH00364: Child: All worker threads have exited.
[Fri Oct 03 16:24:05.238171 2025] [mpm_winnt:notice] [pid 3008:tid 404] AH00430: Parent: Child process 4548 exited successfully.
[Fri Oct 03 16:24:36.792905 2025] [ssl:warn] [pid 3100:tid 404] AH01909: www.example.com:443:0 server certificate does NOT include an ID which matches the server name
[Fri Oct 03 16:24:36.839779 2025] [ssl:warn] [pid 3100:tid 404] AH01909: www.example.com:443:0 server certificate does NOT include an ID which matches the server name
[Fri Oct 03 16:24:37.011647 2025] [mpm_winnt:notice] [pid 3100:tid 404] AH00455: Apache/2.4.58 (Win64) OpenSSL/3.1.3 PHP/8.2.12 configured -- resuming normal operations
[Fri Oct 03 16:24:37.011647 2025] [mpm_winnt:notice] [pid 3100:tid 404] AH00456: Apache Lounge VS17 Server built: Oct 18 2023 13:03:18
[Fri Oct 03 16:24:37.011647 2025] [core:notice] [pid 3100:tid 404] AH00094: Command line: 'C:\\xampp\\apache\\bin\\httpd.exe -d C:/xampp/apache'
[Fri Oct 03 16:24:37.011647 2025] [mpm_winnt:notice] [pid 3100:tid 404] AH00418: Parent: Created child process 4496
[Fri Oct 03 16:24:37.824119 2025] [ssl:warn] [pid 4496:tid 420] AH01909: www.example.com:443:0 server certificate does NOT include an ID which matches the server name
[Fri Oct 03 16:24:37.870993 2025] [ssl:warn] [pid 4496:tid 420] AH01909: www.example.com:443:0 server certificate does NOT include an ID which matches the server name
[Fri Oct 03 16:24:37.949115 2025] [mpm_winnt:notice] [pid 4496:tid 420] AH00354: Child: Starting 150 worker threads.
[Tue Oct 07 18:24:11.316202 2025] [ssl:warn] [pid 2856:tid 404] AH01909: www.example.com:443:0 server certificate does NOT include an ID which matches the server name
[Tue Oct 07 18:24:11.347450 2025] [core:warn] [pid 2856:tid 404] AH00098: pid file C:/xampp/apache/logs/httpd.pid overwritten -- Unclean shutdown of previous Apache run?
[Tue Oct 07 18:24:11.347450 2025] [ssl:warn] [pid 2856:tid 404] AH01909: www.example.com:443:0 server certificate does NOT include an ID which matches the server name
[Tue Oct 07 18:24:11.722438 2025] [mpm_winnt:notice] [pid 2856:tid 404] AH00455: Apache/2.4.58 (Win64) OpenSSL/3.1.3 PHP/8.2.12 configured -- resuming normal operations
[Tue Oct 07 18:24:11.722438 2025] [mpm_winnt:notice] [pid 2856:tid 404] AH00456: Apache Lounge VS17 Server built: Oct 18 2023 13:03:18
[Tue Oct 07 18:24:11.722438 2025] [core:notice] [pid 2856:tid 404] AH00094: Command line: 'C:\\xampp\\apache\\bin\\httpd.exe -d C:/xampp/apache'
[Tue Oct 07 18:24:11.722438 2025] [mpm_winnt:notice] [pid 2856:tid 404] AH00418: Parent: Created child process 4364
[Tue Oct 07 18:24:12.816151 2025] [ssl:warn] [pid 4364:tid 444] AH01909: www.example.com:443:0 server certificate does NOT include an ID which matches the server name
[Tue Oct 07 18:24:12.847400 2025] [ssl:warn] [pid 4364:tid 444] AH01909: www.example.com:443:0 server certificate does NOT include an ID which matches the server name
[Tue Oct 07 18:24:12.894274 2025] [mpm_winnt:notice] [pid 4364:tid 444] AH00354: Child: Starting 150 worker threads.
[Wed Oct 08 11:35:26.661712 2025] [ssl:warn] [pid 2996:tid 404] AH01909: www.example.com:443:0 server certificate does NOT include an ID which matches the server name
[Wed Oct 08 11:35:26.927329 2025] [core:warn] [pid 2996:tid 404] AH00098: pid file C:/xampp/apache/logs/httpd.pid overwritten -- Unclean shutdown of previous Apache run?
[Wed Oct 08 11:35:26.927329 2025] [ssl:warn] [pid 2996:tid 404] AH01909: www.example.com:443:0 server certificate does NOT include an ID which matches the server name
[Wed Oct 08 11:35:27.177321 2025] [mpm_winnt:notice] [pid 2996:tid 404] AH00455: Apache/2.4.58 (Win64) OpenSSL/3.1.3 PHP/8.2.12 configured -- resuming normal operations
[Wed Oct 08 11:35:27.177321 2025] [mpm_winnt:notice] [pid 2996:tid 404] AH00456: Apache Lounge VS17 Server built: Oct 18 2023 13:03:18
[Wed Oct 08 11:35:27.177321 2025] [core:notice] [pid 2996:tid 404] AH00094: Command line: 'C:\\xampp\\apache\\bin\\httpd.exe -d C:/xampp/apache'
[Wed Oct 08 11:35:27.177321 2025] [mpm_winnt:notice] [pid 2996:tid 404] AH00418: Parent: Created child process 4424
[Wed Oct 08 11:35:28.224159 2025] [ssl:warn] [pid 4424:tid 420] AH01909: www.example.com:443:0 server certificate does NOT include an ID which matches the server name
[Wed Oct 08 11:35:28.255409 2025] [ssl:warn] [pid 4424:tid 420] AH01909: www.example.com:443:0 server certificate does NOT include an ID which matches the server name
[Wed Oct 08 11:35:28.317907 2025] [mpm_winnt:notice] [pid 4424:tid 420] AH00354: Child: Starting 150 worker threads.
[Wed Oct 08 18:57:04.576488 2025] [ssl:warn] [pid 2948:tid 404] AH01909: www.example.com:443:0 server certificate does NOT include an ID which matches the server name
[Wed Oct 08 18:57:04.654611 2025] [core:warn] [pid 2948:tid 404] AH00098: pid file C:/xampp/apache/logs/httpd.pid overwritten -- Unclean shutdown of previous Apache run?
[Wed Oct 08 18:57:04.654611 2025] [ssl:warn] [pid 2948:tid 404] AH01909: www.example.com:443:0 server certificate does NOT include an ID which matches the server name
[Wed Oct 08 18:57:05.076472 2025] [mpm_winnt:notice] [pid 2948:tid 404] AH00455: Apache/2.4.58 (Win64) OpenSSL/3.1.3 PHP/8.2.12 configured -- resuming normal operations
[Wed Oct 08 18:57:05.076472 2025] [mpm_winnt:notice] [pid 2948:tid 404] AH00456: Apache Lounge VS17 Server built: Oct 18 2023 13:03:18
[Wed Oct 08 18:57:05.076472 2025] [core:notice] [pid 2948:tid 404] AH00094: Command line: 'C:\\xampp\\apache\\bin\\httpd.exe -d C:/xampp/apache'
[Wed Oct 08 18:57:05.076472 2025] [mpm_winnt:notice] [pid 2948:tid 404] AH00418: Parent: Created child process 4884
[Wed Oct 08 18:57:05.935817 2025] [ssl:warn] [pid 4884:tid 424] AH01909: www.example.com:443:0 server certificate does NOT include an ID which matches the server name
[Wed Oct 08 18:57:05.967067 2025] [ssl:warn] [pid 4884:tid 424] AH01909: www.example.com:443:0 server certificate does NOT include an ID which matches the server name
[Wed Oct 08 18:57:06.060813 2025] [mpm_winnt:notice] [pid 4884:tid 424] AH00354: Child: Starting 150 worker threads.
[Thu Oct 09 17:24:24.231469 2025] [mpm_winnt:notice] [pid 2948:tid 404] AH00422: Parent: Received shutdown signal -- Shutting down the server.
[Thu Oct 09 17:24:26.262230 2025] [mpm_winnt:notice] [pid 4884:tid 424] AH00364: Child: All worker threads have exited.
[Thu Oct 09 17:24:26.391368 2025] [mpm_winnt:notice] [pid 2948:tid 404] AH00430: Parent: Child process 4884 exited successfully.
[Thu Oct 09 19:21:08.446890 2025] [ssl:warn] [pid 2880:tid 404] AH01909: www.example.com:443:0 server certificate does NOT include an ID which matches the server name
[Thu Oct 09 19:21:08.478146 2025] [ssl:warn] [pid 2880:tid 404] AH01909: www.example.com:443:0 server certificate does NOT include an ID which matches the server name
[Thu Oct 09 19:21:08.791365 2025] [mpm_winnt:notice] [pid 2880:tid 404] AH00455: Apache/2.4.58 (Win64) OpenSSL/3.1.3 PHP/8.2.12 configured -- resuming normal operations
[Thu Oct 09 19:21:08.791365 2025] [mpm_winnt:notice] [pid 2880:tid 404] AH00456: Apache Lounge VS17 Server built: Oct 18 2023 13:03:18
[Thu Oct 09 19:21:08.791365 2025] [core:notice] [pid 2880:tid 404] AH00094: Command line: 'C:\\xampp\\apache\\bin\\httpd.exe -d C:/xampp/apache'
[Thu Oct 09 19:21:08.791365 2025] [mpm_winnt:notice] [pid 2880:tid 404] AH00418: Parent: Created child process 4392
[Thu Oct 09 19:21:09.791067 2025] [ssl:warn] [pid 4392:tid 420] AH01909: www.example.com:443:0 server certificate does NOT include an ID which matches the server name
[Thu Oct 09 19:21:09.821722 2025] [ssl:warn] [pid 4392:tid 420] AH01909: www.example.com:443:0 server certificate does NOT include an ID which matches the server name
[Thu Oct 09 19:21:09.878636 2025] [mpm_winnt:notice] [pid 4392:tid 420] AH00354: Child: Starting 150 worker threads.
[Thu Oct 09 19:43:18.726269 2025] [mpm_winnt:notice] [pid 2880:tid 404] AH00422: Parent: Received shutdown signal -- Shutting down the server.
[Thu Oct 09 19:43:20.772923 2025] [mpm_winnt:notice] [pid 4392:tid 420] AH00364: Child: All worker threads have exited.
[Thu Oct 09 19:43:20.935248 2025] [mpm_winnt:notice] [pid 2880:tid 404] AH00430: Parent: Child process 4392 exited successfully.
[Fri Oct 10 08:35:31.064065 2025] [ssl:warn] [pid 3080:tid 404] AH01909: www.example.com:443:0 server certificate does NOT include an ID which matches the server name
[Fri Oct 10 08:35:31.109352 2025] [ssl:warn] [pid 3080:tid 404] AH01909: www.example.com:443:0 server certificate does NOT include an ID which matches the server name
[Fri Oct 10 08:35:31.314995 2025] [mpm_winnt:notice] [pid 3080:tid 404] AH00455: Apache/2.4.58 (Win64) OpenSSL/3.1.3 PHP/8.2.12 configured -- resuming normal operations
[Fri Oct 10 08:35:31.314995 2025] [mpm_winnt:notice] [pid 3080:tid 404] AH00456: Apache Lounge VS17 Server built: Oct 18 2023 13:03:18
[Fri Oct 10 08:35:31.314995 2025] [core:notice] [pid 3080:tid 404] AH00094: Command line: 'C:\\xampp\\apache\\bin\\httpd.exe -d C:/xampp/apache'
[Fri Oct 10 08:35:31.330627 2025] [mpm_winnt:notice] [pid 3080:tid 404] AH00418: Parent: Created child process 5064
[Fri Oct 10 08:35:32.291054 2025] [ssl:warn] [pid 5064:tid 424] AH01909: www.example.com:443:0 server certificate does NOT include an ID which matches the server name
[Fri Oct 10 08:35:32.329313 2025] [ssl:warn] [pid 5064:tid 424] AH01909: www.example.com:443:0 server certificate does NOT include an ID which matches the server name
[Fri Oct 10 08:35:32.388229 2025] [mpm_winnt:notice] [pid 5064:tid 424] AH00354: Child: Starting 150 worker threads.
[Sat Oct 11 07:29:57.272652 2025] [ssl:warn] [pid 2936:tid 404] AH01909: www.example.com:443:0 server certificate does NOT include an ID which matches the server name
[Sat Oct 11 07:29:57.303907 2025] [core:warn] [pid 2936:tid 404] AH00098: pid file C:/xampp/apache/logs/httpd.pid overwritten -- Unclean shutdown of previous Apache run?
[Sat Oct 11 07:29:57.303907 2025] [ssl:warn] [pid 2936:tid 404] AH01909: www.example.com:443:0 server certificate does NOT include an ID which matches the server name
[Sat Oct 11 07:29:57.722974 2025] [mpm_winnt:notice] [pid 2936:tid 404] AH00455: Apache/2.4.58 (Win64) OpenSSL/3.1.3 PHP/8.2.12 configured -- resuming normal operations
[Sat Oct 11 07:29:57.722974 2025] [mpm_winnt:notice] [pid 2936:tid 404] AH00456: Apache Lounge VS17 Server built: Oct 18 2023 13:03:18
[Sat Oct 11 07:29:57.722974 2025] [core:notice] [pid 2936:tid 404] AH00094: Command line: 'C:\\xampp\\apache\\bin\\httpd.exe -d C:/xampp/apache'
[Sat Oct 11 07:29:57.722974 2025] [mpm_winnt:notice] [pid 2936:tid 404] AH00418: Parent: Created child process 4636
[Sat Oct 11 07:29:58.845651 2025] [ssl:warn] [pid 4636:tid 420] AH01909: www.example.com:443:0 server certificate does NOT include an ID which matches the server name
[Sat Oct 11 07:29:58.908482 2025] [ssl:warn] [pid 4636:tid 420] AH01909: www.example.com:443:0 server certificate does NOT include an ID which matches the server name
[Sat Oct 11 07:29:58.958277 2025] [mpm_winnt:notice] [pid 4636:tid 420] AH00354: Child: Starting 150 worker threads.
[Tue Oct 14 16:05:44.955644 2025] [ssl:warn] [pid 2876:tid 140] AH01909: www.example.com:443:0 server certificate does NOT include an ID which matches the server name
[Tue Oct 14 16:05:45.003539 2025] [core:warn] [pid 2876:tid 140] AH00098: pid file C:/xampp/apache/logs/httpd.pid overwritten -- Unclean shutdown of previous Apache run?
[Tue Oct 14 16:05:45.003539 2025] [ssl:warn] [pid 2876:tid 140] AH01909: www.example.com:443:0 server certificate does NOT include an ID which matches the server name
[Tue Oct 14 16:05:45.558891 2025] [mpm_winnt:notice] [pid 2876:tid 140] AH00455: Apache/2.4.58 (Win64) OpenSSL/3.1.3 PHP/8.2.12 configured -- resuming normal operations
[Tue Oct 14 16:05:45.558891 2025] [mpm_winnt:notice] [pid 2876:tid 140] AH00456: Apache Lounge VS17 Server built: Oct 18 2023 13:03:18
[Tue Oct 14 16:05:45.558891 2025] [core:notice] [pid 2876:tid 140] AH00094: Command line: 'C:\\xampp\\apache\\bin\\httpd.exe -d C:/xampp/apache'
[Tue Oct 14 16:05:45.558891 2025] [mpm_winnt:notice] [pid 2876:tid 140] AH00418: Parent: Created child process 5072
[Tue Oct 14 16:05:46.567652 2025] [ssl:warn] [pid 5072:tid 420] AH01909: www.example.com:443:0 server certificate does NOT include an ID which matches the server name
[Tue Oct 14 16:05:46.633671 2025] [ssl:warn] [pid 5072:tid 420] AH01909: www.example.com:443:0 server certificate does NOT include an ID which matches the server name
[Tue Oct 14 16:05:46.709714 2025] [mpm_winnt:notice] [pid 5072:tid 420] AH00354: Child: Starting 150 worker threads.
[Tue Oct 14 16:15:35.969912 2025] [ssl:warn] [pid 2908:tid 420] AH01909: www.example.com:443:0 server certificate does NOT include an ID which matches the server name
[Tue Oct 14 16:15:36.012188 2025] [core:warn] [pid 2908:tid 420] AH00098: pid file C:/xampp/apache/logs/httpd.pid overwritten -- Unclean shutdown of previous Apache run?
[Tue Oct 14 16:15:36.012188 2025] [ssl:warn] [pid 2908:tid 420] AH01909: www.example.com:443:0 server certificate does NOT include an ID which matches the server name
[Tue Oct 14 16:15:36.207110 2025] [mpm_winnt:notice] [pid 2908:tid 420] AH00455: Apache/2.4.58 (Win64) OpenSSL/3.1.3 PHP/8.2.12 configured -- resuming normal operations
[Tue Oct 14 16:15:36.207110 2025] [mpm_winnt:notice] [pid 2908:tid 420] AH00456: Apache Lounge VS17 Server built: Oct 18 2023 13:03:18
[Tue Oct 14 16:15:36.207110 2025] [core:notice] [pid 2908:tid 420] AH00094: Command line: 'C:\\xampp\\apache\\bin\\httpd.exe -d C:/xampp/apache'
[Tue Oct 14 16:15:36.207110 2025] [mpm_winnt:notice] [pid 2908:tid 420] AH00418: Parent: Created child process 4616
[Tue Oct 14 16:15:37.329232 2025] [ssl:warn] [pid 4616:tid 420] AH01909: www.example.com:443:0 server certificate does NOT include an ID which matches the server name
[Tue Oct 14 16:15:37.369003 2025] [ssl:warn] [pid 4616:tid 420] AH01909: www.example.com:443:0 server certificate does NOT include an ID which matches the server name
[Tue Oct 14 16:15:37.424402 2025] [mpm_winnt:notice] [pid 4616:tid 420] AH00354: Child: Starting 150 worker threads.
[Wed Oct 15 14:14:02.779228 2025] [ssl:warn] [pid 2912:tid 404] AH01909: www.example.com:443:0 server certificate does NOT include an ID which matches the server name
[Wed Oct 15 14:14:03.012414 2025] [core:warn] [pid 2912:tid 404] AH00098: pid file C:/xampp/apache/logs/httpd.pid overwritten -- Unclean shutdown of previous Apache run?
[Wed Oct 15 14:14:03.012414 2025] [ssl:warn] [pid 2912:tid 404] AH01909: www.example.com:443:0 server certificate does NOT include an ID which matches the server name
[Wed Oct 15 14:14:03.343218 2025] [mpm_winnt:notice] [pid 2912:tid 404] AH00455: Apache/2.4.58 (Win64) OpenSSL/3.1.3 PHP/8.2.12 configured -- resuming normal operations
[Wed Oct 15 14:14:03.343218 2025] [mpm_winnt:notice] [pid 2912:tid 404] AH00456: Apache Lounge VS17 Server built: Oct 18 2023 13:03:18
[Wed Oct 15 14:14:03.343218 2025] [core:notice] [pid 2912:tid 404] AH00094: Command line: 'C:\\xampp\\apache\\bin\\httpd.exe -d C:/xampp/apache'
[Wed Oct 15 14:14:03.343218 2025] [mpm_winnt:notice] [pid 2912:tid 404] AH00418: Parent: Created child process 4396
[Wed Oct 15 14:14:04.509867 2025] [ssl:warn] [pid 4396:tid 420] AH01909: www.example.com:443:0 server certificate does NOT include an ID which matches the server name
[Wed Oct 15 14:14:04.538919 2025] [ssl:warn] [pid 4396:tid 420] AH01909: www.example.com:443:0 server certificate does NOT include an ID which matches the server name
[Wed Oct 15 14:14:04.587803 2025] [mpm_winnt:notice] [pid 4396:tid 420] AH00354: Child: Starting 150 worker threads.
[Thu Oct 16 15:14:33.501290 2025] [ssl:warn] [pid 2740:tid 404] AH01909: www.example.com:443:0 server certificate does NOT include an ID which matches the server name
[Thu Oct 16 15:14:33.532540 2025] [core:warn] [pid 2740:tid 404] AH00098: pid file C:/xampp/apache/logs/httpd.pid overwritten -- Unclean shutdown of previous Apache run?
[Thu Oct 16 15:14:33.532540 2025] [ssl:warn] [pid 2740:tid 404] AH01909: www.example.com:443:0 server certificate does NOT include an ID which matches the server name
[Thu Oct 16 15:14:33.704408 2025] [mpm_winnt:notice] [pid 2740:tid 404] AH00455: Apache/2.4.58 (Win64) OpenSSL/3.1.3 PHP/8.2.12 configured -- resuming normal operations
[Thu Oct 16 15:14:33.704408 2025] [mpm_winnt:notice] [pid 2740:tid 404] AH00456: Apache Lounge VS17 Server built: Oct 18 2023 13:03:18
[Thu Oct 16 15:14:33.704408 2025] [core:notice] [pid 2740:tid 404] AH00094: Command line: 'C:\\xampp\\apache\\bin\\httpd.exe -d C:/xampp/apache'
[Thu Oct 16 15:14:33.704408 2025] [mpm_winnt:notice] [pid 2740:tid 404] AH00418: Parent: Created child process 4244
[Thu Oct 16 15:14:35.058767 2025] [ssl:warn] [pid 4244:tid 420] AH01909: www.example.com:443:0 server certificate does NOT include an ID which matches the server name
[Thu Oct 16 15:14:35.090017 2025] [ssl:warn] [pid 4244:tid 420] AH01909: www.example.com:443:0 server certificate does NOT include an ID which matches the server name
[Thu Oct 16 15:14:35.136891 2025] [mpm_winnt:notice] [pid 4244:tid 420] AH00354: Child: Starting 150 worker threads.
[Sun Oct 19 08:11:58.342368 2025] [ssl:warn] [pid 2844:tid 404] AH01909: www.example.com:443:0 server certificate does NOT include an ID which matches the server name
[Sun Oct 19 08:11:58.378128 2025] [core:warn] [pid 2844:tid 404] AH00098: pid file C:/xampp/apache/logs/httpd.pid overwritten -- Unclean shutdown of previous Apache run?
[Sun Oct 19 08:11:58.378128 2025] [ssl:warn] [pid 2844:tid 404] AH01909: www.example.com:443:0 server certificate does NOT include an ID which matches the server name
[Sun Oct 19 08:11:58.613303 2025] [mpm_winnt:notice] [pid 2844:tid 404] AH00455: Apache/2.4.58 (Win64) OpenSSL/3.1.3 PHP/8.2.12 configured -- resuming normal operations
[Sun Oct 19 08:11:58.613303 2025] [mpm_winnt:notice] [pid 2844:tid 404] AH00456: Apache Lounge VS17 Server built: Oct 18 2023 13:03:18
[Sun Oct 19 08:11:58.613303 2025] [core:notice] [pid 2844:tid 404] AH00094: Command line: 'C:\\xampp\\apache\\bin\\httpd.exe -d C:/xampp/apache'
[Sun Oct 19 08:11:58.628933 2025] [mpm_winnt:notice] [pid 2844:tid 404] AH00418: Parent: Created child process 4412
[Sun Oct 19 08:12:00.002355 2025] [ssl:warn] [pid 4412:tid 452] AH01909: www.example.com:443:0 server certificate does NOT include an ID which matches the server name
[Sun Oct 19 08:12:00.033609 2025] [ssl:warn] [pid 4412:tid 452] AH01909: www.example.com:443:0 server certificate does NOT include an ID which matches the server name
[Sun Oct 19 08:12:00.091515 2025] [mpm_winnt:notice] [pid 4412:tid 452] AH00354: Child: Starting 150 worker threads.
[Tue Oct 21 14:32:42.851476 2025] [ssl:warn] [pid 3068:tid 404] AH01909: www.example.com:443:0 server certificate does NOT include an ID which matches the server name
[Tue Oct 21 14:32:42.917386 2025] [core:warn] [pid 3068:tid 404] AH00098: pid file C:/xampp/apache/logs/httpd.pid overwritten -- Unclean shutdown of previous Apache run?
[Tue Oct 21 14:32:42.919402 2025] [ssl:warn] [pid 3068:tid 404] AH01909: www.example.com:443:0 server certificate does NOT include an ID which matches the server name
[Tue Oct 21 14:32:43.421429 2025] [mpm_winnt:notice] [pid 3068:tid 404] AH00455: Apache/2.4.58 (Win64) OpenSSL/3.1.3 PHP/8.2.12 configured -- resuming normal operations
[Tue Oct 21 14:32:43.421429 2025] [mpm_winnt:notice] [pid 3068:tid 404] AH00456: Apache Lounge VS17 Server built: Oct 18 2023 13:03:18
[Tue Oct 21 14:32:43.421429 2025] [core:notice] [pid 3068:tid 404] AH00094: Command line: 'C:\\xampp\\apache\\bin\\httpd.exe -d C:/xampp/apache'
[Tue Oct 21 14:32:43.421429 2025] [mpm_winnt:notice] [pid 3068:tid 404] AH00418: Parent: Created child process 5064
[Tue Oct 21 14:32:44.460323 2025] [ssl:warn] [pid 5064:tid 420] AH01909: www.example.com:443:0 server certificate does NOT include an ID which matches the server name
[Tue Oct 21 14:32:44.495589 2025] [ssl:warn] [pid 5064:tid 420] AH01909: www.example.com:443:0 server certificate does NOT include an ID which matches the server name
[Tue Oct 21 14:32:44.542468 2025] [mpm_winnt:notice] [pid 5064:tid 420] AH00354: Child: Starting 150 worker threads.
[Thu Oct 23 14:51:04.290822 2025] [ssl:warn] [pid 2892:tid 404] AH01909: www.example.com:443:0 server certificate does NOT include an ID which matches the server name
[Thu Oct 23 14:51:04.522684 2025] [core:warn] [pid 2892:tid 404] AH00098: pid file C:/xampp/apache/logs/httpd.pid overwritten -- Unclean shutdown of previous Apache run?
[Thu Oct 23 14:51:04.522684 2025] [ssl:warn] [pid 2892:tid 404] AH01909: www.example.com:443:0 server certificate does NOT include an ID which matches the server name
[Thu Oct 23 14:51:04.746165 2025] [mpm_winnt:notice] [pid 2892:tid 404] AH00455: Apache/2.4.58 (Win64) OpenSSL/3.1.3 PHP/8.2.12 configured -- resuming normal operations
[Thu Oct 23 14:51:04.746165 2025] [mpm_winnt:notice] [pid 2892:tid 404] AH00456: Apache Lounge VS17 Server built: Oct 18 2023 13:03:18
[Thu Oct 23 14:51:04.746165 2025] [core:notice] [pid 2892:tid 404] AH00094: Command line: 'C:\\xampp\\apache\\bin\\httpd.exe -d C:/xampp/apache'
[Thu Oct 23 14:51:04.755691 2025] [mpm_winnt:notice] [pid 2892:tid 404] AH00418: Parent: Created child process 4728
[Thu Oct 23 14:51:05.641973 2025] [ssl:warn] [pid 4728:tid 420] AH01909: www.example.com:443:0 server certificate does NOT include an ID which matches the server name
[Thu Oct 23 14:51:05.673847 2025] [ssl:warn] [pid 4728:tid 420] AH01909: www.example.com:443:0 server certificate does NOT include an ID which matches the server name
[Thu Oct 23 14:51:05.733647 2025] [mpm_winnt:notice] [pid 4728:tid 420] AH00354: Child: Starting 150 worker threads.
[Thu Oct 23 14:55:25.327283 2025] [ssl:warn] [pid 2932:tid 408] AH01909: www.example.com:443:0 server certificate does NOT include an ID which matches the server name
[Thu Oct 23 14:55:25.378168 2025] [core:warn] [pid 2932:tid 408] AH00098: pid file C:/xampp/apache/logs/httpd.pid overwritten -- Unclean shutdown of previous Apache run?
[Thu Oct 23 14:55:25.393188 2025] [ssl:warn] [pid 2932:tid 408] AH01909: www.example.com:443:0 server certificate does NOT include an ID which matches the server name
[Thu Oct 23 14:55:25.806759 2025] [mpm_winnt:notice] [pid 2932:tid 408] AH00455: Apache/2.4.58 (Win64) OpenSSL/3.1.3 PHP/8.2.12 configured -- resuming normal operations
[Thu Oct 23 14:55:25.806759 2025] [mpm_winnt:notice] [pid 2932:tid 408] AH00456: Apache Lounge VS17 Server built: Oct 18 2023 13:03:18
[Thu Oct 23 14:55:25.806759 2025] [core:notice] [pid 2932:tid 408] AH00094: Command line: 'C:\\xampp\\apache\\bin\\httpd.exe -d C:/xampp/apache'
[Thu Oct 23 14:55:25.822389 2025] [mpm_winnt:notice] [pid 2932:tid 408] AH00418: Parent: Created child process 3336
[Thu Oct 23 14:55:26.487674 2025] [ssl:warn] [pid 3336:tid 420] AH01909: www.example.com:443:0 server certificate does NOT include an ID which matches the server name
[Thu Oct 23 14:55:26.518927 2025] [ssl:warn] [pid 3336:tid 420] AH01909: www.example.com:443:0 server certificate does NOT include an ID which matches the server name
[Thu Oct 23 14:55:26.582333 2025] [mpm_winnt:notice] [pid 3336:tid 420] AH00354: Child: Starting 150 worker threads.
[Thu Oct 23 15:47:01.611540 2025] [ssl:warn] [pid 2892:tid 428] AH01909: www.example.com:443:0 server certificate does NOT include an ID which matches the server name
[Thu Oct 23 15:47:01.690565 2025] [core:warn] [pid 2892:tid 428] AH00098: pid file C:/xampp/apache/logs/httpd.pid overwritten -- Unclean shutdown of previous Apache run?
[Thu Oct 23 15:47:01.690565 2025] [ssl:warn] [pid 2892:tid 428] AH01909: www.example.com:443:0 server certificate does NOT include an ID which matches the server name
[Thu Oct 23 15:47:02.096422 2025] [mpm_winnt:notice] [pid 2892:tid 428] AH00455: Apache/2.4.58 (Win64) OpenSSL/3.1.3 PHP/8.2.12 configured -- resuming normal operations
[Thu Oct 23 15:47:02.096422 2025] [mpm_winnt:notice] [pid 2892:tid 428] AH00456: Apache Lounge VS17 Server built: Oct 18 2023 13:03:18
[Thu Oct 23 15:47:02.096422 2025] [core:notice] [pid 2892:tid 428] AH00094: Command line: 'C:\\xampp\\apache\\bin\\httpd.exe -d C:/xampp/apache'
[Thu Oct 23 15:47:02.096422 2025] [mpm_winnt:notice] [pid 2892:tid 428] AH00418: Parent: Created child process 4924
[Thu Oct 23 15:47:03.198655 2025] [ssl:warn] [pid 4924:tid 420] AH01909: www.example.com:443:0 server certificate does NOT include an ID which matches the server name
[Thu Oct 23 15:47:03.252964 2025] [ssl:warn] [pid 4924:tid 420] AH01909: www.example.com:443:0 server certificate does NOT include an ID which matches the server name
[Thu Oct 23 15:47:03.316885 2025] [mpm_winnt:notice] [pid 4924:tid 420] AH00354: Child: Starting 150 worker threads.
[Thu Oct 23 17:41:50.913068 2025] [ssl:warn] [pid 2884:tid 412] AH01909: www.example.com:443:0 server certificate does NOT include an ID which matches the server name
[Thu Oct 23 17:41:50.961842 2025] [core:warn] [pid 2884:tid 412] AH00098: pid file C:/xampp/apache/logs/httpd.pid overwritten -- Unclean shutdown of previous Apache run?
[Thu Oct 23 17:41:50.961842 2025] [ssl:warn] [pid 2884:tid 412] AH01909: www.example.com:443:0 server certificate does NOT include an ID which matches the server name
[Thu Oct 23 17:41:51.163176 2025] [mpm_winnt:notice] [pid 2884:tid 412] AH00455: Apache/2.4.58 (Win64) OpenSSL/3.1.3 PHP/8.2.12 configured -- resuming normal operations
[Thu Oct 23 17:41:51.163176 2025] [mpm_winnt:notice] [pid 2884:tid 412] AH00456: Apache Lounge VS17 Server built: Oct 18 2023 13:03:18
[Thu Oct 23 17:41:51.163176 2025] [core:notice] [pid 2884:tid 412] AH00094: Command line: 'C:\\xampp\\apache\\bin\\httpd.exe -d C:/xampp/apache'
[Thu Oct 23 17:41:51.163176 2025] [mpm_winnt:notice] [pid 2884:tid 412] AH00418: Parent: Created child process 4540
[Thu Oct 23 17:41:52.358806 2025] [ssl:warn] [pid 4540:tid 420] AH01909: www.example.com:443:0 server certificate does NOT include an ID which matches the server name
[Thu Oct 23 17:41:52.422206 2025] [ssl:warn] [pid 4540:tid 420] AH01909: www.example.com:443:0 server certificate does NOT include an ID which matches the server name
[Thu Oct 23 17:41:52.490128 2025] [mpm_winnt:notice] [pid 4540:tid 420] AH00354: Child: Starting 150 worker threads.
[Mon Oct 27 15:23:03.966432 2025] [ssl:warn] [pid 2944:tid 404] AH01909: www.example.com:443:0 server certificate does NOT include an ID which matches the server name
[Mon Oct 27 15:23:03.997680 2025] [core:warn] [pid 2944:tid 404] AH00098: pid file C:/xampp/apache/logs/httpd.pid overwritten -- Unclean shutdown of previous Apache run?
[Mon Oct 27 15:23:03.997680 2025] [ssl:warn] [pid 2944:tid 404] AH01909: www.example.com:443:0 server certificate does NOT include an ID which matches the server name
[Mon Oct 27 15:23:04.174773 2025] [mpm_winnt:notice] [pid 2944:tid 404] AH00455: Apache/2.4.58 (Win64) OpenSSL/3.1.3 PHP/8.2.12 configured -- resuming normal operations
[Mon Oct 27 15:23:04.174773 2025] [mpm_winnt:notice] [pid 2944:tid 404] AH00456: Apache Lounge VS17 Server built: Oct 18 2023 13:03:18
[Mon Oct 27 15:23:04.174773 2025] [core:notice] [pid 2944:tid 404] AH00094: Command line: 'C:\\xampp\\apache\\bin\\httpd.exe -d C:/xampp/apache'
[Mon Oct 27 15:23:04.174773 2025] [mpm_winnt:notice] [pid 2944:tid 404] AH00418: Parent: Created child process 4560
[Mon Oct 27 15:23:05.545832 2025] [ssl:warn] [pid 4560:tid 432] AH01909: www.example.com:443:0 server certificate does NOT include an ID which matches the server name
                                                                                                                                                                        [Mon Oct 27 15:24:00.004528 2025] [ssl:warn] [pid 3036:tid 404] AH01909: www.example.com:443:0 server certificate does NOT include an ID which matches the server name
[Mon Oct 27 15:24:00.035778 2025] [core:warn] [pid 3036:tid 404] AH00098: pid file C:/xampp/apache/logs/httpd.pid overwritten -- Unclean shutdown of previous Apache run?
[Mon Oct 27 15:24:00.035778 2025] [ssl:warn] [pid 3036:tid 404] AH01909: www.example.com:443:0 server certificate does NOT include an ID which matches the server name
[Mon Oct 27 15:24:00.218187 2025] [mpm_winnt:notice] [pid 3036:tid 404] AH00455: Apache/2.4.58 (Win64) OpenSSL/3.1.3 PHP/8.2.12 configured -- resuming normal operations
[Mon Oct 27 15:24:00.218187 2025] [mpm_winnt:notice] [pid 3036:tid 404] AH00456: Apache Lounge VS17 Server built: Oct 18 2023 13:03:18
[Mon Oct 27 15:24:00.218187 2025] [core:notice] [pid 3036:tid 404] AH00094: Command line: 'C:\\xampp\\apache\\bin\\httpd.exe -d C:/xampp/apache'
[Mon Oct 27 15:24:00.218187 2025] [mpm_winnt:notice] [pid 3036:tid 404] AH00418: Parent: Created child process 4692
[Mon Oct 27 15:24:01.221020 2025] [ssl:warn] [pid 4692:tid 420] AH01909: www.example.com:443:0 server certificate does NOT include an ID which matches the server name
[Mon Oct 27 15:24:01.267795 2025] [ssl:warn] [pid 4692:tid 420] AH01909: www.example.com:443:0 server certificate does NOT include an ID which matches the server name
[Mon Oct 27 15:24:01.324700 2025] [mpm_winnt:notice] [pid 4692:tid 420] AH00354: Child: Starting 150 worker threads.
[Fri Oct 31 10:35:09.385326 2025] [ssl:warn] [pid 2884:tid 404] AH01909: www.example.com:443:0 server certificate does NOT include an ID which matches the server name
[Fri Oct 31 10:35:09.465860 2025] [core:warn] [pid 2884:tid 404] AH00098: pid file C:/xampp/apache/logs/httpd.pid overwritten -- Unclean shutdown of previous Apache run?
[Fri Oct 31 10:35:09.465860 2025] [ssl:warn] [pid 2884:tid 404] AH01909: www.example.com:443:0 server certificate does NOT include an ID which matches the server name
[Fri Oct 31 10:35:09.839826 2025] [mpm_winnt:notice] [pid 2884:tid 404] AH00455: Apache/2.4.58 (Win64) OpenSSL/3.1.3 PHP/8.2.12 configured -- resuming normal operations
[Fri Oct 31 10:35:09.839826 2025] [mpm_winnt:notice] [pid 2884:tid 404] AH00456: Apache Lounge VS17 Server built: Oct 18 2023 13:03:18
[Fri Oct 31 10:35:09.839826 2025] [core:notice] [pid 2884:tid 404] AH00094: Command line: 'C:\\xampp\\apache\\bin\\httpd.exe -d C:/xampp/apache'
[Fri Oct 31 10:35:09.839826 2025] [mpm_winnt:notice] [pid 2884:tid 404] AH00418: Parent: Created child process 4996
[Fri Oct 31 10:35:10.708203 2025] [ssl:warn] [pid 4996:tid 428] AH01909: www.example.com:443:0 server certificate does NOT include an ID which matches the server name
[Fri Oct 31 10:35:10.759593 2025] [ssl:warn] [pid 4996:tid 428] AH01909: www.example.com:443:0 server certificate does NOT include an ID which matches the server name
[Fri Oct 31 10:35:10.805382 2025] [mpm_winnt:notice] [pid 4996:tid 428] AH00354: Child: Starting 150 worker threads.
[Fri Oct 31 13:25:33.528389 2025] [ssl:warn] [pid 3020:tid 144] AH01909: www.example.com:443:0 server certificate does NOT include an ID which matches the server name
[Fri Oct 31 13:25:33.559639 2025] [core:warn] [pid 3020:tid 144] AH00098: pid file C:/xampp/apache/logs/httpd.pid overwritten -- Unclean shutdown of previous Apache run?
[Fri Oct 31 13:25:33.559639 2025] [ssl:warn] [pid 3020:tid 144] AH01909: www.example.com:443:0 server certificate does NOT include an ID which matches the server name
[Fri Oct 31 13:25:33.776206 2025] [mpm_winnt:notice] [pid 3020:tid 144] AH00455: Apache/2.4.58 (Win64) OpenSSL/3.1.3 PHP/8.2.12 configured -- resuming normal operations
[Fri Oct 31 13:25:33.776206 2025] [mpm_winnt:notice] [pid 3020:tid 144] AH00456: Apache Lounge VS17 Server built: Oct 18 2023 13:03:18
[Fri Oct 31 13:25:33.776206 2025] [core:notice] [pid 3020:tid 144] AH00094: Command line: 'C:\\xampp\\apache\\bin\\httpd.exe -d C:/xampp/apache'
[Fri Oct 31 13:25:33.776206 2025] [mpm_winnt:notice] [pid 3020:tid 144] AH00418: Parent: Created child process 4580
[Fri Oct 31 13:25:34.976525 2025] [ssl:warn] [pid 4580:tid 420] AH01909: www.example.com:443:0 server certificate does NOT include an ID which matches the server name
[Fri Oct 31 13:25:35.000176 2025] [ssl:warn] [pid 4580:tid 420] AH01909: www.example.com:443:0 server certificate does NOT include an ID which matches the server name
[Fri Oct 31 13:25:35.063104 2025] [mpm_winnt:notice] [pid 4580:tid 420] AH00354: Child: Starting 150 worker threads.
[Fri Oct 31 14:04:40.955114 2025] [ssl:warn] [pid 1556:tid 404] AH01909: www.example.com:443:0 server certificate does NOT include an ID which matches the server name
[Fri Oct 31 14:04:40.985757 2025] [core:warn] [pid 1556:tid 404] AH00098: pid file C:/xampp/apache/logs/httpd.pid overwritten -- Unclean shutdown of previous Apache run?
[Fri Oct 31 14:04:40.985757 2025] [ssl:warn] [pid 1556:tid 404] AH01909: www.example.com:443:0 server certificate does NOT include an ID which matches the server name
[Fri Oct 31 14:04:41.165607 2025] [mpm_winnt:notice] [pid 1556:tid 404] AH00455: Apache/2.4.58 (Win64) OpenSSL/3.1.3 PHP/8.2.12 configured -- resuming normal operations
[Fri Oct 31 14:04:41.165607 2025] [mpm_winnt:notice] [pid 1556:tid 404] AH00456: Apache Lounge VS17 Server built: Oct 18 2023 13:03:18
[Fri Oct 31 14:04:41.165607 2025] [core:notice] [pid 1556:tid 404] AH00094: Command line: 'C:\\xampp\\apache\\bin\\httpd.exe -d C:/xampp/apache'
[Fri Oct 31 14:04:41.165607 2025] [mpm_winnt:notice] [pid 1556:tid 404] AH00418: Parent: Created child process 4740
[Fri Oct 31 14:04:42.082783 2025] [ssl:warn] [pid 4740:tid 420] AH01909: www.example.com:443:0 server certificate does NOT include an ID which matches the server name
[Fri Oct 31 14:04:42.155320 2025] [ssl:warn] [pid 4740:tid 420] AH01909: www.example.com:443:0 server certificate does NOT include an ID which matches the server name
[Fri Oct 31 14:04:42.217111 2025] [mpm_winnt:notice] [pid 4740:tid 420] AH00354: Child: Starting 150 worker threads.
[Sun Nov 02 10:09:56.910367 2025] [ssl:warn] [pid 2824:tid 404] AH01909: www.example.com:443:0 server certificate does NOT include an ID which matches the server name
[Sun Nov 02 10:09:57.110188 2025] [core:warn] [pid 2824:tid 404] AH00098: pid file C:/xampp/apache/logs/httpd.pid overwritten -- Unclean shutdown of previous Apache run?
[Sun Nov 02 10:09:57.110188 2025] [ssl:warn] [pid 2824:tid 404] AH01909: www.example.com:443:0 server certificate does NOT include an ID which matches the server name
[Sun Nov 02 10:09:57.365404 2025] [mpm_winnt:notice] [pid 2824:tid 404] AH00455: Apache/2.4.58 (Win64) OpenSSL/3.1.3 PHP/8.2.12 configured -- resuming normal operations
[Sun Nov 02 10:09:57.365404 2025] [mpm_winnt:notice] [pid 2824:tid 404] AH00456: Apache Lounge VS17 Server built: Oct 18 2023 13:03:18
[Sun Nov 02 10:09:57.365404 2025] [core:notice] [pid 2824:tid 404] AH00094: Command line: 'C:\\xampp\\apache\\bin\\httpd.exe -d C:/xampp/apache'
[Sun Nov 02 10:09:57.365404 2025] [mpm_winnt:notice] [pid 2824:tid 404] AH00418: Parent: Created child process 4716
[Sun Nov 02 10:09:58.659853 2025] [ssl:warn] [pid 4716:tid 420] AH01909: www.example.com:443:0 server certificate does NOT include an ID which matches the server name
[Sun Nov 02 10:09:58.683487 2025] [ssl:warn] [pid 4716:tid 420] AH01909: www.example.com:443:0 server certificate does NOT include an ID which matches the server name
[Sun Nov 02 10:09:58.744417 2025] [mpm_winnt:notice] [pid 4716:tid 420] AH00354: Child: Starting 150 worker threads.
[Mon Nov 03 12:48:24.465521 2025] [ssl:warn] [pid 2864:tid 416] AH01909: www.example.com:443:0 server certificate does NOT include an ID which matches the server name
[Mon Nov 03 12:48:24.512402 2025] [core:warn] [pid 2864:tid 416] AH00098: pid file C:/xampp/apache/logs/httpd.pid overwritten -- Unclean shutdown of previous Apache run?
[Mon Nov 03 12:48:24.512402 2025] [ssl:warn] [pid 2864:tid 416] AH01909: www.example.com:443:0 server certificate does NOT include an ID which matches the server name
[Mon Nov 03 12:48:24.704015 2025] [mpm_winnt:notice] [pid 2864:tid 416] AH00455: Apache/2.4.58 (Win64) OpenSSL/3.1.3 PHP/8.2.12 configured -- resuming normal operations
[Mon Nov 03 12:48:24.704015 2025] [mpm_winnt:notice] [pid 2864:tid 416] AH00456: Apache Lounge VS17 Server built: Oct 18 2023 13:03:18
[Mon Nov 03 12:48:24.704015 2025] [core:notice] [pid 2864:tid 416] AH00094: Command line: 'C:\\xampp\\apache\\bin\\httpd.exe -d C:/xampp/apache'
[Mon Nov 03 12:48:24.704015 2025] [mpm_winnt:notice] [pid 2864:tid 416] AH00418: Parent: Created child process 4636
[Mon Nov 03 12:48:25.878744 2025] [ssl:warn] [pid 4636:tid 420] AH01909: www.example.com:443:0 server certificate does NOT include an ID which matches the server name
[Mon Nov 03 12:48:25.931147 2025] [ssl:warn] [pid 4636:tid 420] AH01909: www.example.com:443:0 server certificate does NOT include an ID which matches the server name
[Mon Nov 03 12:48:25.991476 2025] [mpm_winnt:notice] [pid 4636:tid 420] AH00354: Child: Starting 150 worker threads.
[Mon Nov 03 14:15:56.122107 2025] [ssl:warn] [pid 2896:tid 404] AH01909: www.example.com:443:0 server certificate does NOT include an ID which matches the server name
[Mon Nov 03 14:15:56.228402 2025] [core:warn] [pid 2896:tid 404] AH00098: pid file C:/xampp/apache/logs/httpd.pid overwritten -- Unclean shutdown of previous Apache run?
[Mon Nov 03 14:15:56.228402 2025] [ssl:warn] [pid 2896:tid 404] AH01909: www.example.com:443:0 server certificate does NOT include an ID which matches the server name
[Mon Nov 03 14:15:56.484624 2025] [mpm_winnt:notice] [pid 2896:tid 404] AH00455: Apache/2.4.58 (Win64) OpenSSL/3.1.3 PHP/8.2.12 configured -- resuming normal operations
[Mon Nov 03 14:15:56.484624 2025] [mpm_winnt:notice] [pid 2896:tid 404] AH00456: Apache Lounge VS17 Server built: Oct 18 2023 13:03:18
[Mon Nov 03 14:15:56.484624 2025] [core:notice] [pid 2896:tid 404] AH00094: Command line: 'C:\\xampp\\apache\\bin\\httpd.exe -d C:/xampp/apache'
[Mon Nov 03 14:15:56.500254 2025] [mpm_winnt:notice] [pid 2896:tid 404] AH00418: Parent: Created child process 4512
[Mon Nov 03 14:15:57.615406 2025] [ssl:warn] [pid 4512:tid 420] AH01909: www.example.com:443:0 server certificate does NOT include an ID which matches the server name
[Mon Nov 03 14:15:57.666707 2025] [ssl:warn] [pid 4512:tid 420] AH01909: www.example.com:443:0 server certificate does NOT include an ID which matches the server name
[Mon Nov 03 14:15:57.721114 2025] [mpm_winnt:notice] [pid 4512:tid 420] AH00354: Child: Starting 150 worker threads.
[Fri Nov 07 08:57:00.898186 2025] [ssl:warn] [pid 3188:tid 404] AH01909: www.example.com:443:0 server certificate does NOT include an ID which matches the server name
[Fri Nov 07 08:57:00.929435 2025] [core:warn] [pid 3188:tid 404] AH00098: pid file C:/xampp/apache/logs/httpd.pid overwritten -- Unclean shutdown of previous Apache run?
[Fri Nov 07 08:57:00.945059 2025] [ssl:warn] [pid 3188:tid 404] AH01909: www.example.com:443:0 server certificate does NOT include an ID which matches the server name
[Fri Nov 07 08:57:01.131870 2025] [mpm_winnt:notice] [pid 3188:tid 404] AH00455: Apache/2.4.58 (Win64) OpenSSL/3.1.3 PHP/8.2.12 configured -- resuming normal operations
[Fri Nov 07 08:57:01.131870 2025] [mpm_winnt:notice] [pid 3188:tid 404] AH00456: Apache Lounge VS17 Server built: Oct 18 2023 13:03:18
[Fri Nov 07 08:57:01.131870 2025] [core:notice] [pid 3188:tid 404] AH00094: Command line: 'C:\\xampp\\apache\\bin\\httpd.exe -d C:/xampp/apache'
[Fri Nov 07 08:57:01.131870 2025] [mpm_winnt:notice] [pid 3188:tid 404] AH00418: Parent: Created child process 4816
[Fri Nov 07 08:57:02.087331 2025] [ssl:warn] [pid 4816:tid 420] AH01909: www.example.com:443:0 server certificate does NOT include an ID which matches the server name
[Fri Nov 07 08:57:02.128108 2025] [ssl:warn] [pid 4816:tid 420] AH01909: www.example.com:443:0 server certificate does NOT include an ID which matches the server name
[Fri Nov 07 08:57:02.173307 2025] [mpm_winnt:notice] [pid 4816:tid 420] AH00354: Child: Starting 150 worker threads.
[Sun Nov 09 12:54:20.346465 2025] [ssl:warn] [pid 2848:tid 404] AH01909: www.example.com:443:0 server certificate does NOT include an ID which matches the server name
[Sun Nov 09 12:54:20.382235 2025] [core:warn] [pid 2848:tid 404] AH00098: pid file C:/xampp/apache/logs/httpd.pid overwritten -- Unclean shutdown of previous Apache run?
[Sun Nov 09 12:54:20.382235 2025] [ssl:warn] [pid 2848:tid 404] AH01909: www.example.com:443:0 server certificate does NOT include an ID which matches the server name
[Sun Nov 09 12:54:20.596072 2025] [mpm_winnt:notice] [pid 2848:tid 404] AH00455: Apache/2.4.58 (Win64) OpenSSL/3.1.3 PHP/8.2.12 configured -- resuming normal operations
[Sun Nov 09 12:54:20.596072 2025] [mpm_winnt:notice] [pid 2848:tid 404] AH00456: Apache Lounge VS17 Server built: Oct 18 2023 13:03:18
[Sun Nov 09 12:54:20.596072 2025] [core:notice] [pid 2848:tid 404] AH00094: Command line: 'C:\\xampp\\apache\\bin\\httpd.exe -d C:/xampp/apache'
[Sun Nov 09 12:54:20.596072 2025] [mpm_winnt:notice] [pid 2848:tid 404] AH00418: Parent: Created child process 4468
[Sun Nov 09 12:54:21.903591 2025] [ssl:warn] [pid 4468:tid 424] AH01909: www.example.com:443:0 server certificate does NOT include an ID which matches the server name
[Sun Nov 09 12:54:21.946867 2025] [ssl:warn] [pid 4468:tid 424] AH01909: www.example.com:443:0 server certificate does NOT include an ID which matches the server name
[Sun Nov 09 12:54:22.025798 2025] [mpm_winnt:notice] [pid 4468:tid 424] AH00354: Child: Starting 150 worker threads.
[Wed Nov 12 12:45:42.165069 2025] [ssl:warn] [pid 2928:tid 404] AH01909: www.example.com:443:0 server certificate does NOT include an ID which matches the server name
[Wed Nov 12 12:45:42.241612 2025] [core:warn] [pid 2928:tid 404] AH00098: pid file C:/xampp/apache/logs/httpd.pid overwritten -- Unclean shutdown of previous Apache run?
[Wed Nov 12 12:45:42.241612 2025] [ssl:warn] [pid 2928:tid 404] AH01909: www.example.com:443:0 server certificate does NOT include an ID which matches the server name
[Wed Nov 12 12:45:42.475661 2025] [mpm_winnt:notice] [pid 2928:tid 404] AH00455: Apache/2.4.58 (Win64) OpenSSL/3.1.3 PHP/8.2.12 configured -- resuming normal operations
[Wed Nov 12 12:45:42.475661 2025] [mpm_winnt:notice] [pid 2928:tid 404] AH00456: Apache Lounge VS17 Server built: Oct 18 2023 13:03:18
[Wed Nov 12 12:45:42.475661 2025] [core:notice] [pid 2928:tid 404] AH00094: Command line: 'C:\\xampp\\apache\\bin\\httpd.exe -d C:/xampp/apache'
[Wed Nov 12 12:45:42.475661 2025] [mpm_winnt:notice] [pid 2928:tid 404] AH00418: Parent: Created child process 4784
[Wed Nov 12 12:45:43.397097 2025] [ssl:warn] [pid 4784:tid 420] AH01909: www.example.com:443:0 server certificate does NOT include an ID which matches the server name
[Wed Nov 12 12:45:43.446882 2025] [ssl:warn] [pid 4784:tid 420] AH01909: www.example.com:443:0 server certificate does NOT include an ID which matches the server name
[Wed Nov 12 12:45:43.496166 2025] [mpm_winnt:notice] [pid 4784:tid 420] AH00354: Child: Starting 150 worker threads.
[Wed Nov 12 12:45:49.345289 2025] [mpm_winnt:notice] [pid 2928:tid 404] AH00422: Parent: Received shutdown signal -- Shutting down the server.
[Wed Nov 12 12:45:51.379659 2025] [mpm_winnt:notice] [pid 4784:tid 420] AH00364: Child: All worker threads have exited.
[Wed Nov 12 12:45:51.395284 2025] [mpm_winnt:notice] [pid 2928:tid 404] AH00430: Parent: Child process 4784 exited successfully.
[Wed Nov 12 12:46:23.781985 2025] [ssl:warn] [pid 2948:tid 404] AH01909: www.example.com:443:0 server certificate does NOT include an ID which matches the server name
[Wed Nov 12 12:46:23.822769 2025] [ssl:warn] [pid 2948:tid 404] AH01909: www.example.com:443:0 server certificate does NOT include an ID which matches the server name
[Wed Nov 12 12:46:24.070891 2025] [mpm_winnt:notice] [pid 2948:tid 404] AH00455: Apache/2.4.58 (Win64) OpenSSL/3.1.3 PHP/8.2.12 configured -- resuming normal operations
[Wed Nov 12 12:46:24.070891 2025] [mpm_winnt:notice] [pid 2948:tid 404] AH00456: Apache Lounge VS17 Server built: Oct 18 2023 13:03:18
[Wed Nov 12 12:46:24.070891 2025] [core:notice] [pid 2948:tid 404] AH00094: Command line: 'C:\\xampp\\apache\\bin\\httpd.exe -d C:/xampp/apache'
[Wed Nov 12 12:46:24.070891 2025] [mpm_winnt:notice] [pid 2948:tid 404] AH00418: Parent: Created child process 4744
[Wed Nov 12 12:46:25.543206 2025] [ssl:warn] [pid 4744:tid 436] AH01909: www.example.com:443:0 server certificate does NOT include an ID which matches the server name
[Wed Nov 12 12:46:25.573365 2025] [ssl:warn] [pid 4744:tid 436] AH01909: www.example.com:443:0 server certificate does NOT include an ID which matches the server name
[Wed Nov 12 12:46:25.625270 2025] [mpm_winnt:notice] [pid 4744:tid 436] AH00354: Child: Starting 150 worker threads.
[Wed Nov 12 12:54:54.768836 2025] [ssl:warn] [pid 2824:tid 140] AH01909: www.example.com:443:0 server certificate does NOT include an ID which matches the server name
[Wed Nov 12 12:54:54.815709 2025] [core:warn] [pid 2824:tid 140] AH00098: pid file C:/xampp/apache/logs/httpd.pid overwritten -- Unclean shutdown of previous Apache run?
[Wed Nov 12 12:54:54.822215 2025] [ssl:warn] [pid 2824:tid 140] AH01909: www.example.com:443:0 server certificate does NOT include an ID which matches the server name
[Wed Nov 12 12:54:55.072968 2025] [mpm_winnt:notice] [pid 2824:tid 140] AH00455: Apache/2.4.58 (Win64) OpenSSL/3.1.3 PHP/8.2.12 configured -- resuming normal operations
[Wed Nov 12 12:54:55.072968 2025] [mpm_winnt:notice] [pid 2824:tid 140] AH00456: Apache Lounge VS17 Server built: Oct 18 2023 13:03:18
[Wed Nov 12 12:54:55.072968 2025] [core:notice] [pid 2824:tid 140] AH00094: Command line: 'C:\\xampp\\apache\\bin\\httpd.exe -d C:/xampp/apache'
[Wed Nov 12 12:54:55.072968 2025] [mpm_winnt:notice] [pid 2824:tid 140] AH00418: Parent: Created child process 4360
[Wed Nov 12 12:54:56.311265 2025] [ssl:warn] [pid 4360:tid 420] AH01909: www.example.com:443:0 server certificate does NOT include an ID which matches the server name
[Wed Nov 12 12:54:56.354041 2025] [ssl:warn] [pid 4360:tid 420] AH01909: www.example.com:443:0 server certificate does NOT include an ID which matches the server name
[Wed Nov 12 12:54:56.439578 2025] [mpm_winnt:notice] [pid 4360:tid 420] AH00354: Child: Starting 150 worker threads.
[Wed Nov 12 17:01:03.329042 2025] [ssl:warn] [pid 2900:tid 404] AH01909: www.example.com:443:0 server certificate does NOT include an ID which matches the server name
[Wed Nov 12 17:01:03.441733 2025] [core:warn] [pid 2900:tid 404] AH00098: pid file C:/xampp/apache/logs/httpd.pid overwritten -- Unclean shutdown of previous Apache run?
[Wed Nov 12 17:01:03.441733 2025] [ssl:warn] [pid 2900:tid 404] AH01909: www.example.com:443:0 server certificate does NOT include an ID which matches the server name
[Wed Nov 12 17:01:03.723634 2025] [mpm_winnt:notice] [pid 2900:tid 404] AH00455: Apache/2.4.58 (Win64) OpenSSL/3.1.3 PHP/8.2.12 configured -- resuming normal operations
[Wed Nov 12 17:01:03.723634 2025] [mpm_winnt:notice] [pid 2900:tid 404] AH00456: Apache Lounge VS17 Server built: Oct 18 2023 13:03:18
[Wed Nov 12 17:01:03.723634 2025] [core:notice] [pid 2900:tid 404] AH00094: Command line: 'C:\\xampp\\apache\\bin\\httpd.exe -d C:/xampp/apache'
[Wed Nov 12 17:01:03.723634 2025] [mpm_winnt:notice] [pid 2900:tid 404] AH00418: Parent: Created child process 4760
[Wed Nov 12 17:01:04.756753 2025] [ssl:warn] [pid 4760:tid 420] AH01909: www.example.com:443:0 server certificate does NOT include an ID which matches the server name
[Wed Nov 12 17:01:04.800929 2025] [ssl:warn] [pid 4760:tid 420] AH01909: www.example.com:443:0 server certificate does NOT include an ID which matches the server name
[Wed Nov 12 17:01:04.865730 2025] [mpm_winnt:notice] [pid 4760:tid 420] AH00354: Child: Starting 150 worker threads.
[Sat Nov 15 07:19:43.511349 2025] [ssl:warn] [pid 2876:tid 404] AH01909: www.example.com:443:0 server certificate does NOT include an ID which matches the server name
[Sat Nov 15 07:19:43.558222 2025] [core:warn] [pid 2876:tid 404] AH00098: pid file C:/xampp/apache/logs/httpd.pid overwritten -- Unclean shutdown of previous Apache run?
[Sat Nov 15 07:19:43.558222 2025] [ssl:warn] [pid 2876:tid 404] AH01909: www.example.com:443:0 server certificate does NOT include an ID which matches the server name
[Sat Nov 15 07:19:43.975119 2025] [mpm_winnt:notice] [pid 2876:tid 404] AH00455: Apache/2.4.58 (Win64) OpenSSL/3.1.3 PHP/8.2.12 configured -- resuming normal operations
[Sat Nov 15 07:19:43.975119 2025] [mpm_winnt:notice] [pid 2876:tid 404] AH00456: Apache Lounge VS17 Server built: Oct 18 2023 13:03:18
[Sat Nov 15 07:19:43.975119 2025] [core:notice] [pid 2876:tid 404] AH00094: Command line: 'C:\\xampp\\apache\\bin\\httpd.exe -d C:/xampp/apache'
[Sat Nov 15 07:19:43.975119 2025] [mpm_winnt:notice] [pid 2876:tid 404] AH00418: Parent: Created child process 4288
[Sat Nov 15 07:19:45.303112 2025] [ssl:warn] [pid 4288:tid 420] AH01909: www.example.com:443:0 server certificate does NOT include an ID which matches the server name
[Sat Nov 15 07:19:45.442531 2025] [ssl:warn] [pid 4288:tid 420] AH01909: www.example.com:443:0 server certificate does NOT include an ID which matches the server name
[Sat Nov 15 07:19:45.514948 2025] [mpm_winnt:notice] [pid 4288:tid 420] AH00354: Child: Starting 150 worker threads.
[Mon Nov 17 11:35:45.866459 2025] [ssl:warn] [pid 2924:tid 420] AH01909: www.example.com:443:0 server certificate does NOT include an ID which matches the server name
[Mon Nov 17 11:35:45.913332 2025] [core:warn] [pid 2924:tid 420] AH00098: pid file C:/xampp/apache/logs/httpd.pid overwritten -- Unclean shutdown of previous Apache run?
[Mon Nov 17 11:35:45.913332 2025] [ssl:warn] [pid 2924:tid 420] AH01909: www.example.com:443:0 server certificate does NOT include an ID which matches the server name
[Mon Nov 17 11:35:46.237603 2025] [mpm_winnt:notice] [pid 2924:tid 420] AH00455: Apache/2.4.58 (Win64) OpenSSL/3.1.3 PHP/8.2.12 configured -- resuming normal operations
[Mon Nov 17 11:35:46.237603 2025] [mpm_winnt:notice] [pid 2924:tid 420] AH00456: Apache Lounge VS17 Server built: Oct 18 2023 13:03:18
[Mon Nov 17 11:35:46.237603 2025] [core:notice] [pid 2924:tid 420] AH00094: Command line: 'C:\\xampp\\apache\\bin\\httpd.exe -d C:/xampp/apache'
[Mon Nov 17 11:35:46.237603 2025] [mpm_winnt:notice] [pid 2924:tid 420] AH00418: Parent: Created child process 4736
[Mon Nov 17 11:35:47.540179 2025] [ssl:warn] [pid 4736:tid 420] AH01909: www.example.com:443:0 server certificate does NOT include an ID which matches the server name
[Mon Nov 17 11:35:47.584250 2025] [ssl:warn] [pid 4736:tid 420] AH01909: www.example.com:443:0 server certificate does NOT include an ID which matches the server name
[Mon Nov 17 11:35:47.631638 2025] [mpm_winnt:notice] [pid 4736:tid 420] AH00354: Child: Starting 150 worker threads.
[Mon Nov 17 12:44:53.299853 2025] [ssl:warn] [pid 2964:tid 404] AH01909: www.example.com:443:0 server certificate does NOT include an ID which matches the server name
[Mon Nov 17 12:44:53.346733 2025] [core:warn] [pid 2964:tid 404] AH00098: pid file C:/xampp/apache/logs/httpd.pid overwritten -- Unclean shutdown of previous Apache run?
[Mon Nov 17 12:44:53.346733 2025] [ssl:warn] [pid 2964:tid 404] AH01909: www.example.com:443:0 server certificate does NOT include an ID which matches the server name
[Mon Nov 17 12:44:53.550688 2025] [mpm_winnt:notice] [pid 2964:tid 404] AH00455: Apache/2.4.58 (Win64) OpenSSL/3.1.3 PHP/8.2.12 configured -- resuming normal operations
[Mon Nov 17 12:44:53.550688 2025] [mpm_winnt:notice] [pid 2964:tid 404] AH00456: Apache Lounge VS17 Server built: Oct 18 2023 13:03:18
[Mon Nov 17 12:44:53.550688 2025] [core:notice] [pid 2964:tid 404] AH00094: Command line: 'C:\\xampp\\apache\\bin\\httpd.exe -d C:/xampp/apache'
[Mon Nov 17 12:44:53.550688 2025] [mpm_winnt:notice] [pid 2964:tid 404] AH00418: Parent: Created child process 4692
[Mon Nov 17 12:44:54.756317 2025] [ssl:warn] [pid 4692:tid 420] AH01909: www.example.com:443:0 server certificate does NOT include an ID which matches the server name
[Mon Nov 17 12:44:54.796101 2025] [ssl:warn] [pid 4692:tid 420] AH01909: www.example.com:443:0 server certificate does NOT include an ID which matches the server name
[Mon Nov 17 12:44:54.842276 2025] [mpm_winnt:notice] [pid 4692:tid 420] AH00354: Child: Starting 150 worker threads.
[Fri Nov 21 06:56:23.480207 2025] [ssl:warn] [pid 2932:tid 404] AH01909: www.example.com:443:0 server certificate does NOT include an ID which matches the server name
[Fri Nov 21 06:56:23.605552 2025] [core:warn] [pid 2932:tid 404] AH00098: pid file C:/xampp/apache/logs/httpd.pid overwritten -- Unclean shutdown of previous Apache run?
[Fri Nov 21 06:56:23.615071 2025] [ssl:warn] [pid 2932:tid 404] AH01909: www.example.com:443:0 server certificate does NOT include an ID which matches the server name
[Fri Nov 21 06:56:23.875633 2025] [mpm_winnt:notice] [pid 2932:tid 404] AH00455: Apache/2.4.58 (Win64) OpenSSL/3.1.3 PHP/8.2.12 configured -- resuming normal operations
[Fri Nov 21 06:56:23.875633 2025] [mpm_winnt:notice] [pid 2932:tid 404] AH00456: Apache Lounge VS17 Server built: Oct 18 2023 13:03:18
[Fri Nov 21 06:56:23.875633 2025] [core:notice] [pid 2932:tid 404] AH00094: Command line: 'C:\\xampp\\apache\\bin\\httpd.exe -d C:/xampp/apache'
[Fri Nov 21 06:56:23.875633 2025] [mpm_winnt:notice] [pid 2932:tid 404] AH00418: Parent: Created child process 4708
[Fri Nov 21 06:56:24.851579 2025] [ssl:warn] [pid 4708:tid 420] AH01909: www.example.com:443:0 server certificate does NOT include an ID which matches the server name
[Fri Nov 21 06:56:24.910968 2025] [ssl:warn] [pid 4708:tid 420] AH01909: www.example.com:443:0 server certificate does NOT include an ID which matches the server name
[Fri Nov 21 06:56:25.010139 2025] [mpm_winnt:notice] [pid 4708:tid 420] AH00354: Child: Starting 150 worker threads.
[Fri Nov 21 06:56:30.213122 2025] [mpm_winnt:notice] [pid 2932:tid 404] AH00422: Parent: Received shutdown signal -- Shutting down the server.
[Fri Nov 21 06:56:32.238800 2025] [mpm_winnt:notice] [pid 4708:tid 420] AH00364: Child: All worker threads have exited.
[Fri Nov 21 06:56:32.254429 2025] [mpm_winnt:notice] [pid 2932:tid 404] AH00430: Parent: Child process 4708 exited successfully.
[Fri Nov 21 06:57:02.714593 2025] [ssl:warn] [pid 2984:tid 404] AH01909: www.example.com:443:0 server certificate does NOT include an ID which matches the server name
[Fri Nov 21 06:57:02.761472 2025] [ssl:warn] [pid 2984:tid 404] AH01909: www.example.com:443:0 server certificate does NOT include an ID which matches the server name
[Fri Nov 21 06:57:02.919963 2025] [mpm_winnt:notice] [pid 2984:tid 404] AH00455: Apache/2.4.58 (Win64) OpenSSL/3.1.3 PHP/8.2.12 configured -- resuming normal operations
[Fri Nov 21 06:57:02.919963 2025] [mpm_winnt:notice] [pid 2984:tid 404] AH00456: Apache Lounge VS17 Server built: Oct 18 2023 13:03:18
[Fri Nov 21 06:57:02.919963 2025] [core:notice] [pid 2984:tid 404] AH00094: Command line: 'C:\\xampp\\apache\\bin\\httpd.exe -d C:/xampp/apache'
[Fri Nov 21 06:57:02.935594 2025] [mpm_winnt:notice] [pid 2984:tid 404] AH00418: Parent: Created child process 4792
[Fri Nov 21 06:57:04.109651 2025] [ssl:warn] [pid 4792:tid 420] AH01909: www.example.com:443:0 server certificate does NOT include an ID which matches the server name
[Fri Nov 21 06:57:04.167569 2025] [ssl:warn] [pid 4792:tid 420] AH01909: www.example.com:443:0 server certificate does NOT include an ID which matches the server name
[Fri Nov 21 06:57:04.223352 2025] [mpm_winnt:notice] [pid 4792:tid 420] AH00354: Child: Starting 150 worker threads.
[Sat Nov 22 09:41:51.087732 2025] [ssl:warn] [pid 2824:tid 404] AH01909: www.example.com:443:0 server certificate does NOT include an ID which matches the server name
[Sat Nov 22 09:41:51.134611 2025] [core:warn] [pid 2824:tid 404] AH00098: pid file C:/xampp/apache/logs/httpd.pid overwritten -- Unclean shutdown of previous Apache run?
[Sat Nov 22 09:41:51.134611 2025] [ssl:warn] [pid 2824:tid 404] AH01909: www.example.com:443:0 server certificate does NOT include an ID which matches the server name
[Sat Nov 22 09:41:51.354973 2025] [mpm_winnt:notice] [pid 2824:tid 404] AH00455: Apache/2.4.58 (Win64) OpenSSL/3.1.3 PHP/8.2.12 configured -- resuming normal operations
[Sat Nov 22 09:41:51.354973 2025] [mpm_winnt:notice] [pid 2824:tid 404] AH00456: Apache Lounge VS17 Server built: Oct 18 2023 13:03:18
[Sat Nov 22 09:41:51.354973 2025] [core:notice] [pid 2824:tid 404] AH00094: Command line: 'C:\\xampp\\apache\\bin\\httpd.exe -d C:/xampp/apache'
[Sat Nov 22 09:41:51.354973 2025] [mpm_winnt:notice] [pid 2824:tid 404] AH00418: Parent: Created child process 4980
[Sat Nov 22 09:41:52.394710 2025] [ssl:warn] [pid 4980:tid 424] AH01909: www.example.com:443:0 server certificate does NOT include an ID which matches the server name
[Sat Nov 22 09:41:52.426356 2025] [ssl:warn] [pid 4980:tid 424] AH01909: www.example.com:443:0 server certificate does NOT include an ID which matches the server name
[Sat Nov 22 09:41:52.469135 2025] [mpm_winnt:notice] [pid 4980:tid 424] AH00354: Child: Starting 150 worker threads.
[Sun Nov 23 12:52:13.657070 2025] [ssl:warn] [pid 2988:tid 244] AH01909: www.example.com:443:0 server certificate does NOT include an ID which matches the server name
[Sun Nov 23 12:52:13.703944 2025] [core:warn] [pid 2988:tid 244] AH00098: pid file C:/xampp/apache/logs/httpd.pid overwritten -- Unclean shutdown of previous Apache run?
[Sun Nov 23 12:52:13.703944 2025] [ssl:warn] [pid 2988:tid 244] AH01909: www.example.com:443:0 server certificate does NOT include an ID which matches the server name
[Sun Nov 23 12:52:14.182291 2025] [mpm_winnt:notice] [pid 2988:tid 244] AH00455: Apache/2.4.58 (Win64) OpenSSL/3.1.3 PHP/8.2.12 configured -- resuming normal operations
[Sun Nov 23 12:52:14.182291 2025] [mpm_winnt:notice] [pid 2988:tid 244] AH00456: Apache Lounge VS17 Server built: Oct 18 2023 13:03:18
[Sun Nov 23 12:52:14.182291 2025] [core:notice] [pid 2988:tid 244] AH00094: Command line: 'C:\\xampp\\apache\\bin\\httpd.exe -d C:/xampp/apache'
[Sun Nov 23 12:52:14.182291 2025] [mpm_winnt:notice] [pid 2988:tid 244] AH00418: Parent: Created child process 4800
[Sun Nov 23 12:52:15.248950 2025] [ssl:warn] [pid 4800:tid 424] AH01909: www.example.com:443:0 server certificate does NOT include an ID which matches the server name
[Sun Nov 23 12:52:15.289620 2025] [ssl:warn] [pid 4800:tid 424] AH01909: www.example.com:443:0 server certificate does NOT include an ID which matches the server name
[Sun Nov 23 12:52:15.350830 2025] [mpm_winnt:notice] [pid 4800:tid 424] AH00354: Child: Starting 150 worker threads.
[Wed Nov 26 09:35:12.927977 2025] [ssl:warn] [pid 2972:tid 404] AH01909: www.example.com:443:0 server certificate does NOT include an ID which matches the server name
[Wed Nov 26 09:35:12.988377 2025] [core:warn] [pid 2972:tid 404] AH00098: pid file C:/xampp/apache/logs/httpd.pid overwritten -- Unclean shutdown of previous Apache run?
[Wed Nov 26 09:35:12.988377 2025] [ssl:warn] [pid 2972:tid 404] AH01909: www.example.com:443:0 server certificate does NOT include an ID which matches the server name
[Wed Nov 26 09:35:13.258338 2025] [mpm_winnt:notice] [pid 2972:tid 404] AH00455: Apache/2.4.58 (Win64) OpenSSL/3.1.3 PHP/8.2.12 configured -- resuming normal operations
[Wed Nov 26 09:35:13.258338 2025] [mpm_winnt:notice] [pid 2972:tid 404] AH00456: Apache Lounge VS17 Server built: Oct 18 2023 13:03:18
[Wed Nov 26 09:35:13.258338 2025] [core:notice] [pid 2972:tid 404] AH00094: Command line: 'C:\\xampp\\apache\\bin\\httpd.exe -d C:/xampp/apache'
[Wed Nov 26 09:35:13.271342 2025] [mpm_winnt:notice] [pid 2972:tid 404] AH00418: Parent: Created child process 4808
[Wed Nov 26 09:35:14.410730 2025] [ssl:warn] [pid 4808:tid 420] AH01909: www.example.com:443:0 server certificate does NOT include an ID which matches the server name
[Wed Nov 26 09:35:14.465053 2025] [ssl:warn] [pid 4808:tid 420] AH01909: www.example.com:443:0 server certificate does NOT include an ID which matches the server name
[Wed Nov 26 09:35:14.559123 2025] [mpm_winnt:notice] [pid 4808:tid 420] AH00354: Child: Starting 150 worker threads.
[Sun Nov 30 08:28:36.908017 2025] [ssl:warn] [pid 2932:tid 404] AH01909: www.example.com:443:0 server certificate does NOT include an ID which matches the server name
[Sun Nov 30 08:28:37.031330 2025] [core:warn] [pid 2932:tid 404] AH00098: pid file C:/xampp/apache/logs/httpd.pid overwritten -- Unclean shutdown of previous Apache run?
[Sun Nov 30 08:28:37.031330 2025] [ssl:warn] [pid 2932:tid 404] AH01909: www.example.com:443:0 server certificate does NOT include an ID which matches the server name
[Sun Nov 30 08:28:37.417191 2025] [mpm_winnt:notice] [pid 2932:tid 404] AH00455: Apache/2.4.58 (Win64) OpenSSL/3.1.3 PHP/8.2.12 configured -- resuming normal operations
[Sun Nov 30 08:28:37.417191 2025] [mpm_winnt:notice] [pid 2932:tid 404] AH00456: Apache Lounge VS17 Server built: Oct 18 2023 13:03:18
[Sun Nov 30 08:28:37.417191 2025] [core:notice] [pid 2932:tid 404] AH00094: Command line: 'C:\\xampp\\apache\\bin\\httpd.exe -d C:/xampp/apache'
[Sun Nov 30 08:28:37.417191 2025] [mpm_winnt:notice] [pid 2932:tid 404] AH00418: Parent: Created child process 5060
[Sun Nov 30 08:28:38.525250 2025] [ssl:warn] [pid 5060:tid 420] AH01909: www.example.com:443:0 server certificate does NOT include an ID which matches the server name
[Sun Nov 30 08:28:38.546895 2025] [ssl:warn] [pid 5060:tid 420] AH01909: www.example.com:443:0 server certificate does NOT include an ID which matches the server name
[Sun Nov 30 08:28:38.596689 2025] [mpm_winnt:notice] [pid 5060:tid 420] AH00354: Child: Starting 150 worker threads.
[Mon Dec 01 07:48:17.210645 2025] [ssl:warn] [pid 2884:tid 404] AH01909: www.example.com:443:0 server certificate does NOT include an ID which matches the server name
[Mon Dec 01 07:48:17.383460 2025] [core:warn] [pid 2884:tid 404] AH00098: pid file C:/xampp/apache/logs/httpd.pid overwritten -- Unclean shutdown of previous Apache run?
[Mon Dec 01 07:48:17.399084 2025] [ssl:warn] [pid 2884:tid 404] AH01909: www.example.com:443:0 server certificate does NOT include an ID which matches the server name
[Mon Dec 01 07:48:17.710219 2025] [mpm_winnt:notice] [pid 2884:tid 404] AH00455: Apache/2.4.58 (Win64) OpenSSL/3.1.3 PHP/8.2.12 configured -- resuming normal operations
[Mon Dec 01 07:48:17.710219 2025] [mpm_winnt:notice] [pid 2884:tid 404] AH00456: Apache Lounge VS17 Server built: Oct 18 2023 13:03:18
[Mon Dec 01 07:48:17.710219 2025] [core:notice] [pid 2884:tid 404] AH00094: Command line: 'C:\\xampp\\apache\\bin\\httpd.exe -d C:/xampp/apache'
[Mon Dec 01 07:48:17.710219 2025] [mpm_winnt:notice] [pid 2884:tid 404] AH00418: Parent: Created child process 4624
[Mon Dec 01 07:48:18.927191 2025] [ssl:warn] [pid 4624:tid 420] AH01909: www.example.com:443:0 server certificate does NOT include an ID which matches the server name
[Mon Dec 01 07:48:18.964465 2025] [ssl:warn] [pid 4624:tid 420] AH01909: www.example.com:443:0 server certificate does NOT include an ID which matches the server name
[Mon Dec 01 07:48:19.014756 2025] [mpm_winnt:notice] [pid 4624:tid 420] AH00354: Child: Starting 150 worker threads.
[Wed Dec 03 13:18:02.658095 2025] [ssl:warn] [pid 2912:tid 404] AH01909: www.example.com:443:0 server certificate does NOT include an ID which matches the server name
[Wed Dec 03 13:18:02.722519 2025] [core:warn] [pid 2912:tid 404] AH00098: pid file C:/xampp/apache/logs/httpd.pid overwritten -- Unclean shutdown of previous Apache run?
[Wed Dec 03 13:18:02.727523 2025] [ssl:warn] [pid 2912:tid 404] AH01909: www.example.com:443:0 server certificate does NOT include an ID which matches the server name
[Wed Dec 03 13:18:03.140264 2025] [mpm_winnt:notice] [pid 2912:tid 404] AH00455: Apache/2.4.58 (Win64) OpenSSL/3.1.3 PHP/8.2.12 configured -- resuming normal operations
[Wed Dec 03 13:18:03.140264 2025] [mpm_winnt:notice] [pid 2912:tid 404] AH00456: Apache Lounge VS17 Server built: Oct 18 2023 13:03:18
[Wed Dec 03 13:18:03.140264 2025] [core:notice] [pid 2912:tid 404] AH00094: Command line: 'C:\\xampp\\apache\\bin\\httpd.exe -d C:/xampp/apache'
[Wed Dec 03 13:18:03.140264 2025] [mpm_winnt:notice] [pid 2912:tid 404] AH00418: Parent: Created child process 5104
[Wed Dec 03 13:18:04.074733 2025] [ssl:warn] [pid 5104:tid 420] AH01909: www.example.com:443:0 server certificate does NOT include an ID which matches the server name
[Wed Dec 03 13:18:04.119496 2025] [ssl:warn] [pid 5104:tid 420] AH01909: www.example.com:443:0 server certificate does NOT include an ID which matches the server name
[Wed Dec 03 13:18:04.158772 2025] [mpm_winnt:notice] [pid 5104:tid 420] AH00354: Child: Starting 150 worker threads.
[Thu Dec 11 08:18:02.557808 2025] [ssl:warn] [pid 2924:tid 416] AH01909: www.example.com:443:0 server certificate does NOT include an ID which matches the server name
[Thu Dec 11 08:18:02.671533 2025] [core:warn] [pid 2924:tid 416] AH00098: pid file C:/xampp/apache/logs/httpd.pid overwritten -- Unclean shutdown of previous Apache run?
[Thu Dec 11 08:18:02.686036 2025] [ssl:warn] [pid 2924:tid 416] AH01909: www.example.com:443:0 server certificate does NOT include an ID which matches the server name
[Thu Dec 11 08:18:03.107084 2025] [mpm_winnt:notice] [pid 2924:tid 416] AH00455: Apache/2.4.58 (Win64) OpenSSL/3.1.3 PHP/8.2.12 configured -- resuming normal operations
[Thu Dec 11 08:18:03.107084 2025] [mpm_winnt:notice] [pid 2924:tid 416] AH00456: Apache Lounge VS17 Server built: Oct 18 2023 13:03:18
[Thu Dec 11 08:18:03.107084 2025] [core:notice] [pid 2924:tid 416] AH00094: Command line: 'C:\\xampp\\apache\\bin\\httpd.exe -d C:/xampp/apache'
[Thu Dec 11 08:18:03.123720 2025] [mpm_winnt:notice] [pid 2924:tid 416] AH00418: Parent: Created child process 5104
[Thu Dec 11 08:18:04.124463 2025] [ssl:warn] [pid 5104:tid 420] AH01909: www.example.com:443:0 server certificate does NOT include an ID which matches the server name
[Thu Dec 11 08:18:04.154100 2025] [ssl:warn] [pid 5104:tid 420] AH01909: www.example.com:443:0 server certificate does NOT include an ID which matches the server name
[Thu Dec 11 08:18:04.207506 2025] [mpm_winnt:notice] [pid 5104:tid 420] AH00354: Child: Starting 150 worker threads.
[Sat Dec 13 07:05:53.441952 2025] [ssl:warn] [pid 2868:tid 404] AH01909: www.example.com:443:0 server certificate does NOT include an ID which matches the server name
[Sat Dec 13 07:05:53.473203 2025] [core:warn] [pid 2868:tid 404] AH00098: pid file C:/xampp/apache/logs/httpd.pid overwritten -- Unclean shutdown of previous Apache run?
[Sat Dec 13 07:05:53.473203 2025] [ssl:warn] [pid 2868:tid 404] AH01909: www.example.com:443:0 server certificate does NOT include an ID which matches the server name
[Sat Dec 13 07:05:53.641007 2025] [mpm_winnt:notice] [pid 2868:tid 404] AH00455: Apache/2.4.58 (Win64) OpenSSL/3.1.3 PHP/8.2.12 configured -- resuming normal operations
[Sat Dec 13 07:05:53.641007 2025] [mpm_winnt:notice] [pid 2868:tid 404] AH00456: Apache Lounge VS17 Server built: Oct 18 2023 13:03:18
[Sat Dec 13 07:05:53.641007 2025] [core:notice] [pid 2868:tid 404] AH00094: Command line: 'C:\\xampp\\apache\\bin\\httpd.exe -d C:/xampp/apache'
[Sat Dec 13 07:05:53.641007 2025] [mpm_winnt:notice] [pid 2868:tid 404] AH00418: Parent: Created child process 4468
[Sat Dec 13 07:05:54.796426 2025] [ssl:warn] [pid 4468:tid 420] AH01909: www.example.com:443:0 server certificate does NOT include an ID which matches the server name
[Sat Dec 13 07:05:54.833688 2025] [ssl:warn] [pid 4468:tid 420] AH01909: www.example.com:443:0 server certificate does NOT include an ID which matches the server name
[Sat Dec 13 07:05:54.879460 2025] [mpm_winnt:notice] [pid 4468:tid 420] AH00354: Child: Starting 150 worker threads.
[Sat Dec 13 15:57:05.785339 2025] [ssl:warn] [pid 2948:tid 404] AH01909: www.example.com:443:0 server certificate does NOT include an ID which matches the server name
[Sat Dec 13 15:57:05.822601 2025] [core:warn] [pid 2948:tid 404] AH00098: pid file C:/xampp/apache/logs/httpd.pid overwritten -- Unclean shutdown of previous Apache run?
[Sat Dec 13 15:57:05.822601 2025] [ssl:warn] [pid 2948:tid 404] AH01909: www.example.com:443:0 server certificate does NOT include an ID which matches the server name
[Sat Dec 13 15:57:06.245100 2025] [mpm_winnt:notice] [pid 2948:tid 404] AH00455: Apache/2.4.58 (Win64) OpenSSL/3.1.3 PHP/8.2.12 configured -- resuming normal operations
[Sat Dec 13 15:57:06.245100 2025] [mpm_winnt:notice] [pid 2948:tid 404] AH00456: Apache Lounge VS17 Server built: Oct 18 2023 13:03:18
[Sat Dec 13 15:57:06.245100 2025] [core:notice] [pid 2948:tid 404] AH00094: Command line: 'C:\\xampp\\apache\\bin\\httpd.exe -d C:/xampp/apache'
[Sat Dec 13 15:57:06.245100 2025] [mpm_winnt:notice] [pid 2948:tid 404] AH00418: Parent: Created child process 4928
[Sat Dec 13 15:57:07.438097 2025] [ssl:warn] [pid 4928:tid 420] AH01909: www.example.com:443:0 server certificate does NOT include an ID which matches the server name
[Sat Dec 13 15:57:07.494931 2025] [ssl:warn] [pid 4928:tid 420] AH01909: www.example.com:443:0 server certificate does NOT include an ID which matches the server name
[Sat Dec 13 15:57:07.539197 2025] [mpm_winnt:notice] [pid 4928:tid 420] AH00354: Child: Starting 150 worker threads.
[Mon Dec 15 15:14:32.579673 2025] [ssl:warn] [pid 2960:tid 416] AH01909: www.example.com:443:0 server certificate does NOT include an ID which matches the server name
[Mon Dec 15 15:14:32.610922 2025] [core:warn] [pid 2960:tid 416] AH00098: pid file C:/xampp/apache/logs/httpd.pid overwritten -- Unclean shutdown of previous Apache run?
[Mon Dec 15 15:14:32.626546 2025] [ssl:warn] [pid 2960:tid 416] AH01909: www.example.com:443:0 server certificate does NOT include an ID which matches the server name
[Mon Dec 15 15:14:32.897798 2025] [mpm_winnt:notice] [pid 2960:tid 416] AH00455: Apache/2.4.58 (Win64) OpenSSL/3.1.3 PHP/8.2.12 configured -- resuming normal operations
[Mon Dec 15 15:14:32.897798 2025] [mpm_winnt:notice] [pid 2960:tid 416] AH00456: Apache Lounge VS17 Server built: Oct 18 2023 13:03:18
[Mon Dec 15 15:14:32.897798 2025] [core:notice] [pid 2960:tid 416] AH00094: Command line: 'C:\\xampp\\apache\\bin\\httpd.exe -d C:/xampp/apache'
[Mon Dec 15 15:14:32.897798 2025] [mpm_winnt:notice] [pid 2960:tid 416] AH00418: Parent: Created child process 4716
[Mon Dec 15 15:14:34.060303 2025] [ssl:warn] [pid 4716:tid 420] AH01909: www.example.com:443:0 server certificate does NOT include an ID which matches the server name
[Mon Dec 15 15:14:34.102575 2025] [ssl:warn] [pid 4716:tid 420] AH01909: www.example.com:443:0 server certificate does NOT include an ID which matches the server name
[Mon Dec 15 15:14:34.142724 2025] [mpm_winnt:notice] [pid 4716:tid 420] AH00354: Child: Starting 150 worker threads.
[Mon Dec 15 15:21:17.934875 2025] [ssl:warn] [pid 2816:tid 404] AH01909: www.example.com:443:0 server certificate does NOT include an ID which matches the server name
[Mon Dec 15 15:21:17.966136 2025] [core:warn] [pid 2816:tid 404] AH00098: pid file C:/xampp/apache/logs/httpd.pid overwritten -- Unclean shutdown of previous Apache run?
[Mon Dec 15 15:21:17.976659 2025] [ssl:warn] [pid 2816:tid 404] AH01909: www.example.com:443:0 server certificate does NOT include an ID which matches the server name
[Mon Dec 15 15:21:18.314484 2025] [mpm_winnt:notice] [pid 2816:tid 404] AH00455: Apache/2.4.58 (Win64) OpenSSL/3.1.3 PHP/8.2.12 configured -- resuming normal operations
[Mon Dec 15 15:21:18.314484 2025] [mpm_winnt:notice] [pid 2816:tid 404] AH00456: Apache Lounge VS17 Server built: Oct 18 2023 13:03:18
[Mon Dec 15 15:21:18.314484 2025] [core:notice] [pid 2816:tid 404] AH00094: Command line: 'C:\\xampp\\apache\\bin\\httpd.exe -d C:/xampp/apache'
[Mon Dec 15 15:21:18.314484 2025] [mpm_winnt:notice] [pid 2816:tid 404] AH00418: Parent: Created child process 4632
[Mon Dec 15 15:21:19.468184 2025] [ssl:warn] [pid 4632:tid 420] AH01909: www.example.com:443:0 server certificate does NOT include an ID which matches the server name
[Mon Dec 15 15:21:19.514445 2025] [ssl:warn] [pid 4632:tid 420] AH01909: www.example.com:443:0 server certificate does NOT include an ID which matches the server name
[Mon Dec 15 15:21:19.550712 2025] [mpm_winnt:notice] [pid 4632:tid 420] AH00354: Child: Starting 150 worker threads.
[Mon Dec 15 15:40:46.609603 2025] [ssl:warn] [pid 2856:tid 404] AH01909: www.example.com:443:0 server certificate does NOT include an ID which matches the server name
[Mon Dec 15 15:40:46.663402 2025] [core:warn] [pid 2856:tid 404] AH00098: pid file C:/xampp/apache/logs/httpd.pid overwritten -- Unclean shutdown of previous Apache run?
[Mon Dec 15 15:40:46.663402 2025] [ssl:warn] [pid 2856:tid 404] AH01909: www.example.com:443:0 server certificate does NOT include an ID which matches the server name
[Mon Dec 15 15:40:47.120085 2025] [mpm_winnt:notice] [pid 2856:tid 404] AH00455: Apache/2.4.58 (Win64) OpenSSL/3.1.3 PHP/8.2.12 configured -- resuming normal operations
[Mon Dec 15 15:40:47.120085 2025] [mpm_winnt:notice] [pid 2856:tid 404] AH00456: Apache Lounge VS17 Server built: Oct 18 2023 13:03:18
[Mon Dec 15 15:40:47.120085 2025] [core:notice] [pid 2856:tid 404] AH00094: Command line: 'C:\\xampp\\apache\\bin\\httpd.exe -d C:/xampp/apache'
[Mon Dec 15 15:40:47.120085 2025] [mpm_winnt:notice] [pid 2856:tid 404] AH00418: Parent: Created child process 4904
[Mon Dec 15 15:40:48.150918 2025] [ssl:warn] [pid 4904:tid 420] AH01909: www.example.com:443:0 server certificate does NOT include an ID which matches the server name
[Mon Dec 15 15:40:48.194702 2025] [ssl:warn] [pid 4904:tid 420] AH01909: www.example.com:443:0 server certificate does NOT include an ID which matches the server name
[Mon Dec 15 15:40:48.239479 2025] [mpm_winnt:notice] [pid 4904:tid 420] AH00354: Child: Starting 150 worker threads.
[Mon Dec 15 15:46:22.797739 2025] [ssl:warn] [pid 2912:tid 404] AH01909: www.example.com:443:0 server certificate does NOT include an ID which matches the server name
[Mon Dec 15 15:46:22.905908 2025] [core:warn] [pid 2912:tid 404] AH00098: pid file C:/xampp/apache/logs/httpd.pid overwritten -- Unclean shutdown of previous Apache run?
[Mon Dec 15 15:46:22.905908 2025] [ssl:warn] [pid 2912:tid 404] AH01909: www.example.com:443:0 server certificate does NOT include an ID which matches the server name
[Mon Dec 15 15:46:23.144125 2025] [mpm_winnt:notice] [pid 2912:tid 404] AH00455: Apache/2.4.58 (Win64) OpenSSL/3.1.3 PHP/8.2.12 configured -- resuming normal operations
[Mon Dec 15 15:46:23.144125 2025] [mpm_winnt:notice] [pid 2912:tid 404] AH00456: Apache Lounge VS17 Server built: Oct 18 2023 13:03:18
[Mon Dec 15 15:46:23.144125 2025] [core:notice] [pid 2912:tid 404] AH00094: Command line: 'C:\\xampp\\apache\\bin\\httpd.exe -d C:/xampp/apache'
[Mon Dec 15 15:46:23.144125 2025] [mpm_winnt:notice] [pid 2912:tid 404] AH00418: Parent: Created child process 4576
[Mon Dec 15 15:46:24.257856 2025] [ssl:warn] [pid 4576:tid 420] AH01909: www.example.com:443:0 server certificate does NOT include an ID which matches the server name
[Mon Dec 15 15:46:24.290528 2025] [ssl:warn] [pid 4576:tid 420] AH01909: www.example.com:443:0 server certificate does NOT include an ID which matches the server name
[Mon Dec 15 15:46:24.336287 2025] [mpm_winnt:notice] [pid 4576:tid 420] AH00354: Child: Starting 150 worker threads.
[Mon Dec 15 16:58:43.564386 2025] [ssl:warn] [pid 2888:tid 428] AH01909: www.example.com:443:0 server certificate does NOT include an ID which matches the server name
[Mon Dec 15 16:58:43.610642 2025] [core:warn] [pid 2888:tid 428] AH00098: pid file C:/xampp/apache/logs/httpd.pid overwritten -- Unclean shutdown of previous Apache run?
[Mon Dec 15 16:58:43.610642 2025] [ssl:warn] [pid 2888:tid 428] AH01909: www.example.com:443:0 server certificate does NOT include an ID which matches the server name
[Mon Dec 15 16:58:43.806579 2025] [mpm_winnt:notice] [pid 2888:tid 428] AH00455: Apache/2.4.58 (Win64) OpenSSL/3.1.3 PHP/8.2.12 configured -- resuming normal operations
[Mon Dec 15 16:58:43.806579 2025] [mpm_winnt:notice] [pid 2888:tid 428] AH00456: Apache Lounge VS17 Server built: Oct 18 2023 13:03:18
[Mon Dec 15 16:58:43.806579 2025] [core:notice] [pid 2888:tid 428] AH00094: Command line: 'C:\\xampp\\apache\\bin\\httpd.exe -d C:/xampp/apache'
[Mon Dec 15 16:58:43.866480 2025] [mpm_winnt:notice] [pid 2888:tid 428] AH00418: Parent: Created child process 4660
[Mon Dec 15 16:58:45.037324 2025] [ssl:warn] [pid 4660:tid 420] AH01909: www.example.com:443:0 server certificate does NOT include an ID which matches the server name
[Mon Dec 15 16:58:45.073500 2025] [ssl:warn] [pid 4660:tid 420] AH01909: www.example.com:443:0 server certificate does NOT include an ID which matches the server name
[Mon Dec 15 16:58:45.137801 2025] [mpm_winnt:notice] [pid 4660:tid 420] AH00354: Child: Starting 150 worker threads.
[Tue Dec 16 09:05:21.991389 2025] [ssl:warn] [pid 2904:tid 404] AH01909: www.example.com:443:0 server certificate does NOT include an ID which matches the server name
[Tue Dec 16 09:05:22.042787 2025] [core:warn] [pid 2904:tid 404] AH00098: pid file C:/xampp/apache/logs/httpd.pid overwritten -- Unclean shutdown of previous Apache run?
[Tue Dec 16 09:05:22.042787 2025] [ssl:warn] [pid 2904:tid 404] AH01909: www.example.com:443:0 server certificate does NOT include an ID which matches the server name
[Tue Dec 16 09:05:22.365221 2025] [mpm_winnt:notice] [pid 2904:tid 404] AH00455: Apache/2.4.58 (Win64) OpenSSL/3.1.3 PHP/8.2.12 configured -- resuming normal operations
[Tue Dec 16 09:05:22.365221 2025] [mpm_winnt:notice] [pid 2904:tid 404] AH00456: Apache Lounge VS17 Server built: Oct 18 2023 13:03:18
[Tue Dec 16 09:05:22.365221 2025] [core:notice] [pid 2904:tid 404] AH00094: Command line: 'C:\\xampp\\apache\\bin\\httpd.exe -d C:/xampp/apache'
[Tue Dec 16 09:05:22.365221 2025] [mpm_winnt:notice] [pid 2904:tid 404] AH00418: Parent: Created child process 4932
[Tue Dec 16 09:05:23.358052 2025] [ssl:warn] [pid 4932:tid 420] AH01909: www.example.com:443:0 server certificate does NOT include an ID which matches the server name
[Tue Dec 16 09:05:23.387606 2025] [ssl:warn] [pid 4932:tid 420] AH01909: www.example.com:443:0 server certificate does NOT include an ID which matches the server name
[Tue Dec 16 09:05:23.438005 2025] [mpm_winnt:notice] [pid 4932:tid 420] AH00354: Child: Starting 150 worker threads.
[Tue Dec 16 13:57:37.245364 2025] [ssl:warn] [pid 2884:tid 404] AH01909: www.example.com:443:0 server certificate does NOT include an ID which matches the server name
[Tue Dec 16 13:57:37.438772 2025] [core:warn] [pid 2884:tid 404] AH00098: pid file C:/xampp/apache/logs/httpd.pid overwritten -- Unclean shutdown of previous Apache run?
[Tue Dec 16 13:57:37.438772 2025] [ssl:warn] [pid 2884:tid 404] AH01909: www.example.com:443:0 server certificate does NOT include an ID which matches the server name
[Tue Dec 16 13:57:37.681363 2025] [mpm_winnt:notice] [pid 2884:tid 404] AH00455: Apache/2.4.58 (Win64) OpenSSL/3.1.3 PHP/8.2.12 configured -- resuming normal operations
[Tue Dec 16 13:57:37.681363 2025] [mpm_winnt:notice] [pid 2884:tid 404] AH00456: Apache Lounge VS17 Server built: Oct 18 2023 13:03:18
[Tue Dec 16 13:57:37.681363 2025] [core:notice] [pid 2884:tid 404] AH00094: Command line: 'C:\\xampp\\apache\\bin\\httpd.exe -d C:/xampp/apache'
[Tue Dec 16 13:57:37.681363 2025] [mpm_winnt:notice] [pid 2884:tid 404] AH00418: Parent: Created child process 4632
[Tue Dec 16 13:57:38.925501 2025] [ssl:warn] [pid 4632:tid 420] AH01909: www.example.com:443:0 server certificate does NOT include an ID which matches the server name
[Tue Dec 16 13:57:38.963660 2025] [ssl:warn] [pid 4632:tid 420] AH01909: www.example.com:443:0 server certificate does NOT include an ID which matches the server name
[Tue Dec 16 13:57:39.034583 2025] [mpm_winnt:notice] [pid 4632:tid 420] AH00354: Child: Starting 150 worker threads.
[Wed Dec 17 09:06:36.251637 2025] [ssl:warn] [pid 2892:tid 436] AH01909: www.example.com:443:0 server certificate does NOT include an ID which matches the server name
[Wed Dec 17 09:06:36.304033 2025] [core:warn] [pid 2892:tid 436] AH00098: pid file C:/xampp/apache/logs/httpd.pid overwritten -- Unclean shutdown of previous Apache run?
[Wed Dec 17 09:06:36.304033 2025] [ssl:warn] [pid 2892:tid 436] AH01909: www.example.com:443:0 server certificate does NOT include an ID which matches the server name
[Wed Dec 17 09:06:36.555849 2025] [mpm_winnt:notice] [pid 2892:tid 436] AH00455: Apache/2.4.58 (Win64) OpenSSL/3.1.3 PHP/8.2.12 configured -- resuming normal operations
[Wed Dec 17 09:06:36.555849 2025] [mpm_winnt:notice] [pid 2892:tid 436] AH00456: Apache Lounge VS17 Server built: Oct 18 2023 13:03:18
[Wed Dec 17 09:06:36.555849 2025] [core:notice] [pid 2892:tid 436] AH00094: Command line: 'C:\\xampp\\apache\\bin\\httpd.exe -d C:/xampp/apache'
[Wed Dec 17 09:06:36.555849 2025] [mpm_winnt:notice] [pid 2892:tid 436] AH00418: Parent: Created child process 4468
[Wed Dec 17 09:06:37.898851 2025] [ssl:warn] [pid 4468:tid 424] AH01909: www.example.com:443:0 server certificate does NOT include an ID which matches the server name
[Wed Dec 17 09:06:37.945731 2025] [ssl:warn] [pid 4468:tid 424] AH01909: www.example.com:443:0 server certificate does NOT include an ID which matches the server name
[Wed Dec 17 09:06:38.023853 2025] [mpm_winnt:notice] [pid 4468:tid 424] AH00354: Child: Starting 150 worker threads.
[Sat Dec 20 13:18:08.719289 2025] [ssl:warn] [pid 2752:tid 404] AH01909: www.example.com:443:0 server certificate does NOT include an ID which matches the server name
[Sat Dec 20 13:18:08.749419 2025] [core:warn] [pid 2752:tid 404] AH00098: pid file C:/xampp/apache/logs/httpd.pid overwritten -- Unclean shutdown of previous Apache run?
[Sat Dec 20 13:18:08.749419 2025] [ssl:warn] [pid 2752:tid 404] AH01909: www.example.com:443:0 server certificate does NOT include an ID which matches the server name
[Sat Dec 20 13:18:09.138713 2025] [mpm_winnt:notice] [pid 2752:tid 404] AH00455: Apache/2.4.58 (Win64) OpenSSL/3.1.3 PHP/8.2.12 configured -- resuming normal operations
[Sat Dec 20 13:18:09.138713 2025] [mpm_winnt:notice] [pid 2752:tid 404] AH00456: Apache Lounge VS17 Server built: Oct 18 2023 13:03:18
[Sat Dec 20 13:18:09.138713 2025] [core:notice] [pid 2752:tid 404] AH00094: Command line: 'C:\\xampp\\apache\\bin\\httpd.exe -d C:/xampp/apache'
[Sat Dec 20 13:18:09.138713 2025] [mpm_winnt:notice] [pid 2752:tid 404] AH00418: Parent: Created child process 4292
[Sat Dec 20 13:18:10.318515 2025] [ssl:warn] [pid 4292:tid 420] AH01909: www.example.com:443:0 server certificate does NOT include an ID which matches the server name
[Sat Dec 20 13:18:10.358785 2025] [ssl:warn] [pid 4292:tid 420] AH01909: www.example.com:443:0 server certificate does NOT include an ID which matches the server name
[Sat Dec 20 13:18:10.394550 2025] [mpm_winnt:notice] [pid 4292:tid 420] AH00354: Child: Starting 150 worker threads.
[Sun Dec 21 12:40:26.811100 2025] [ssl:warn] [pid 2960:tid 404] AH01909: www.example.com:443:0 server certificate does NOT include an ID which matches the server name
[Sun Dec 21 12:40:26.855880 2025] [core:warn] [pid 2960:tid 404] AH00098: pid file C:/xampp/apache/logs/httpd.pid overwritten -- Unclean shutdown of previous Apache run?
[Sun Dec 21 12:40:26.855880 2025] [ssl:warn] [pid 2960:tid 404] AH01909: www.example.com:443:0 server certificate does NOT include an ID which matches the server name
[Sun Dec 21 12:40:27.067714 2025] [mpm_winnt:notice] [pid 2960:tid 404] AH00455: Apache/2.4.58 (Win64) OpenSSL/3.1.3 PHP/8.2.12 configured -- resuming normal operations
[Sun Dec 21 12:40:27.067714 2025] [mpm_winnt:notice] [pid 2960:tid 404] AH00456: Apache Lounge VS17 Server built: Oct 18 2023 13:03:18
[Sun Dec 21 12:40:27.067714 2025] [core:notice] [pid 2960:tid 404] AH00094: Command line: 'C:\\xampp\\apache\\bin\\httpd.exe -d C:/xampp/apache'
[Sun Dec 21 12:40:27.067714 2025] [mpm_winnt:notice] [pid 2960:tid 404] AH00418: Parent: Created child process 4924
[Sun Dec 21 12:40:28.089615 2025] [ssl:warn] [pid 4924:tid 420] AH01909: www.example.com:443:0 server certificate does NOT include an ID which matches the server name
[Sun Dec 21 12:40:28.119749 2025] [ssl:warn] [pid 4924:tid 420] AH01909: www.example.com:443:0 server certificate does NOT include an ID which matches the server name
[Sun Dec 21 12:40:28.183673 2025] [mpm_winnt:notice] [pid 4924:tid 420] AH00354: Child: Starting 150 worker threads.
[Tue Dec 23 08:16:41.526561 2025] [ssl:warn] [pid 2912:tid 404] AH01909: www.example.com:443:0 server certificate does NOT include an ID which matches the server name
[Tue Dec 23 08:16:41.677626 2025] [core:warn] [pid 2912:tid 404] AH00098: pid file C:/xampp/apache/logs/httpd.pid overwritten -- Unclean shutdown of previous Apache run?
[Tue Dec 23 08:16:41.677626 2025] [ssl:warn] [pid 2912:tid 404] AH01909: www.example.com:443:0 server certificate does NOT include an ID which matches the server name
[Tue Dec 23 08:16:41.883093 2025] [mpm_winnt:notice] [pid 2912:tid 404] AH00455: Apache/2.4.58 (Win64) OpenSSL/3.1.3 PHP/8.2.12 configured -- resuming normal operations
[Tue Dec 23 08:16:41.883093 2025] [mpm_winnt:notice] [pid 2912:tid 404] AH00456: Apache Lounge VS17 Server built: Oct 18 2023 13:03:18
[Tue Dec 23 08:16:41.883093 2025] [core:notice] [pid 2912:tid 404] AH00094: Command line: 'C:\\xampp\\apache\\bin\\httpd.exe -d C:/xampp/apache'
[Tue Dec 23 08:16:41.898723 2025] [mpm_winnt:notice] [pid 2912:tid 404] AH00418: Parent: Created child process 4536
[Tue Dec 23 08:16:43.153158 2025] [ssl:warn] [pid 4536:tid 420] AH01909: www.example.com:443:0 server certificate does NOT include an ID which matches the server name
[Tue Dec 23 08:16:43.201932 2025] [ssl:warn] [pid 4536:tid 420] AH01909: www.example.com:443:0 server certificate does NOT include an ID which matches the server name
[Tue Dec 23 08:16:43.248715 2025] [mpm_winnt:notice] [pid 4536:tid 420] AH00354: Child: Starting 150 worker threads.
[Wed Dec 24 07:13:36.965886 2025] [mpm_winnt:notice] [pid 2912:tid 404] AH00422: Parent: Received shutdown signal -- Shutting down the server.
[Wed Dec 24 07:13:39.023160 2025] [mpm_winnt:notice] [pid 4536:tid 420] AH00364: Child: All worker threads have exited.
[Wed Dec 24 07:13:39.190558 2025] [mpm_winnt:notice] [pid 2912:tid 404] AH00430: Parent: Child process 4536 exited successfully.
[Wed Dec 24 07:14:10.143807 2025] [ssl:warn] [pid 1976:tid 404] AH01909: www.example.com:443:0 server certificate does NOT include an ID which matches the server name
[Wed Dec 24 07:14:10.190680 2025] [ssl:warn] [pid 1976:tid 404] AH01909: www.example.com:443:0 server certificate does NOT include an ID which matches the server name
[Wed Dec 24 07:14:10.371392 2025] [mpm_winnt:notice] [pid 1976:tid 404] AH00455: Apache/2.4.58 (Win64) OpenSSL/3.1.3 PHP/8.2.12 configured -- resuming normal operations
[Wed Dec 24 07:14:10.371392 2025] [mpm_winnt:notice] [pid 1976:tid 404] AH00456: Apache Lounge VS17 Server built: Oct 18 2023 13:03:18
[Wed Dec 24 07:14:10.371392 2025] [core:notice] [pid 1976:tid 404] AH00094: Command line: 'C:\\xampp\\apache\\bin\\httpd.exe -d C:/xampp/apache'
[Wed Dec 24 07:14:10.371392 2025] [mpm_winnt:notice] [pid 1976:tid 404] AH00418: Parent: Created child process 4740
[Wed Dec 24 07:14:11.321278 2025] [ssl:warn] [pid 4740:tid 428] AH01909: www.example.com:443:0 server certificate does NOT include an ID which matches the server name
[Wed Dec 24 07:14:11.353931 2025] [ssl:warn] [pid 4740:tid 428] AH01909: www.example.com:443:0 server certificate does NOT include an ID which matches the server name
[Wed Dec 24 07:14:11.400811 2025] [mpm_winnt:notice] [pid 4740:tid 428] AH00354: Child: Starting 150 worker threads.
[Wed Dec 24 07:15:41.546786 2025] [mpm_winnt:notice] [pid 1976:tid 404] AH00422: Parent: Received shutdown signal -- Shutting down the server.
[Wed Dec 24 07:15:43.598731 2025] [mpm_winnt:notice] [pid 4740:tid 428] AH00364: Child: All worker threads have exited.
[Wed Dec 24 07:15:43.628945 2025] [mpm_winnt:notice] [pid 1976:tid 404] AH00430: Parent: Child process 4740 exited successfully.
[Wed Dec 24 07:16:14.117469 2025] [ssl:warn] [pid 2144:tid 404] AH01909: www.example.com:443:0 server certificate does NOT include an ID which matches the server name
[Wed Dec 24 07:16:14.148719 2025] [ssl:warn] [pid 2144:tid 404] AH01909: www.example.com:443:0 server certificate does NOT include an ID which matches the server name
[Wed Dec 24 07:16:14.316907 2025] [mpm_winnt:notice] [pid 2144:tid 404] AH00455: Apache/2.4.58 (Win64) OpenSSL/3.1.3 PHP/8.2.12 configured -- resuming normal operations
[Wed Dec 24 07:16:14.316907 2025] [mpm_winnt:notice] [pid 2144:tid 404] AH00456: Apache Lounge VS17 Server built: Oct 18 2023 13:03:18
[Wed Dec 24 07:16:14.316907 2025] [core:notice] [pid 2144:tid 404] AH00094: Command line: 'C:\\xampp\\apache\\bin\\httpd.exe -d C:/xampp/apache'
[Wed Dec 24 07:16:14.316907 2025] [mpm_winnt:notice] [pid 2144:tid 404] AH00418: Parent: Created child process 4732
[Wed Dec 24 07:16:15.160690 2025] [ssl:warn] [pid 4732:tid 420] AH01909: www.example.com:443:0 server certificate does NOT include an ID which matches the server name
[Wed Dec 24 07:16:15.192962 2025] [ssl:warn] [pid 4732:tid 420] AH01909: www.example.com:443:0 server certificate does NOT include an ID which matches the server name
[Wed Dec 24 07:16:15.250737 2025] [mpm_winnt:notice] [pid 4732:tid 420] AH00354: Child: Starting 150 worker threads.
[Thu Dec 25 12:49:06.705816 2025] [ssl:warn] [pid 2940:tid 404] AH01909: www.example.com:443:0 server certificate does NOT include an ID which matches the server name
[Thu Dec 25 12:49:06.741577 2025] [core:warn] [pid 2940:tid 404] AH00098: pid file C:/xampp/apache/logs/httpd.pid overwritten -- Unclean shutdown of previous Apache run?
[Thu Dec 25 12:49:06.741577 2025] [ssl:warn] [pid 2940:tid 404] AH01909: www.example.com:443:0 server certificate does NOT include an ID which matches the server name
[Thu Dec 25 12:49:07.001921 2025] [mpm_winnt:notice] [pid 2940:tid 404] AH00455: Apache/2.4.58 (Win64) OpenSSL/3.1.3 PHP/8.2.12 configured -- resuming normal operations
[Thu Dec 25 12:49:07.001921 2025] [mpm_winnt:notice] [pid 2940:tid 404] AH00456: Apache Lounge VS17 Server built: Oct 18 2023 13:03:18
[Thu Dec 25 12:49:07.001921 2025] [core:notice] [pid 2940:tid 404] AH00094: Command line: 'C:\\xampp\\apache\\bin\\httpd.exe -d C:/xampp/apache'
[Thu Dec 25 12:49:07.001921 2025] [mpm_winnt:notice] [pid 2940:tid 404] AH00418: Parent: Created child process 4448
[Thu Dec 25 12:49:08.107921 2025] [ssl:warn] [pid 4448:tid 420] AH01909: www.example.com:443:0 server certificate does NOT include an ID which matches the server name
[Thu Dec 25 12:49:08.143577 2025] [ssl:warn] [pid 4448:tid 420] AH01909: www.example.com:443:0 server certificate does NOT include an ID which matches the server name
[Thu Dec 25 12:49:08.212092 2025] [mpm_winnt:notice] [pid 4448:tid 420] AH00354: Child: Starting 150 worker threads.
[Fri Dec 26 09:19:03.791473 2025] [ssl:warn] [pid 2864:tid 404] AH01909: www.example.com:443:0 server certificate does NOT include an ID which matches the server name
[Fri Dec 26 09:19:03.837764 2025] [core:warn] [pid 2864:tid 404] AH00098: pid file C:/xampp/apache/logs/httpd.pid overwritten -- Unclean shutdown of previous Apache run?
[Fri Dec 26 09:19:03.837764 2025] [ssl:warn] [pid 2864:tid 404] AH01909: www.example.com:443:0 server certificate does NOT include an ID which matches the server name
[Fri Dec 26 09:19:04.287489 2025] [mpm_winnt:notice] [pid 2864:tid 404] AH00455: Apache/2.4.58 (Win64) OpenSSL/3.1.3 PHP/8.2.12 configured -- resuming normal operations
[Fri Dec 26 09:19:04.287489 2025] [mpm_winnt:notice] [pid 2864:tid 404] AH00456: Apache Lounge VS17 Server built: Oct 18 2023 13:03:18
[Fri Dec 26 09:19:04.287489 2025] [core:notice] [pid 2864:tid 404] AH00094: Command line: 'C:\\xampp\\apache\\bin\\httpd.exe -d C:/xampp/apache'
[Fri Dec 26 09:19:04.287489 2025] [mpm_winnt:notice] [pid 2864:tid 404] AH00418: Parent: Created child process 5032
[Fri Dec 26 09:19:05.439600 2025] [ssl:warn] [pid 5032:tid 420] AH01909: www.example.com:443:0 server certificate does NOT include an ID which matches the server name
[Fri Dec 26 09:19:05.474249 2025] [ssl:warn] [pid 5032:tid 420] AH01909: www.example.com:443:0 server certificate does NOT include an ID which matches the server name
[Fri Dec 26 09:19:05.525541 2025] [mpm_winnt:notice] [pid 5032:tid 420] AH00354: Child: Starting 150 worker threads.
[Sat Dec 27 08:00:41.110821 2025] [ssl:warn] [pid 2932:tid 148] AH01909: www.example.com:443:0 server certificate does NOT include an ID which matches the server name
[Sat Dec 27 08:00:41.142070 2025] [core:warn] [pid 2932:tid 148] AH00098: pid file C:/xampp/apache/logs/httpd.pid overwritten -- Unclean shutdown of previous Apache run?
[Sat Dec 27 08:00:41.142070 2025] [ssl:warn] [pid 2932:tid 148] AH01909: www.example.com:443:0 server certificate does NOT include an ID which matches the server name
[Sat Dec 27 08:00:41.443320 2025] [mpm_winnt:notice] [pid 2932:tid 148] AH00455: Apache/2.4.58 (Win64) OpenSSL/3.1.3 PHP/8.2.12 configured -- resuming normal operations
[Sat Dec 27 08:00:41.443320 2025] [mpm_winnt:notice] [pid 2932:tid 148] AH00456: Apache Lounge VS17 Server built: Oct 18 2023 13:03:18
[Sat Dec 27 08:00:41.443320 2025] [core:notice] [pid 2932:tid 148] AH00094: Command line: 'C:\\xampp\\apache\\bin\\httpd.exe -d C:/xampp/apache'
[Sat Dec 27 08:00:41.443320 2025] [mpm_winnt:notice] [pid 2932:tid 148] AH00418: Parent: Created child process 4452
[Sat Dec 27 08:00:42.755140 2025] [ssl:warn] [pid 4452:tid 420] AH01909: www.example.com:443:0 server certificate does NOT include an ID which matches the server name
[Sat Dec 27 08:00:42.817550 2025] [ssl:warn] [pid 4452:tid 420] AH01909: www.example.com:443:0 server certificate does NOT include an ID which matches the server name
[Sat Dec 27 08:00:42.883448 2025] [mpm_winnt:notice] [pid 4452:tid 420] AH00354: Child: Starting 150 worker threads.
[Sat Dec 27 12:19:46.430495 2025] [ssl:warn] [pid 2820:tid 404] AH01909: www.example.com:443:0 server certificate does NOT include an ID which matches the server name
[Sat Dec 27 12:19:46.485291 2025] [core:warn] [pid 2820:tid 404] AH00098: pid file C:/xampp/apache/logs/httpd.pid overwritten -- Unclean shutdown of previous Apache run?
[Sat Dec 27 12:19:46.500916 2025] [ssl:warn] [pid 2820:tid 404] AH01909: www.example.com:443:0 server certificate does NOT include an ID which matches the server name
[Sat Dec 27 12:19:46.930917 2025] [mpm_winnt:notice] [pid 2820:tid 404] AH00455: Apache/2.4.58 (Win64) OpenSSL/3.1.3 PHP/8.2.12 configured -- resuming normal operations
[Sat Dec 27 12:19:46.930917 2025] [mpm_winnt:notice] [pid 2820:tid 404] AH00456: Apache Lounge VS17 Server built: Oct 18 2023 13:03:18
[Sat Dec 27 12:19:46.930917 2025] [core:notice] [pid 2820:tid 404] AH00094: Command line: 'C:\\xampp\\apache\\bin\\httpd.exe -d C:/xampp/apache'
[Sat Dec 27 12:19:46.930917 2025] [mpm_winnt:notice] [pid 2820:tid 404] AH00418: Parent: Created child process 4888
[Sat Dec 27 12:19:48.121555 2025] [ssl:warn] [pid 4888:tid 420] AH01909: www.example.com:443:0 server certificate does NOT include an ID which matches the server name
[Sat Dec 27 12:19:48.159337 2025] [ssl:warn] [pid 4888:tid 420] AH01909: www.example.com:443:0 server certificate does NOT include an ID which matches the server name
[Sat Dec 27 12:19:48.210626 2025] [mpm_winnt:notice] [pid 4888:tid 420] AH00354: Child: Starting 150 worker threads.
[Sun Dec 28 08:07:45.462969 2025] [ssl:warn] [pid 2972:tid 404] AH01909: www.example.com:443:0 server certificate does NOT include an ID which matches the server name
[Sun Dec 28 08:07:45.588880 2025] [core:warn] [pid 2972:tid 404] AH00098: pid file C:/xampp/apache/logs/httpd.pid overwritten -- Unclean shutdown of previous Apache run?
[Sun Dec 28 08:07:45.588880 2025] [ssl:warn] [pid 2972:tid 404] AH01909: www.example.com:443:0 server certificate does NOT include an ID which matches the server name
[Sun Dec 28 08:07:45.985348 2025] [mpm_winnt:notice] [pid 2972:tid 404] AH00455: Apache/2.4.58 (Win64) OpenSSL/3.1.3 PHP/8.2.12 configured -- resuming normal operations
[Sun Dec 28 08:07:45.985348 2025] [mpm_winnt:notice] [pid 2972:tid 404] AH00456: Apache Lounge VS17 Server built: Oct 18 2023 13:03:18
[Sun Dec 28 08:07:45.985348 2025] [core:notice] [pid 2972:tid 404] AH00094: Command line: 'C:\\xampp\\apache\\bin\\httpd.exe -d C:/xampp/apache'
[Sun Dec 28 08:07:45.989362 2025] [mpm_winnt:notice] [pid 2972:tid 404] AH00418: Parent: Created child process 4548
[Sun Dec 28 08:07:46.756809 2025] [ssl:warn] [pid 4548:tid 420] AH01909: www.example.com:443:0 server certificate does NOT include an ID which matches the server name
[Sun Dec 28 08:07:46.788064 2025] [ssl:warn] [pid 4548:tid 420] AH01909: www.example.com:443:0 server certificate does NOT include an ID which matches the server name
[Sun Dec 28 08:07:46.846845 2025] [mpm_winnt:notice] [pid 4548:tid 420] AH00354: Child: Starting 150 worker threads.
[Thu Jan 01 13:54:18.910208 2026] [ssl:warn] [pid 2848:tid 404] AH01909: www.example.com:443:0 server certificate does NOT include an ID which matches the server name
[Thu Jan 01 13:54:18.991662 2026] [core:warn] [pid 2848:tid 404] AH00098: pid file C:/xampp/apache/logs/httpd.pid overwritten -- Unclean shutdown of previous Apache run?
[Thu Jan 01 13:54:19.007292 2026] [ssl:warn] [pid 2848:tid 404] AH01909: www.example.com:443:0 server certificate does NOT include an ID which matches the server name
[Thu Jan 01 13:54:19.376601 2026] [mpm_winnt:notice] [pid 2848:tid 404] AH00455: Apache/2.4.58 (Win64) OpenSSL/3.1.3 PHP/8.2.12 configured -- resuming normal operations
[Thu Jan 01 13:54:19.376601 2026] [mpm_winnt:notice] [pid 2848:tid 404] AH00456: Apache Lounge VS17 Server built: Oct 18 2023 13:03:18
[Thu Jan 01 13:54:19.376601 2026] [core:notice] [pid 2848:tid 404] AH00094: Command line: 'C:\\xampp\\apache\\bin\\httpd.exe -d C:/xampp/apache'
[Thu Jan 01 13:54:19.426375 2026] [mpm_winnt:notice] [pid 2848:tid 404] AH00418: Parent: Created child process 4808
[Thu Jan 01 13:54:20.516948 2026] [ssl:warn] [pid 4808:tid 444] AH01909: www.example.com:443:0 server certificate does NOT include an ID which matches the server name
[Thu Jan 01 13:54:20.554741 2026] [ssl:warn] [pid 4808:tid 444] AH01909: www.example.com:443:0 server certificate does NOT include an ID which matches the server name
[Thu Jan 01 13:54:20.601621 2026] [mpm_winnt:notice] [pid 4808:tid 444] AH00354: Child: Starting 150 worker threads.
[Mon Jan 05 09:41:55.247123 2026] [ssl:warn] [pid 2304:tid 404] AH01909: www.example.com:443:0 server certificate does NOT include an ID which matches the server name
[Mon Jan 05 09:41:55.333779 2026] [core:warn] [pid 2304:tid 404] AH00098: pid file C:/xampp/apache/logs/httpd.pid overwritten -- Unclean shutdown of previous Apache run?
[Mon Jan 05 09:41:55.333779 2026] [ssl:warn] [pid 2304:tid 404] AH01909: www.example.com:443:0 server certificate does NOT include an ID which matches the server name
[Mon Jan 05 09:41:55.721859 2026] [mpm_winnt:notice] [pid 2304:tid 404] AH00455: Apache/2.4.58 (Win64) OpenSSL/3.1.3 PHP/8.2.12 configured -- resuming normal operations
[Mon Jan 05 09:41:55.721859 2026] [mpm_winnt:notice] [pid 2304:tid 404] AH00456: Apache Lounge VS17 Server built: Oct 18 2023 13:03:18
[Mon Jan 05 09:41:55.721859 2026] [core:notice] [pid 2304:tid 404] AH00094: Command line: 'C:\\xampp\\apache\\bin\\httpd.exe -d C:/xampp/apache'
[Mon Jan 05 09:41:55.721859 2026] [mpm_winnt:notice] [pid 2304:tid 404] AH00418: Parent: Created child process 5080
[Mon Jan 05 09:41:56.729191 2026] [ssl:warn] [pid 5080:tid 420] AH01909: www.example.com:443:0 server certificate does NOT include an ID which matches the server name
[Mon Jan 05 09:41:56.768469 2026] [ssl:warn] [pid 5080:tid 420] AH01909: www.example.com:443:0 server certificate does NOT include an ID which matches the server name
[Mon Jan 05 09:41:56.815236 2026] [mpm_winnt:notice] [pid 5080:tid 420] AH00354: Child: Starting 150 worker threads.
[Tue Jan 06 17:36:56.117807 2026] [ssl:warn] [pid 2900:tid 404] AH01909: www.example.com:443:0 server certificate does NOT include an ID which matches the server name
[Tue Jan 06 17:36:56.149057 2026] [core:warn] [pid 2900:tid 404] AH00098: pid file C:/xampp/apache/logs/httpd.pid overwritten -- Unclean shutdown of previous Apache run?
[Tue Jan 06 17:36:56.149057 2026] [ssl:warn] [pid 2900:tid 404] AH01909: www.example.com:443:0 server certificate does NOT include an ID which matches the server name
[Tue Jan 06 17:36:56.545866 2026] [mpm_winnt:notice] [pid 2900:tid 404] AH00455: Apache/2.4.58 (Win64) OpenSSL/3.1.3 PHP/8.2.12 configured -- resuming normal operations
[Tue Jan 06 17:36:56.545866 2026] [mpm_winnt:notice] [pid 2900:tid 404] AH00456: Apache Lounge VS17 Server built: Oct 18 2023 13:03:18
[Tue Jan 06 17:36:56.545866 2026] [core:notice] [pid 2900:tid 404] AH00094: Command line: 'C:\\xampp\\apache\\bin\\httpd.exe -d C:/xampp/apache'
[Tue Jan 06 17:36:56.561490 2026] [mpm_winnt:notice] [pid 2900:tid 404] AH00418: Parent: Created child process 4664
[Tue Jan 06 17:36:57.647673 2026] [ssl:warn] [pid 4664:tid 420] AH01909: www.example.com:443:0 server certificate does NOT include an ID which matches the server name
[Tue Jan 06 17:36:57.691939 2026] [ssl:warn] [pid 4664:tid 420] AH01909: www.example.com:443:0 server certificate does NOT include an ID which matches the server name
[Tue Jan 06 17:36:57.735614 2026] [mpm_winnt:notice] [pid 4664:tid 420] AH00354: Child: Starting 150 worker threads.
[Thu Jan 08 09:53:23.443569 2026] [ssl:warn] [pid 3064:tid 404] AH01909: www.example.com:443:0 server certificate does NOT include an ID which matches the server name
[Thu Jan 08 09:53:23.488832 2026] [core:warn] [pid 3064:tid 404] AH00098: pid file C:/xampp/apache/logs/httpd.pid overwritten -- Unclean shutdown of previous Apache run?
[Thu Jan 08 09:53:23.488832 2026] [ssl:warn] [pid 3064:tid 404] AH01909: www.example.com:443:0 server certificate does NOT include an ID which matches the server name
[Thu Jan 08 09:53:23.886141 2026] [mpm_winnt:notice] [pid 3064:tid 404] AH00455: Apache/2.4.58 (Win64) OpenSSL/3.1.3 PHP/8.2.12 configured -- resuming normal operations
[Thu Jan 08 09:53:23.886141 2026] [mpm_winnt:notice] [pid 3064:tid 404] AH00456: Apache Lounge VS17 Server built: Oct 18 2023 13:03:18
[Thu Jan 08 09:53:23.886141 2026] [core:notice] [pid 3064:tid 404] AH00094: Command line: 'C:\\xampp\\apache\\bin\\httpd.exe -d C:/xampp/apache'
[Thu Jan 08 09:53:23.886141 2026] [mpm_winnt:notice] [pid 3064:tid 404] AH00418: Parent: Created child process 4872
[Thu Jan 08 09:53:25.166959 2026] [ssl:warn] [pid 4872:tid 420] AH01909: www.example.com:443:0 server certificate does NOT include an ID which matches the server name
[Thu Jan 08 09:53:25.201114 2026] [ssl:warn] [pid 4872:tid 420] AH01909: www.example.com:443:0 server certificate does NOT include an ID which matches the server name
[Thu Jan 08 09:53:25.247994 2026] [mpm_winnt:notice] [pid 4872:tid 420] AH00354: Child: Starting 150 worker threads.
[Thu Jan 08 11:15:51.677033 2026] [ssl:warn] [pid 2968:tid 404] AH01909: www.example.com:443:0 server certificate does NOT include an ID which matches the server name
[Thu Jan 08 11:15:51.717332 2026] [core:warn] [pid 2968:tid 404] AH00098: pid file C:/xampp/apache/logs/httpd.pid overwritten -- Unclean shutdown of previous Apache run?
[Thu Jan 08 11:15:51.717332 2026] [ssl:warn] [pid 2968:tid 404] AH01909: www.example.com:443:0 server certificate does NOT include an ID which matches the server name
[Thu Jan 08 11:15:51.969114 2026] [mpm_winnt:notice] [pid 2968:tid 404] AH00455: Apache/2.4.58 (Win64) OpenSSL/3.1.3 PHP/8.2.12 configured -- resuming normal operations
[Thu Jan 08 11:15:51.969114 2026] [mpm_winnt:notice] [pid 2968:tid 404] AH00456: Apache Lounge VS17 Server built: Oct 18 2023 13:03:18
[Thu Jan 08 11:15:51.969114 2026] [core:notice] [pid 2968:tid 404] AH00094: Command line: 'C:\\xampp\\apache\\bin\\httpd.exe -d C:/xampp/apache'
[Thu Jan 08 11:15:51.969114 2026] [mpm_winnt:notice] [pid 2968:tid 404] AH00418: Parent: Created child process 4780
[Thu Jan 08 11:15:53.250757 2026] [ssl:warn] [pid 4780:tid 420] AH01909: www.example.com:443:0 server certificate does NOT include an ID which matches the server name
[Thu Jan 08 11:15:53.298552 2026] [ssl:warn] [pid 4780:tid 420] AH01909: www.example.com:443:0 server certificate does NOT include an ID which matches the server name
[Thu Jan 08 11:15:53.347441 2026] [mpm_winnt:notice] [pid 4780:tid 420] AH00354: Child: Starting 150 worker threads.
[Thu Jan 08 17:25:07.304125 2026] [mpm_winnt:notice] [pid 2968:tid 404] AH00422: Parent: Received shutdown signal -- Shutting down the server.
[Thu Jan 08 17:25:09.371992 2026] [mpm_winnt:notice] [pid 4780:tid 420] AH00364: Child: All worker threads have exited.
[Thu Jan 08 17:25:09.548500 2026] [mpm_winnt:notice] [pid 2968:tid 404] AH00430: Parent: Child process 4780 exited successfully.
[Fri Jan 09 07:57:39.604420 2026] [ssl:warn] [pid 584:tid 404] AH01909: www.example.com:443:0 server certificate does NOT include an ID which matches the server name
[Fri Jan 09 07:57:39.714622 2026] [ssl:warn] [pid 584:tid 404] AH01909: www.example.com:443:0 server certificate does NOT include an ID which matches the server name
[Fri Jan 09 07:57:39.980463 2026] [mpm_winnt:notice] [pid 584:tid 404] AH00455: Apache/2.4.58 (Win64) OpenSSL/3.1.3 PHP/8.2.12 configured -- resuming normal operations
[Fri Jan 09 07:57:39.980463 2026] [mpm_winnt:notice] [pid 584:tid 404] AH00456: Apache Lounge VS17 Server built: Oct 18 2023 13:03:18
[Fri Jan 09 07:57:39.980463 2026] [core:notice] [pid 584:tid 404] AH00094: Command line: 'C:\\xampp\\apache\\bin\\httpd.exe -d C:/xampp/apache'
[Fri Jan 09 07:57:39.980463 2026] [mpm_winnt:notice] [pid 584:tid 404] AH00418: Parent: Created child process 4624
[Fri Jan 09 07:57:40.843077 2026] [ssl:warn] [pid 4624:tid 420] AH01909: www.example.com:443:0 server certificate does NOT include an ID which matches the server name
[Fri Jan 09 07:57:40.872217 2026] [ssl:warn] [pid 4624:tid 420] AH01909: www.example.com:443:0 server certificate does NOT include an ID which matches the server name
[Fri Jan 09 07:57:40.914389 2026] [mpm_winnt:notice] [pid 4624:tid 420] AH00354: Child: Starting 150 worker threads.
[Sat Jan 10 07:04:37.190250 2026] [ssl:warn] [pid 2932:tid 404] AH01909: www.example.com:443:0 server certificate does NOT include an ID which matches the server name
[Sat Jan 10 07:04:37.342806 2026] [core:warn] [pid 2932:tid 404] AH00098: pid file C:/xampp/apache/logs/httpd.pid overwritten -- Unclean shutdown of previous Apache run?
[Sat Jan 10 07:04:37.342806 2026] [ssl:warn] [pid 2932:tid 404] AH01909: www.example.com:443:0 server certificate does NOT include an ID which matches the server name
[Sat Jan 10 07:04:37.592137 2026] [mpm_winnt:notice] [pid 2932:tid 404] AH00455: Apache/2.4.58 (Win64) OpenSSL/3.1.3 PHP/8.2.12 configured -- resuming normal operations
[Sat Jan 10 07:04:37.592137 2026] [mpm_winnt:notice] [pid 2932:tid 404] AH00456: Apache Lounge VS17 Server built: Oct 18 2023 13:03:18
[Sat Jan 10 07:04:37.592137 2026] [core:notice] [pid 2932:tid 404] AH00094: Command line: 'C:\\xampp\\apache\\bin\\httpd.exe -d C:/xampp/apache'
[Sat Jan 10 07:04:37.592137 2026] [mpm_winnt:notice] [pid 2932:tid 404] AH00418: Parent: Created child process 4532
[Sat Jan 10 07:04:38.787990 2026] [ssl:warn] [pid 4532:tid 420] AH01909: www.example.com:443:0 server certificate does NOT include an ID which matches the server name
[Sat Jan 10 07:04:38.840879 2026] [ssl:warn] [pid 4532:tid 420] AH01909: www.example.com:443:0 server certificate does NOT include an ID which matches the server name
[Sat Jan 10 07:04:38.900776 2026] [mpm_winnt:notice] [pid 4532:tid 420] AH00354: Child: Starting 150 worker threads.
[Sat Jan 10 11:41:34.152799 2026] [ssl:warn] [pid 2836:tid 404] AH01909: www.example.com:443:0 server certificate does NOT include an ID which matches the server name
[Sat Jan 10 11:41:34.199672 2026] [core:warn] [pid 2836:tid 404] AH00098: pid file C:/xampp/apache/logs/httpd.pid overwritten -- Unclean shutdown of previous Apache run?
[Sat Jan 10 11:41:34.199672 2026] [ssl:warn] [pid 2836:tid 404] AH01909: www.example.com:443:0 server certificate does NOT include an ID which matches the server name
[Sat Jan 10 11:41:34.410444 2026] [mpm_winnt:notice] [pid 2836:tid 404] AH00455: Apache/2.4.58 (Win64) OpenSSL/3.1.3 PHP/8.2.12 configured -- resuming normal operations
[Sat Jan 10 11:41:34.410444 2026] [mpm_winnt:notice] [pid 2836:tid 404] AH00456: Apache Lounge VS17 Server built: Oct 18 2023 13:03:18
[Sat Jan 10 11:41:34.410444 2026] [core:notice] [pid 2836:tid 404] AH00094: Command line: 'C:\\xampp\\apache\\bin\\httpd.exe -d C:/xampp/apache'
[Sat Jan 10 11:41:34.410444 2026] [mpm_winnt:notice] [pid 2836:tid 404] AH00418: Parent: Created child process 4440
[Sat Jan 10 11:41:35.435292 2026] [ssl:warn] [pid 4440:tid 432] AH01909: www.example.com:443:0 server certificate does NOT include an ID which matches the server name
[Sat Jan 10 11:41:35.479562 2026] [ssl:warn] [pid 4440:tid 432] AH01909: www.example.com:443:0 server certificate does NOT include an ID which matches the server name
[Sat Jan 10 11:41:35.526435 2026] [mpm_winnt:notice] [pid 4440:tid 432] AH00354: Child: Starting 150 worker threads.
[Mon Jan 12 11:53:21.116673 2026] [ssl:warn] [pid 2964:tid 408] AH01909: www.example.com:443:0 server certificate does NOT include an ID which matches the server name
[Mon Jan 12 11:53:21.213353 2026] [core:warn] [pid 2964:tid 408] AH00098: pid file C:/xampp/apache/logs/httpd.pid overwritten -- Unclean shutdown of previous Apache run?
[Mon Jan 12 11:53:21.213353 2026] [ssl:warn] [pid 2964:tid 408] AH01909: www.example.com:443:0 server certificate does NOT include an ID which matches the server name
[Mon Jan 12 11:53:21.594120 2026] [mpm_winnt:notice] [pid 2964:tid 408] AH00455: Apache/2.4.58 (Win64) OpenSSL/3.1.3 PHP/8.2.12 configured -- resuming normal operations
[Mon Jan 12 11:53:21.594120 2026] [mpm_winnt:notice] [pid 2964:tid 408] AH00456: Apache Lounge VS17 Server built: Oct 18 2023 13:03:18
[Mon Jan 12 11:53:21.594120 2026] [core:notice] [pid 2964:tid 408] AH00094: Command line: 'C:\\xampp\\apache\\bin\\httpd.exe -d C:/xampp/apache'
[Mon Jan 12 11:53:21.608624 2026] [mpm_winnt:notice] [pid 2964:tid 408] AH00418: Parent: Created child process 5076
[Mon Jan 12 11:53:22.488981 2026] [ssl:warn] [pid 5076:tid 420] AH01909: www.example.com:443:0 server certificate does NOT include an ID which matches the server name
[Mon Jan 12 11:53:22.520236 2026] [ssl:warn] [pid 5076:tid 420] AH01909: www.example.com:443:0 server certificate does NOT include an ID which matches the server name
[Mon Jan 12 11:53:22.578134 2026] [mpm_winnt:notice] [pid 5076:tid 420] AH00354: Child: Starting 150 worker threads.
[Mon Jan 12 12:39:13.810680 2026] [ssl:warn] [pid 2892:tid 312] AH01909: www.example.com:443:0 server certificate does NOT include an ID which matches the server name
[Mon Jan 12 12:39:13.841935 2026] [core:warn] [pid 2892:tid 312] AH00098: pid file C:/xampp/apache/logs/httpd.pid overwritten -- Unclean shutdown of previous Apache run?
[Mon Jan 12 12:39:13.856944 2026] [ssl:warn] [pid 2892:tid 312] AH01909: www.example.com:443:0 server certificate does NOT include an ID which matches the server name
[Mon Jan 12 12:39:14.228451 2026] [mpm_winnt:notice] [pid 2892:tid 312] AH00455: Apache/2.4.58 (Win64) OpenSSL/3.1.3 PHP/8.2.12 configured -- resuming normal operations
[Mon Jan 12 12:39:14.228451 2026] [mpm_winnt:notice] [pid 2892:tid 312] AH00456: Apache Lounge VS17 Server built: Oct 18 2023 13:03:18
[Mon Jan 12 12:39:14.228451 2026] [core:notice] [pid 2892:tid 312] AH00094: Command line: 'C:\\xampp\\apache\\bin\\httpd.exe -d C:/xampp/apache'
[Mon Jan 12 12:39:14.228451 2026] [mpm_winnt:notice] [pid 2892:tid 312] AH00418: Parent: Created child process 4808
[Mon Jan 12 12:39:15.518245 2026] [ssl:warn] [pid 4808:tid 428] AH01909: www.example.com:443:0 server certificate does NOT include an ID which matches the server name
[Mon Jan 12 12:39:15.560919 2026] [ssl:warn] [pid 4808:tid 428] AH01909: www.example.com:443:0 server certificate does NOT include an ID which matches the server name
[Mon Jan 12 12:39:15.624356 2026] [mpm_winnt:notice] [pid 4808:tid 428] AH00354: Child: Starting 150 worker threads.
[Mon Jan 12 14:12:00.728943 2026] [ssl:warn] [pid 2864:tid 404] AH01909: www.example.com:443:0 server certificate does NOT include an ID which matches the server name
[Mon Jan 12 14:12:00.755089 2026] [core:warn] [pid 2864:tid 404] AH00098: pid file C:/xampp/apache/logs/httpd.pid overwritten -- Unclean shutdown of previous Apache run?
[Mon Jan 12 14:12:00.770723 2026] [ssl:warn] [pid 2864:tid 404] AH01909: www.example.com:443:0 server certificate does NOT include an ID which matches the server name
[Mon Jan 12 14:12:00.997215 2026] [mpm_winnt:notice] [pid 2864:tid 404] AH00455: Apache/2.4.58 (Win64) OpenSSL/3.1.3 PHP/8.2.12 configured -- resuming normal operations
[Mon Jan 12 14:12:00.997215 2026] [mpm_winnt:notice] [pid 2864:tid 404] AH00456: Apache Lounge VS17 Server built: Oct 18 2023 13:03:18
[Mon Jan 12 14:12:00.997215 2026] [core:notice] [pid 2864:tid 404] AH00094: Command line: 'C:\\xampp\\apache\\bin\\httpd.exe -d C:/xampp/apache'
[Mon Jan 12 14:12:00.997215 2026] [mpm_winnt:notice] [pid 2864:tid 404] AH00418: Parent: Created child process 4508
[Mon Jan 12 14:12:02.404153 2026] [ssl:warn] [pid 4508:tid 420] AH01909: www.example.com:443:0 server certificate does NOT include an ID which matches the server name
[Mon Jan 12 14:12:02.470467 2026] [ssl:warn] [pid 4508:tid 420] AH01909: www.example.com:443:0 server certificate does NOT include an ID which matches the server name
[Mon Jan 12 14:12:02.544997 2026] [mpm_winnt:notice] [pid 4508:tid 420] AH00354: Child: Starting 150 worker threads.
[Tue Jan 13 09:30:27.655738 2026] [ssl:warn] [pid 2856:tid 404] AH01909: www.example.com:443:0 server certificate does NOT include an ID which matches the server name
[Tue Jan 13 09:30:27.795574 2026] [core:warn] [pid 2856:tid 404] AH00098: pid file C:/xampp/apache/logs/httpd.pid overwritten -- Unclean shutdown of previous Apache run?
[Tue Jan 13 09:30:27.811204 2026] [ssl:warn] [pid 2856:tid 404] AH01909: www.example.com:443:0 server certificate does NOT include an ID which matches the server name
[Tue Jan 13 09:30:28.220716 2026] [mpm_winnt:notice] [pid 2856:tid 404] AH00455: Apache/2.4.58 (Win64) OpenSSL/3.1.3 PHP/8.2.12 configured -- resuming normal operations
[Tue Jan 13 09:30:28.220716 2026] [mpm_winnt:notice] [pid 2856:tid 404] AH00456: Apache Lounge VS17 Server built: Oct 18 2023 13:03:18
[Tue Jan 13 09:30:28.220716 2026] [core:notice] [pid 2856:tid 404] AH00094: Command line: 'C:\\xampp\\apache\\bin\\httpd.exe -d C:/xampp/apache'
[Tue Jan 13 09:30:28.220716 2026] [mpm_winnt:notice] [pid 2856:tid 404] AH00418: Parent: Created child process 4988
[Tue Jan 13 09:30:29.384051 2026] [ssl:warn] [pid 4988:tid 420] AH01909: www.example.com:443:0 server certificate does NOT include an ID which matches the server name
[Tue Jan 13 09:30:29.428321 2026] [ssl:warn] [pid 4988:tid 420] AH01909: www.example.com:443:0 server certificate does NOT include an ID which matches the server name
[Tue Jan 13 09:30:29.475595 2026] [mpm_winnt:notice] [pid 4988:tid 420] AH00354: Child: Starting 150 worker threads.
[Wed Jan 14 10:13:40.582375 2026] [ssl:warn] [pid 2888:tid 404] AH01909: www.example.com:443:0 server certificate does NOT include an ID which matches the server name
[Wed Jan 14 10:13:40.628663 2026] [core:warn] [pid 2888:tid 404] AH00098: pid file C:/xampp/apache/logs/httpd.pid overwritten -- Unclean shutdown of previous Apache run?
[Wed Jan 14 10:13:40.635666 2026] [ssl:warn] [pid 2888:tid 404] AH01909: www.example.com:443:0 server certificate does NOT include an ID which matches the server name
[Wed Jan 14 10:13:40.897525 2026] [mpm_winnt:notice] [pid 2888:tid 404] AH00455: Apache/2.4.58 (Win64) OpenSSL/3.1.3 PHP/8.2.12 configured -- resuming normal operations
[Wed Jan 14 10:13:40.897525 2026] [mpm_winnt:notice] [pid 2888:tid 404] AH00456: Apache Lounge VS17 Server built: Oct 18 2023 13:03:18
[Wed Jan 14 10:13:40.897525 2026] [core:notice] [pid 2888:tid 404] AH00094: Command line: 'C:\\xampp\\apache\\bin\\httpd.exe -d C:/xampp/apache'
[Wed Jan 14 10:13:40.897525 2026] [mpm_winnt:notice] [pid 2888:tid 404] AH00418: Parent: Created child process 4508
[Wed Jan 14 10:13:42.184178 2026] [ssl:warn] [pid 4508:tid 420] AH01909: www.example.com:443:0 server certificate does NOT include an ID which matches the server name
[Wed Jan 14 10:13:42.237077 2026] [ssl:warn] [pid 4508:tid 420] AH01909: www.example.com:443:0 server certificate does NOT include an ID which matches the server name
[Wed Jan 14 10:13:42.295884 2026] [mpm_winnt:notice] [pid 4508:tid 420] AH00354: Child: Starting 150 worker threads.
[Wed Jan 14 14:57:33.927569 2026] [ssl:warn] [pid 3008:tid 416] AH01909: www.example.com:443:0 server certificate does NOT include an ID which matches the server name
[Wed Jan 14 14:57:33.986455 2026] [core:warn] [pid 3008:tid 416] AH00098: pid file C:/xampp/apache/logs/httpd.pid overwritten -- Unclean shutdown of previous Apache run?
[Wed Jan 14 14:57:33.986455 2026] [ssl:warn] [pid 3008:tid 416] AH01909: www.example.com:443:0 server certificate does NOT include an ID which matches the server name
[Wed Jan 14 14:57:34.337807 2026] [mpm_winnt:notice] [pid 3008:tid 416] AH00455: Apache/2.4.58 (Win64) OpenSSL/3.1.3 PHP/8.2.12 configured -- resuming normal operations
[Wed Jan 14 14:57:34.337807 2026] [mpm_winnt:notice] [pid 3008:tid 416] AH00456: Apache Lounge VS17 Server built: Oct 18 2023 13:03:18
[Wed Jan 14 14:57:34.337807 2026] [core:notice] [pid 3008:tid 416] AH00094: Command line: 'C:\\xampp\\apache\\bin\\httpd.exe -d C:/xampp/apache'
[Wed Jan 14 14:57:34.337807 2026] [mpm_winnt:notice] [pid 3008:tid 416] AH00418: Parent: Created child process 5028
[Wed Jan 14 14:57:35.404958 2026] [ssl:warn] [pid 5028:tid 420] AH01909: www.example.com:443:0 server certificate does NOT include an ID which matches the server name
[Wed Jan 14 14:57:35.441616 2026] [ssl:warn] [pid 5028:tid 420] AH01909: www.example.com:443:0 server certificate does NOT include an ID which matches the server name
[Wed Jan 14 14:57:35.504507 2026] [mpm_winnt:notice] [pid 5028:tid 420] AH00354: Child: Starting 150 worker threads.
[Thu Jan 15 10:22:28.846158 2026] [ssl:warn] [pid 2936:tid 420] AH01909: www.example.com:443:0 server certificate does NOT include an ID which matches the server name
[Thu Jan 15 10:22:28.893034 2026] [core:warn] [pid 2936:tid 420] AH00098: pid file C:/xampp/apache/logs/httpd.pid overwritten -- Unclean shutdown of previous Apache run?
[Thu Jan 15 10:22:28.893034 2026] [ssl:warn] [pid 2936:tid 420] AH01909: www.example.com:443:0 server certificate does NOT include an ID which matches the server name
[Thu Jan 15 10:22:29.192061 2026] [mpm_winnt:notice] [pid 2936:tid 420] AH00455: Apache/2.4.58 (Win64) OpenSSL/3.1.3 PHP/8.2.12 configured -- resuming normal operations
[Thu Jan 15 10:22:29.192061 2026] [mpm_winnt:notice] [pid 2936:tid 420] AH00456: Apache Lounge VS17 Server built: Oct 18 2023 13:03:18
[Thu Jan 15 10:22:29.192061 2026] [core:notice] [pid 2936:tid 420] AH00094: Command line: 'C:\\xampp\\apache\\bin\\httpd.exe -d C:/xampp/apache'
[Thu Jan 15 10:22:29.192061 2026] [mpm_winnt:notice] [pid 2936:tid 420] AH00418: Parent: Created child process 4760
[Thu Jan 15 10:22:30.300104 2026] [ssl:warn] [pid 4760:tid 420] AH01909: www.example.com:443:0 server certificate does NOT include an ID which matches the server name
[Thu Jan 15 10:22:30.353004 2026] [ssl:warn] [pid 4760:tid 420] AH01909: www.example.com:443:0 server certificate does NOT include an ID which matches the server name
[Thu Jan 15 10:22:30.408814 2026] [mpm_winnt:notice] [pid 4760:tid 420] AH00354: Child: Starting 150 worker threads.
[Fri Jan 16 17:13:23.312891 2026] [mpm_winnt:notice] [pid 2936:tid 420] AH00422: Parent: Received shutdown signal -- Shutting down the server.
[Fri Jan 16 17:13:25.382759 2026] [mpm_winnt:notice] [pid 4760:tid 420] AH00364: Child: All worker threads have exited.
[Fri Jan 16 17:13:25.557067 2026] [mpm_winnt:notice] [pid 2936:tid 420] AH00430: Parent: Child process 4760 exited successfully.
[Fri Jan 16 17:13:55.557919 2026] [ssl:warn] [pid 3076:tid 404] AH01909: www.example.com:443:0 server certificate does NOT include an ID which matches the server name
[Fri Jan 16 17:13:55.593178 2026] [ssl:warn] [pid 3076:tid 404] AH01909: www.example.com:443:0 server certificate does NOT include an ID which matches the server name
[Fri Jan 16 17:13:55.864359 2026] [mpm_winnt:notice] [pid 3076:tid 404] AH00455: Apache/2.4.58 (Win64) OpenSSL/3.1.3 PHP/8.2.12 configured -- resuming normal operations
[Fri Jan 16 17:13:55.864359 2026] [mpm_winnt:notice] [pid 3076:tid 404] AH00456: Apache Lounge VS17 Server built: Oct 18 2023 13:03:18
[Fri Jan 16 17:13:55.864359 2026] [core:notice] [pid 3076:tid 404] AH00094: Command line: 'C:\\xampp\\apache\\bin\\httpd.exe -d C:/xampp/apache'
[Fri Jan 16 17:13:55.864359 2026] [mpm_winnt:notice] [pid 3076:tid 404] AH00418: Parent: Created child process 4864
[Fri Jan 16 17:13:56.710743 2026] [ssl:warn] [pid 4864:tid 420] AH01909: www.example.com:443:0 server certificate does NOT include an ID which matches the server name
[Fri Jan 16 17:13:56.746445 2026] [ssl:warn] [pid 4864:tid 420] AH01909: www.example.com:443:0 server certificate does NOT include an ID which matches the server name
[Fri Jan 16 17:13:56.789220 2026] [mpm_winnt:notice] [pid 4864:tid 420] AH00354: Child: Starting 150 worker threads.
[Sat Jan 17 07:17:28.513076 2026] [ssl:warn] [pid 2896:tid 404] AH01909: www.example.com:443:0 server certificate does NOT include an ID which matches the server name
[Sat Jan 17 07:17:28.559950 2026] [core:warn] [pid 2896:tid 404] AH00098: pid file C:/xampp/apache/logs/httpd.pid overwritten -- Unclean shutdown of previous Apache run?
[Sat Jan 17 07:17:28.559950 2026] [ssl:warn] [pid 2896:tid 404] AH01909: www.example.com:443:0 server certificate does NOT include an ID which matches the server name
[Sat Jan 17 07:17:28.780922 2026] [mpm_winnt:notice] [pid 2896:tid 404] AH00455: Apache/2.4.58 (Win64) OpenSSL/3.1.3 PHP/8.2.12 configured -- resuming normal operations
[Sat Jan 17 07:17:28.780922 2026] [mpm_winnt:notice] [pid 2896:tid 404] AH00456: Apache Lounge VS17 Server built: Oct 18 2023 13:03:18
[Sat Jan 17 07:17:28.780922 2026] [core:notice] [pid 2896:tid 404] AH00094: Command line: 'C:\\xampp\\apache\\bin\\httpd.exe -d C:/xampp/apache'
[Sat Jan 17 07:17:28.780922 2026] [mpm_winnt:notice] [pid 2896:tid 404] AH00418: Parent: Created child process 4544
[Sat Jan 17 07:17:30.253737 2026] [ssl:warn] [pid 4544:tid 420] AH01909: www.example.com:443:0 server certificate does NOT include an ID which matches the server name
[Sat Jan 17 07:17:30.283390 2026] [ssl:warn] [pid 4544:tid 420] AH01909: www.example.com:443:0 server certificate does NOT include an ID which matches the server name
[Sat Jan 17 07:17:30.335176 2026] [mpm_winnt:notice] [pid 4544:tid 420] AH00354: Child: Starting 150 worker threads.
[Mon Jan 19 08:25:06.463377 2026] [ssl:warn] [pid 3004:tid 404] AH01909: www.example.com:443:0 server certificate does NOT include an ID which matches the server name
[Mon Jan 19 08:25:06.499175 2026] [core:warn] [pid 3004:tid 404] AH00098: pid file C:/xampp/apache/logs/httpd.pid overwritten -- Unclean shutdown of previous Apache run?
[Mon Jan 19 08:25:06.514800 2026] [ssl:warn] [pid 3004:tid 404] AH01909: www.example.com:443:0 server certificate does NOT include an ID which matches the server name
[Mon Jan 19 08:25:06.706242 2026] [mpm_winnt:notice] [pid 3004:tid 404] AH00455: Apache/2.4.58 (Win64) OpenSSL/3.1.3 PHP/8.2.12 configured -- resuming normal operations
[Mon Jan 19 08:25:06.706242 2026] [mpm_winnt:notice] [pid 3004:tid 404] AH00456: Apache Lounge VS17 Server built: Oct 18 2023 13:03:18
[Mon Jan 19 08:25:06.706242 2026] [core:notice] [pid 3004:tid 404] AH00094: Command line: 'C:\\xampp\\apache\\bin\\httpd.exe -d C:/xampp/apache'
[Mon Jan 19 08:25:06.706242 2026] [mpm_winnt:notice] [pid 3004:tid 404] AH00418: Parent: Created child process 4692
[Mon Jan 19 08:25:08.020623 2026] [ssl:warn] [pid 4692:tid 420] AH01909: www.example.com:443:0 server certificate does NOT include an ID which matches the server name
[Mon Jan 19 08:25:08.127315 2026] [ssl:warn] [pid 4692:tid 420] AH01909: www.example.com:443:0 server certificate does NOT include an ID which matches the server name
[Mon Jan 19 08:25:08.179092 2026] [mpm_winnt:notice] [pid 4692:tid 420] AH00354: Child: Starting 150 worker threads.
[Tue Jan 20 11:08:30.302974 2026] [ssl:warn] [pid 2980:tid 404] AH01909: www.example.com:443:0 server certificate does NOT include an ID which matches the server name
[Tue Jan 20 11:08:30.334223 2026] [core:warn] [pid 2980:tid 404] AH00098: pid file C:/xampp/apache/logs/httpd.pid overwritten -- Unclean shutdown of previous Apache run?
[Tue Jan 20 11:08:30.349847 2026] [ssl:warn] [pid 2980:tid 404] AH01909: www.example.com:443:0 server certificate does NOT include an ID which matches the server name
[Tue Jan 20 11:08:30.644318 2026] [mpm_winnt:notice] [pid 2980:tid 404] AH00455: Apache/2.4.58 (Win64) OpenSSL/3.1.3 PHP/8.2.12 configured -- resuming normal operations
[Tue Jan 20 11:08:30.644318 2026] [mpm_winnt:notice] [pid 2980:tid 404] AH00456: Apache Lounge VS17 Server built: Oct 18 2023 13:03:18
[Tue Jan 20 11:08:30.644318 2026] [core:notice] [pid 2980:tid 404] AH00094: Command line: 'C:\\xampp\\apache\\bin\\httpd.exe -d C:/xampp/apache'
[Tue Jan 20 11:08:30.644318 2026] [mpm_winnt:notice] [pid 2980:tid 404] AH00418: Parent: Created child process 4620
[Tue Jan 20 11:08:31.933989 2026] [ssl:warn] [pid 4620:tid 420] AH01909: www.example.com:443:0 server certificate does NOT include an ID which matches the server name
[Tue Jan 20 11:08:31.965243 2026] [ssl:warn] [pid 4620:tid 420] AH01909: www.example.com:443:0 server certificate does NOT include an ID which matches the server name
[Tue Jan 20 11:08:32.015521 2026] [mpm_winnt:notice] [pid 4620:tid 420] AH00354: Child: Starting 150 worker threads.
[Tue Jan 20 14:11:38.760247 2026] [ssl:warn] [pid 2996:tid 404] AH01909: www.example.com:443:0 server certificate does NOT include an ID which matches the server name
[Tue Jan 20 14:11:38.798509 2026] [core:warn] [pid 2996:tid 404] AH00098: pid file C:/xampp/apache/logs/httpd.pid overwritten -- Unclean shutdown of previous Apache run?
[Tue Jan 20 14:11:38.798509 2026] [ssl:warn] [pid 2996:tid 404] AH01909: www.example.com:443:0 server certificate does NOT include an ID which matches the server name
[Tue Jan 20 14:11:39.020813 2026] [mpm_winnt:notice] [pid 2996:tid 404] AH00455: Apache/2.4.58 (Win64) OpenSSL/3.1.3 PHP/8.2.12 configured -- resuming normal operations
[Tue Jan 20 14:11:39.020813 2026] [mpm_winnt:notice] [pid 2996:tid 404] AH00456: Apache Lounge VS17 Server built: Oct 18 2023 13:03:18
[Tue Jan 20 14:11:39.020813 2026] [core:notice] [pid 2996:tid 404] AH00094: Command line: 'C:\\xampp\\apache\\bin\\httpd.exe -d C:/xampp/apache'
[Tue Jan 20 14:11:39.020813 2026] [mpm_winnt:notice] [pid 2996:tid 404] AH00418: Parent: Created child process 4780
[Tue Jan 20 14:11:40.160392 2026] [ssl:warn] [pid 4780:tid 420] AH01909: www.example.com:443:0 server certificate does NOT include an ID which matches the server name
[Tue Jan 20 14:11:40.194650 2026] [ssl:warn] [pid 4780:tid 420] AH01909: www.example.com:443:0 server certificate does NOT include an ID which matches the server name
[Tue Jan 20 14:11:40.245940 2026] [mpm_winnt:notice] [pid 4780:tid 420] AH00354: Child: Starting 150 worker threads.
[Tue Jan 20 16:25:06.958014 2026] [mpm_winnt:notice] [pid 2996:tid 404] AH00422: Parent: Received shutdown signal -- Shutting down the server.
[Tue Jan 20 16:25:09.056664 2026] [mpm_winnt:notice] [pid 4780:tid 420] AH00364: Child: All worker threads have exited.
[Tue Jan 20 16:25:09.221985 2026] [mpm_winnt:notice] [pid 2996:tid 404] AH00430: Parent: Child process 4780 exited successfully.
[Tue Jan 20 16:25:38.222400 2026] [ssl:warn] [pid 3040:tid 404] AH01909: www.example.com:443:0 server certificate does NOT include an ID which matches the server name
[Tue Jan 20 16:25:38.258069 2026] [ssl:warn] [pid 3040:tid 404] AH01909: www.example.com:443:0 server certificate does NOT include an ID which matches the server name
[Tue Jan 20 16:25:38.500471 2026] [mpm_winnt:notice] [pid 3040:tid 404] AH00455: Apache/2.4.58 (Win64) OpenSSL/3.1.3 PHP/8.2.12 configured -- resuming normal operations
[Tue Jan 20 16:25:38.500471 2026] [mpm_winnt:notice] [pid 3040:tid 404] AH00456: Apache Lounge VS17 Server built: Oct 18 2023 13:03:18
[Tue Jan 20 16:25:38.500471 2026] [core:notice] [pid 3040:tid 404] AH00094: Command line: 'C:\\xampp\\apache\\bin\\httpd.exe -d C:/xampp/apache'
[Tue Jan 20 16:25:38.500471 2026] [mpm_winnt:notice] [pid 3040:tid 404] AH00418: Parent: Created child process 4860
[Tue Jan 20 16:25:39.475663 2026] [ssl:warn] [pid 4860:tid 420] AH01909: www.example.com:443:0 server certificate does NOT include an ID which matches the server name
[Tue Jan 20 16:25:39.515933 2026] [ssl:warn] [pid 4860:tid 420] AH01909: www.example.com:443:0 server certificate does NOT include an ID which matches the server name
[Tue Jan 20 16:25:39.558704 2026] [mpm_winnt:notice] [pid 4860:tid 420] AH00354: Child: Starting 150 worker threads.
[Wed Jan 21 07:45:23.616083 2026] [ssl:warn] [pid 2900:tid 404] AH01909: www.example.com:443:0 server certificate does NOT include an ID which matches the server name
[Wed Jan 21 07:45:23.647335 2026] [core:warn] [pid 2900:tid 404] AH00098: pid file C:/xampp/apache/logs/httpd.pid overwritten -- Unclean shutdown of previous Apache run?
[Wed Jan 21 07:45:23.662957 2026] [ssl:warn] [pid 2900:tid 404] AH01909: www.example.com:443:0 server certificate does NOT include an ID which matches the server name
[Wed Jan 21 07:45:23.902762 2026] [mpm_winnt:notice] [pid 2900:tid 404] AH00455: Apache/2.4.58 (Win64) OpenSSL/3.1.3 PHP/8.2.12 configured -- resuming normal operations
[Wed Jan 21 07:45:23.902762 2026] [mpm_winnt:notice] [pid 2900:tid 404] AH00456: Apache Lounge VS17 Server built: Oct 18 2023 13:03:18
[Wed Jan 21 07:45:23.902762 2026] [core:notice] [pid 2900:tid 404] AH00094: Command line: 'C:\\xampp\\apache\\bin\\httpd.exe -d C:/xampp/apache'
[Wed Jan 21 07:45:23.915791 2026] [mpm_winnt:notice] [pid 2900:tid 404] AH00418: Parent: Created child process 4456
[Wed Jan 21 07:45:25.336187 2026] [ssl:warn] [pid 4456:tid 420] AH01909: www.example.com:443:0 server certificate does NOT include an ID which matches the server name
[Wed Jan 21 07:45:25.387468 2026] [ssl:warn] [pid 4456:tid 420] AH01909: www.example.com:443:0 server certificate does NOT include an ID which matches the server name
[Wed Jan 21 07:45:25.435748 2026] [mpm_winnt:notice] [pid 4456:tid 420] AH00354: Child: Starting 150 worker threads.
[Sat Jan 24 11:36:44.068335 2026] [ssl:warn] [pid 2948:tid 404] AH01909: www.example.com:443:0 server certificate does NOT include an ID which matches the server name
[Sat Jan 24 11:36:44.110615 2026] [core:warn] [pid 2948:tid 404] AH00098: pid file C:/xampp/apache/logs/httpd.pid overwritten -- Unclean shutdown of previous Apache run?
[Sat Jan 24 11:36:44.126246 2026] [ssl:warn] [pid 2948:tid 404] AH01909: www.example.com:443:0 server certificate does NOT include an ID which matches the server name
[Sat Jan 24 11:36:44.633455 2026] [mpm_winnt:notice] [pid 2948:tid 404] AH00455: Apache/2.4.58 (Win64) OpenSSL/3.1.3 PHP/8.2.12 configured -- resuming normal operations
[Sat Jan 24 11:36:44.633455 2026] [mpm_winnt:notice] [pid 2948:tid 404] AH00456: Apache Lounge VS17 Server built: Oct 18 2023 13:03:18
[Sat Jan 24 11:36:44.633455 2026] [core:notice] [pid 2948:tid 404] AH00094: Command line: 'C:\\xampp\\apache\\bin\\httpd.exe -d C:/xampp/apache'
[Sat Jan 24 11:36:44.649079 2026] [mpm_winnt:notice] [pid 2948:tid 404] AH00418: Parent: Created child process 4916
[Sat Jan 24 11:36:45.807010 2026] [ssl:warn] [pid 4916:tid 420] AH01909: www.example.com:443:0 server certificate does NOT include an ID which matches the server name
[Sat Jan 24 11:36:45.885061 2026] [ssl:warn] [pid 4916:tid 420] AH01909: www.example.com:443:0 server certificate does NOT include an ID which matches the server name
[Sat Jan 24 11:36:45.929319 2026] [mpm_winnt:notice] [pid 4916:tid 420] AH00354: Child: Starting 150 worker threads.
[Sun Jan 25 07:33:35.528343 2026] [ssl:warn] [pid 2920:tid 404] AH01909: www.example.com:443:0 server certificate does NOT include an ID which matches the server name
[Sun Jan 25 07:33:35.595628 2026] [core:warn] [pid 2920:tid 404] AH00098: pid file C:/xampp/apache/logs/httpd.pid overwritten -- Unclean shutdown of previous Apache run?
[Sun Jan 25 07:33:35.615758 2026] [ssl:warn] [pid 2920:tid 404] AH01909: www.example.com:443:0 server certificate does NOT include an ID which matches the server name
[Sun Jan 25 07:33:36.014060 2026] [mpm_winnt:notice] [pid 2920:tid 404] AH00455: Apache/2.4.58 (Win64) OpenSSL/3.1.3 PHP/8.2.12 configured -- resuming normal operations
[Sun Jan 25 07:33:36.014060 2026] [mpm_winnt:notice] [pid 2920:tid 404] AH00456: Apache Lounge VS17 Server built: Oct 18 2023 13:03:18
[Sun Jan 25 07:33:36.014060 2026] [core:notice] [pid 2920:tid 404] AH00094: Command line: 'C:\\xampp\\apache\\bin\\httpd.exe -d C:/xampp/apache'
[Sun Jan 25 07:33:36.014060 2026] [mpm_winnt:notice] [pid 2920:tid 404] AH00418: Parent: Created child process 5040
[Sun Jan 25 07:33:37.185144 2026] [ssl:warn] [pid 5040:tid 420] AH01909: www.example.com:443:0 server certificate does NOT include an ID which matches the server name
[Sun Jan 25 07:33:37.271156 2026] [ssl:warn] [pid 5040:tid 420] AH01909: www.example.com:443:0 server certificate does NOT include an ID which matches the server name
[Sun Jan 25 07:33:37.318035 2026] [mpm_winnt:notice] [pid 5040:tid 420] AH00354: Child: Starting 150 worker threads.
[Sun Jan 25 07:36:37.133685 2026] [ssl:warn] [pid 2876:tid 404] AH01909: www.example.com:443:0 server certificate does NOT include an ID which matches the server name
[Sun Jan 25 07:36:37.163332 2026] [core:warn] [pid 2876:tid 404] AH00098: pid file C:/xampp/apache/logs/httpd.pid overwritten -- Unclean shutdown of previous Apache run?
[Sun Jan 25 07:36:37.178963 2026] [ssl:warn] [pid 2876:tid 404] AH01909: www.example.com:443:0 server certificate does NOT include an ID which matches the server name
[Sun Jan 25 07:36:37.738044 2026] [mpm_winnt:notice] [pid 2876:tid 404] AH00455: Apache/2.4.58 (Win64) OpenSSL/3.1.3 PHP/8.2.12 configured -- resuming normal operations
[Sun Jan 25 07:36:37.738044 2026] [mpm_winnt:notice] [pid 2876:tid 404] AH00456: Apache Lounge VS17 Server built: Oct 18 2023 13:03:18
[Sun Jan 25 07:36:37.738044 2026] [core:notice] [pid 2876:tid 404] AH00094: Command line: 'C:\\xampp\\apache\\bin\\httpd.exe -d C:/xampp/apache'
[Sun Jan 25 07:36:37.738044 2026] [mpm_winnt:notice] [pid 2876:tid 404] AH00418: Parent: Created child process 4944
[Sun Jan 25 07:36:38.752012 2026] [ssl:warn] [pid 4944:tid 420] AH01909: www.example.com:443:0 server certificate does NOT include an ID which matches the server name
[Sun Jan 25 07:36:38.782676 2026] [ssl:warn] [pid 4944:tid 420] AH01909: www.example.com:443:0 server certificate does NOT include an ID which matches the server name
[Sun Jan 25 07:36:38.833960 2026] [mpm_winnt:notice] [pid 4944:tid 420] AH00354: Child: Starting 150 worker threads.
[Thu Jan 29 14:30:28.803820 2026] [ssl:warn] [pid 3020:tid 404] AH01909: www.example.com:443:0 server certificate does NOT include an ID which matches the server name
[Thu Jan 29 14:30:28.898856 2026] [core:warn] [pid 3020:tid 404] AH00098: pid file C:/xampp/apache/logs/httpd.pid overwritten -- Unclean shutdown of previous Apache run?
[Thu Jan 29 14:30:28.898856 2026] [ssl:warn] [pid 3020:tid 404] AH01909: www.example.com:443:0 server certificate does NOT include an ID which matches the server name
[Thu Jan 29 14:30:29.529664 2026] [mpm_winnt:notice] [pid 3020:tid 404] AH00455: Apache/2.4.58 (Win64) OpenSSL/3.1.3 PHP/8.2.12 configured -- resuming normal operations
[Thu Jan 29 14:30:29.529664 2026] [mpm_winnt:notice] [pid 3020:tid 404] AH00456: Apache Lounge VS17 Server built: Oct 18 2023 13:03:18
[Thu Jan 29 14:30:29.529664 2026] [core:notice] [pid 3020:tid 404] AH00094: Command line: 'C:\\xampp\\apache\\bin\\httpd.exe -d C:/xampp/apache'
[Thu Jan 29 14:30:29.529664 2026] [mpm_winnt:notice] [pid 3020:tid 404] AH00418: Parent: Created child process 5068
[Thu Jan 29 14:30:30.538306 2026] [ssl:warn] [pid 5068:tid 420] AH01909: www.example.com:443:0 server certificate does NOT include an ID which matches the server name
[Thu Jan 29 14:30:30.574078 2026] [ssl:warn] [pid 5068:tid 420] AH01909: www.example.com:443:0 server certificate does NOT include an ID which matches the server name
[Thu Jan 29 14:30:30.631343 2026] [mpm_winnt:notice] [pid 5068:tid 420] AH00354: Child: Starting 150 worker threads.
[Thu Jan 29 15:23:03.755302 2026] [ssl:warn] [pid 2852:tid 404] AH01909: www.example.com:443:0 server certificate does NOT include an ID which matches the server name
[Thu Jan 29 15:23:03.913647 2026] [core:warn] [pid 2852:tid 404] AH00098: pid file C:/xampp/apache/logs/httpd.pid overwritten -- Unclean shutdown of previous Apache run?
[Thu Jan 29 15:23:03.929277 2026] [ssl:warn] [pid 2852:tid 404] AH01909: www.example.com:443:0 server certificate does NOT include an ID which matches the server name
[Thu Jan 29 15:23:04.405279 2026] [mpm_winnt:notice] [pid 2852:tid 404] AH00455: Apache/2.4.58 (Win64) OpenSSL/3.1.3 PHP/8.2.12 configured -- resuming normal operations
[Thu Jan 29 15:23:04.405279 2026] [mpm_winnt:notice] [pid 2852:tid 404] AH00456: Apache Lounge VS17 Server built: Oct 18 2023 13:03:18
[Thu Jan 29 15:23:04.405279 2026] [core:notice] [pid 2852:tid 404] AH00094: Command line: 'C:\\xampp\\apache\\bin\\httpd.exe -d C:/xampp/apache'
[Thu Jan 29 15:23:04.408783 2026] [mpm_winnt:notice] [pid 2852:tid 404] AH00418: Parent: Created child process 4956
[Thu Jan 29 15:23:05.475171 2026] [ssl:warn] [pid 4956:tid 420] AH01909: www.example.com:443:0 server certificate does NOT include an ID which matches the server name
[Thu Jan 29 15:23:05.520453 2026] [ssl:warn] [pid 4956:tid 420] AH01909: www.example.com:443:0 server certificate does NOT include an ID which matches the server name
[Thu Jan 29 15:23:05.571127 2026] [mpm_winnt:notice] [pid 4956:tid 420] AH00354: Child: Starting 150 worker threads.
[Mon Feb 02 08:42:07.569245 2026] [ssl:warn] [pid 2964:tid 404] AH01909: www.example.com:443:0 server certificate does NOT include an ID which matches the server name
[Mon Feb 02 08:42:07.605017 2026] [core:warn] [pid 2964:tid 404] AH00098: pid file C:/xampp/apache/logs/httpd.pid overwritten -- Unclean shutdown of previous Apache run?
[Mon Feb 02 08:42:07.605017 2026] [ssl:warn] [pid 2964:tid 404] AH01909: www.example.com:443:0 server certificate does NOT include an ID which matches the server name
[Mon Feb 02 08:42:08.148290 2026] [mpm_winnt:notice] [pid 2964:tid 404] AH00455: Apache/2.4.58 (Win64) OpenSSL/3.1.3 PHP/8.2.12 configured -- resuming normal operations
[Mon Feb 02 08:42:08.148290 2026] [mpm_winnt:notice] [pid 2964:tid 404] AH00456: Apache Lounge VS17 Server built: Oct 18 2023 13:03:18
[Mon Feb 02 08:42:08.148290 2026] [core:notice] [pid 2964:tid 404] AH00094: Command line: 'C:\\xampp\\apache\\bin\\httpd.exe -d C:/xampp/apache'
[Mon Feb 02 08:42:08.148290 2026] [mpm_winnt:notice] [pid 2964:tid 404] AH00418: Parent: Created child process 4988
[Mon Feb 02 08:42:09.492943 2026] [ssl:warn] [pid 4988:tid 420] AH01909: www.example.com:443:0 server certificate does NOT include an ID which matches the server name
[Mon Feb 02 08:42:09.529102 2026] [ssl:warn] [pid 4988:tid 420] AH01909: www.example.com:443:0 server certificate does NOT include an ID which matches the server name
[Mon Feb 02 08:42:09.607231 2026] [mpm_winnt:notice] [pid 4988:tid 420] AH00354: Child: Starting 150 worker threads.
[Tue Feb 03 09:03:50.673063 2026] [ssl:warn] [pid 3016:tid 404] AH01909: www.example.com:443:0 server certificate does NOT include an ID which matches the server name
[Tue Feb 03 09:03:50.770758 2026] [core:warn] [pid 3016:tid 404] AH00098: pid file C:/xampp/apache/logs/httpd.pid overwritten -- Unclean shutdown of previous Apache run?
[Tue Feb 03 09:03:50.770758 2026] [ssl:warn] [pid 3016:tid 404] AH01909: www.example.com:443:0 server certificate does NOT include an ID which matches the server name
[Tue Feb 03 09:03:51.082672 2026] [mpm_winnt:notice] [pid 3016:tid 404] AH00455: Apache/2.4.58 (Win64) OpenSSL/3.1.3 PHP/8.2.12 configured -- resuming normal operations
[Tue Feb 03 09:03:51.082672 2026] [mpm_winnt:notice] [pid 3016:tid 404] AH00456: Apache Lounge VS17 Server built: Oct 18 2023 13:03:18
[Tue Feb 03 09:03:51.082672 2026] [core:notice] [pid 3016:tid 404] AH00094: Command line: 'C:\\xampp\\apache\\bin\\httpd.exe -d C:/xampp/apache'
[Tue Feb 03 09:03:51.082672 2026] [mpm_winnt:notice] [pid 3016:tid 404] AH00418: Parent: Created child process 4732
[Tue Feb 03 09:03:52.311378 2026] [ssl:warn] [pid 4732:tid 420] AH01909: www.example.com:443:0 server certificate does NOT include an ID which matches the server name
[Tue Feb 03 09:03:52.336014 2026] [ssl:warn] [pid 4732:tid 420] AH01909: www.example.com:443:0 server certificate does NOT include an ID which matches the server name
[Tue Feb 03 09:03:52.393926 2026] [mpm_winnt:notice] [pid 4732:tid 420] AH00354: Child: Starting 150 worker threads.
[Wed Feb 04 16:31:21.649265 2026] [ssl:warn] [pid 2896:tid 404] AH01909: www.example.com:443:0 server certificate does NOT include an ID which matches the server name
[Wed Feb 04 16:31:21.821459 2026] [core:warn] [pid 2896:tid 404] AH00098: pid file C:/xampp/apache/logs/httpd.pid overwritten -- Unclean shutdown of previous Apache run?
[Wed Feb 04 16:31:21.821459 2026] [ssl:warn] [pid 2896:tid 404] AH01909: www.example.com:443:0 server certificate does NOT include an ID which matches the server name
[Wed Feb 04 16:31:22.379639 2026] [mpm_winnt:notice] [pid 2896:tid 404] AH00455: Apache/2.4.58 (Win64) OpenSSL/3.1.3 PHP/8.2.12 configured -- resuming normal operations
[Wed Feb 04 16:31:22.379639 2026] [mpm_winnt:notice] [pid 2896:tid 404] AH00456: Apache Lounge VS17 Server built: Oct 18 2023 13:03:18
[Wed Feb 04 16:31:22.379639 2026] [core:notice] [pid 2896:tid 404] AH00094: Command line: 'C:\\xampp\\apache\\bin\\httpd.exe -d C:/xampp/apache'
[Wed Feb 04 16:31:22.379639 2026] [mpm_winnt:notice] [pid 2896:tid 404] AH00418: Parent: Created child process 4932
[Wed Feb 04 16:31:23.364306 2026] [ssl:warn] [pid 4932:tid 420] AH01909: www.example.com:443:0 server certificate does NOT include an ID which matches the server name
[Wed Feb 04 16:31:23.421707 2026] [ssl:warn] [pid 4932:tid 420] AH01909: www.example.com:443:0 server certificate does NOT include an ID which matches the server name
[Wed Feb 04 16:31:23.473492 2026] [mpm_winnt:notice] [pid 4932:tid 420] AH00354: Child: Starting 150 worker threads.
[Thu Feb 05 11:49:21.157460 2026] [mpm_winnt:notice] [pid 2896:tid 404] AH00422: Parent: Received shutdown signal -- Shutting down the server.
[Thu Feb 05 11:49:23.241543 2026] [mpm_winnt:notice] [pid 4932:tid 420] AH00364: Child: All worker threads have exited.
[Thu Feb 05 11:49:23.408413 2026] [mpm_winnt:notice] [pid 2896:tid 404] AH00430: Parent: Child process 4932 exited successfully.
[Thu Feb 05 11:49:52.265839 2026] [ssl:warn] [pid 3048:tid 404] AH01909: www.example.com:443:0 server certificate does NOT include an ID which matches the server name
[Thu Feb 05 11:49:52.312712 2026] [ssl:warn] [pid 3048:tid 404] AH01909: www.example.com:443:0 server certificate does NOT include an ID which matches the server name
[Thu Feb 05 11:49:52.562424 2026] [mpm_winnt:notice] [pid 3048:tid 404] AH00455: Apache/2.4.58 (Win64) OpenSSL/3.1.3 PHP/8.2.12 configured -- resuming normal operations
[Thu Feb 05 11:49:52.562424 2026] [mpm_winnt:notice] [pid 3048:tid 404] AH00456: Apache Lounge VS17 Server built: Oct 18 2023 13:03:18
[Thu Feb 05 11:49:52.562424 2026] [core:notice] [pid 3048:tid 404] AH00094: Command line: 'C:\\xampp\\apache\\bin\\httpd.exe -d C:/xampp/apache'
[Thu Feb 05 11:49:52.578049 2026] [mpm_winnt:notice] [pid 3048:tid 404] AH00418: Parent: Created child process 4620
[Thu Feb 05 11:49:53.489630 2026] [ssl:warn] [pid 4620:tid 420] AH01909: www.example.com:443:0 server certificate does NOT include an ID which matches the server name
[Thu Feb 05 11:49:53.536508 2026] [ssl:warn] [pid 4620:tid 420] AH01909: www.example.com:443:0 server certificate does NOT include an ID which matches the server name
[Thu Feb 05 11:49:53.572774 2026] [mpm_winnt:notice] [pid 4620:tid 420] AH00354: Child: Starting 150 worker threads.
[Fri Feb 06 08:46:16.949908 2026] [ssl:warn] [pid 2944:tid 404] AH01909: www.example.com:443:0 server certificate does NOT include an ID which matches the server name
[Fri Feb 06 08:46:17.059280 2026] [core:warn] [pid 2944:tid 404] AH00098: pid file C:/xampp/apache/logs/httpd.pid overwritten -- Unclean shutdown of previous Apache run?
[Fri Feb 06 08:46:17.072802 2026] [ssl:warn] [pid 2944:tid 404] AH01909: www.example.com:443:0 server certificate does NOT include an ID which matches the server name
[Fri Feb 06 08:46:17.288345 2026] [mpm_winnt:notice] [pid 2944:tid 404] AH00455: Apache/2.4.58 (Win64) OpenSSL/3.1.3 PHP/8.2.12 configured -- resuming normal operations
[Fri Feb 06 08:46:17.288345 2026] [mpm_winnt:notice] [pid 2944:tid 404] AH00456: Apache Lounge VS17 Server built: Oct 18 2023 13:03:18
[Fri Feb 06 08:46:17.288345 2026] [core:notice] [pid 2944:tid 404] AH00094: Command line: 'C:\\xampp\\apache\\bin\\httpd.exe -d C:/xampp/apache'
[Fri Feb 06 08:46:17.288345 2026] [mpm_winnt:notice] [pid 2944:tid 404] AH00418: Parent: Created child process 4360
[Fri Feb 06 08:46:18.636411 2026] [ssl:warn] [pid 4360:tid 420] AH01909: www.example.com:443:0 server certificate does NOT include an ID which matches the server name
[Fri Feb 06 08:46:18.672172 2026] [ssl:warn] [pid 4360:tid 420] AH01909: www.example.com:443:0 server certificate does NOT include an ID which matches the server name
[Fri Feb 06 08:46:18.745700 2026] [mpm_winnt:notice] [pid 4360:tid 420] AH00354: Child: Starting 150 worker threads.
[Fri Feb 06 13:29:33.035886 2026] [ssl:warn] [pid 2924:tid 404] AH01909: www.example.com:443:0 server certificate does NOT include an ID which matches the server name
[Fri Feb 06 13:29:33.082666 2026] [core:warn] [pid 2924:tid 404] AH00098: pid file C:/xampp/apache/logs/httpd.pid overwritten -- Unclean shutdown of previous Apache run?
[Fri Feb 06 13:29:33.098290 2026] [ssl:warn] [pid 2924:tid 404] AH01909: www.example.com:443:0 server certificate does NOT include an ID which matches the server name
[Fri Feb 06 13:29:33.569523 2026] [mpm_winnt:notice] [pid 2924:tid 404] AH00455: Apache/2.4.58 (Win64) OpenSSL/3.1.3 PHP/8.2.12 configured -- resuming normal operations
[Fri Feb 06 13:29:33.569523 2026] [mpm_winnt:notice] [pid 2924:tid 404] AH00456: Apache Lounge VS17 Server built: Oct 18 2023 13:03:18
[Fri Feb 06 13:29:33.569523 2026] [core:notice] [pid 2924:tid 404] AH00094: Command line: 'C:\\xampp\\apache\\bin\\httpd.exe -d C:/xampp/apache'
[Fri Feb 06 13:29:33.581529 2026] [mpm_winnt:notice] [pid 2924:tid 404] AH00418: Parent: Created child process 4944
[Fri Feb 06 13:29:34.618370 2026] [ssl:warn] [pid 4944:tid 420] AH01909: www.example.com:443:0 server certificate does NOT include an ID which matches the server name
[Fri Feb 06 13:29:34.664154 2026] [ssl:warn] [pid 4944:tid 420] AH01909: www.example.com:443:0 server certificate does NOT include an ID which matches the server name
[Fri Feb 06 13:29:34.725049 2026] [mpm_winnt:notice] [pid 4944:tid 420] AH00354: Child: Starting 150 worker threads.
[Mon Feb 09 14:14:59.423116 2026] [ssl:warn] [pid 2876:tid 404] AH01909: www.example.com:443:0 server certificate does NOT include an ID which matches the server name
[Mon Feb 09 14:14:59.530389 2026] [core:warn] [pid 2876:tid 404] AH00098: pid file C:/xampp/apache/logs/httpd.pid overwritten -- Unclean shutdown of previous Apache run?
[Mon Feb 09 14:14:59.530389 2026] [ssl:warn] [pid 2876:tid 404] AH01909: www.example.com:443:0 server certificate does NOT include an ID which matches the server name
[Mon Feb 09 14:14:59.829337 2026] [mpm_winnt:notice] [pid 2876:tid 404] AH00455: Apache/2.4.58 (Win64) OpenSSL/3.1.3 PHP/8.2.12 configured -- resuming normal operations
[Mon Feb 09 14:14:59.829337 2026] [mpm_winnt:notice] [pid 2876:tid 404] AH00456: Apache Lounge VS17 Server built: Oct 18 2023 13:03:18
[Mon Feb 09 14:14:59.829337 2026] [core:notice] [pid 2876:tid 404] AH00094: Command line: 'C:\\xampp\\apache\\bin\\httpd.exe -d C:/xampp/apache'
[Mon Feb 09 14:14:59.829337 2026] [mpm_winnt:notice] [pid 2876:tid 404] AH00418: Parent: Created child process 4668
[Mon Feb 09 14:15:01.030751 2026] [ssl:warn] [pid 4668:tid 420] AH01909: www.example.com:443:0 server certificate does NOT include an ID which matches the server name
[Mon Feb 09 14:15:01.064018 2026] [ssl:warn] [pid 4668:tid 420] AH01909: www.example.com:443:0 server certificate does NOT include an ID which matches the server name
[Mon Feb 09 14:15:01.115815 2026] [mpm_winnt:notice] [pid 4668:tid 420] AH00354: Child: Starting 150 worker threads.
[Fri Feb 13 16:28:29.331540 2026] [ssl:warn] [pid 2920:tid 420] AH01909: www.example.com:443:0 server certificate does NOT include an ID which matches the server name
[Fri Feb 13 16:28:29.374855 2026] [core:warn] [pid 2920:tid 420] AH00098: pid file C:/xampp/apache/logs/httpd.pid overwritten -- Unclean shutdown of previous Apache run?
[Fri Feb 13 16:28:29.390487 2026] [ssl:warn] [pid 2920:tid 420] AH01909: www.example.com:443:0 server certificate does NOT include an ID which matches the server name
[Fri Feb 13 16:28:29.894731 2026] [mpm_winnt:notice] [pid 2920:tid 420] AH00455: Apache/2.4.58 (Win64) OpenSSL/3.1.3 PHP/8.2.12 configured -- resuming normal operations
[Fri Feb 13 16:28:29.894731 2026] [mpm_winnt:notice] [pid 2920:tid 420] AH00456: Apache Lounge VS17 Server built: Oct 18 2023 13:03:18
[Fri Feb 13 16:28:29.894731 2026] [core:notice] [pid 2920:tid 420] AH00094: Command line: 'C:\\xampp\\apache\\bin\\httpd.exe -d C:/xampp/apache'
[Fri Feb 13 16:28:29.894731 2026] [mpm_winnt:notice] [pid 2920:tid 420] AH00418: Parent: Created child process 4936
[Fri Feb 13 16:28:30.995259 2026] [ssl:warn] [pid 4936:tid 420] AH01909: www.example.com:443:0 server certificate does NOT include an ID which matches the server name
[Fri Feb 13 16:28:31.022414 2026] [ssl:warn] [pid 4936:tid 420] AH01909: www.example.com:443:0 server certificate does NOT include an ID which matches the server name
[Fri Feb 13 16:28:31.071302 2026] [mpm_winnt:notice] [pid 4936:tid 420] AH00354: Child: Starting 150 worker threads.
[Tue Feb 17 11:17:31.026391 2026] [ssl:warn] [pid 2876:tid 404] AH01909: www.example.com:443:0 server certificate does NOT include an ID which matches the server name
[Tue Feb 17 11:17:31.102922 2026] [core:warn] [pid 2876:tid 404] AH00098: pid file C:/xampp/apache/logs/httpd.pid overwritten -- Unclean shutdown of previous Apache run?
[Tue Feb 17 11:17:31.102922 2026] [ssl:warn] [pid 2876:tid 404] AH01909: www.example.com:443:0 server certificate does NOT include an ID which matches the server name
[Tue Feb 17 11:17:31.631987 2026] [mpm_winnt:notice] [pid 2876:tid 404] AH00455: Apache/2.4.58 (Win64) OpenSSL/3.1.3 PHP/8.2.12 configured -- resuming normal operations
[Tue Feb 17 11:17:31.631987 2026] [mpm_winnt:notice] [pid 2876:tid 404] AH00456: Apache Lounge VS17 Server built: Oct 18 2023 13:03:18
[Tue Feb 17 11:17:31.631987 2026] [core:notice] [pid 2876:tid 404] AH00094: Command line: 'C:\\xampp\\apache\\bin\\httpd.exe -d C:/xampp/apache'
[Tue Feb 17 11:17:31.647612 2026] [mpm_winnt:notice] [pid 2876:tid 404] AH00418: Parent: Created child process 4768
[Tue Feb 17 11:17:32.865454 2026] [ssl:warn] [pid 4768:tid 420] AH01909: www.example.com:443:0 server certificate does NOT include an ID which matches the server name
[Tue Feb 17 11:17:32.915758 2026] [ssl:warn] [pid 4768:tid 420] AH01909: www.example.com:443:0 server certificate does NOT include an ID which matches the server name
[Tue Feb 17 11:17:32.963542 2026] [mpm_winnt:notice] [pid 4768:tid 420] AH00354: Child: Starting 150 worker threads.
[Wed Feb 18 10:51:17.942387 2026] [ssl:warn] [pid 3068:tid 404] AH01909: www.example.com:443:0 server certificate does NOT include an ID which matches the server name
[Wed Feb 18 10:51:17.982165 2026] [core:warn] [pid 3068:tid 404] AH00098: pid file C:/xampp/apache/logs/httpd.pid overwritten -- Unclean shutdown of previous Apache run?
[Wed Feb 18 10:51:17.982165 2026] [ssl:warn] [pid 3068:tid 404] AH01909: www.example.com:443:0 server certificate does NOT include an ID which matches the server name
[Wed Feb 18 10:51:18.420778 2026] [mpm_winnt:notice] [pid 3068:tid 404] AH00455: Apache/2.4.58 (Win64) OpenSSL/3.1.3 PHP/8.2.12 configured -- resuming normal operations
[Wed Feb 18 10:51:18.420778 2026] [mpm_winnt:notice] [pid 3068:tid 404] AH00456: Apache Lounge VS17 Server built: Oct 18 2023 13:03:18
[Wed Feb 18 10:51:18.420778 2026] [core:notice] [pid 3068:tid 404] AH00094: Command line: 'C:\\xampp\\apache\\bin\\httpd.exe -d C:/xampp/apache'
[Wed Feb 18 10:51:18.420778 2026] [mpm_winnt:notice] [pid 3068:tid 404] AH00418: Parent: Created child process 4868
[Wed Feb 18 10:51:19.555380 2026] [ssl:warn] [pid 4868:tid 420] AH01909: www.example.com:443:0 server certificate does NOT include an ID which matches the server name
[Wed Feb 18 10:51:19.619791 2026] [ssl:warn] [pid 4868:tid 420] AH01909: www.example.com:443:0 server certificate does NOT include an ID which matches the server name
[Wed Feb 18 10:51:19.676590 2026] [mpm_winnt:notice] [pid 4868:tid 420] AH00354: Child: Starting 150 worker threads.
[Wed Feb 18 10:57:32.227698 2026] [ssl:warn] [pid 2952:tid 404] AH01909: www.example.com:443:0 server certificate does NOT include an ID which matches the server name
[Wed Feb 18 10:57:32.255352 2026] [core:warn] [pid 2952:tid 404] AH00098: pid file C:/xampp/apache/logs/httpd.pid overwritten -- Unclean shutdown of previous Apache run?
[Wed Feb 18 10:57:32.270976 2026] [ssl:warn] [pid 2952:tid 404] AH01909: www.example.com:443:0 server certificate does NOT include an ID which matches the server name
[Wed Feb 18 10:57:32.636043 2026] [mpm_winnt:notice] [pid 2952:tid 404] AH00455: Apache/2.4.58 (Win64) OpenSSL/3.1.3 PHP/8.2.12 configured -- resuming normal operations
[Wed Feb 18 10:57:32.636043 2026] [mpm_winnt:notice] [pid 2952:tid 404] AH00456: Apache Lounge VS17 Server built: Oct 18 2023 13:03:18
[Wed Feb 18 10:57:32.636043 2026] [core:notice] [pid 2952:tid 404] AH00094: Command line: 'C:\\xampp\\apache\\bin\\httpd.exe -d C:/xampp/apache'
[Wed Feb 18 10:57:32.636043 2026] [mpm_winnt:notice] [pid 2952:tid 404] AH00418: Parent: Created child process 4640
[Wed Feb 18 10:57:33.755790 2026] [ssl:warn] [pid 4640:tid 420] AH01909: www.example.com:443:0 server certificate does NOT include an ID which matches the server name
[Wed Feb 18 10:57:33.802664 2026] [ssl:warn] [pid 4640:tid 420] AH01909: www.example.com:443:0 server certificate does NOT include an ID which matches the server name
[Wed Feb 18 10:57:33.850465 2026] [mpm_winnt:notice] [pid 4640:tid 420] AH00354: Child: Starting 150 worker threads.
[Thu Feb 19 10:36:30.038457 2026] [ssl:warn] [pid 2964:tid 416] AH01909: www.example.com:443:0 server certificate does NOT include an ID which matches the server name
[Thu Feb 19 10:36:30.085331 2026] [core:warn] [pid 2964:tid 416] AH00098: pid file C:/xampp/apache/logs/httpd.pid overwritten -- Unclean shutdown of previous Apache run?
[Thu Feb 19 10:36:30.093349 2026] [ssl:warn] [pid 2964:tid 416] AH01909: www.example.com:443:0 server certificate does NOT include an ID which matches the server name
[Thu Feb 19 10:36:30.630591 2026] [mpm_winnt:notice] [pid 2964:tid 416] AH00455: Apache/2.4.58 (Win64) OpenSSL/3.1.3 PHP/8.2.12 configured -- resuming normal operations
[Thu Feb 19 10:36:30.630591 2026] [mpm_winnt:notice] [pid 2964:tid 416] AH00456: Apache Lounge VS17 Server built: Oct 18 2023 13:03:18
[Thu Feb 19 10:36:30.630591 2026] [core:notice] [pid 2964:tid 416] AH00094: Command line: 'C:\\xampp\\apache\\bin\\httpd.exe -d C:/xampp/apache'
[Thu Feb 19 10:36:30.646215 2026] [mpm_winnt:notice] [pid 2964:tid 416] AH00418: Parent: Created child process 5024
[Thu Feb 19 10:36:31.748734 2026] [ssl:warn] [pid 5024:tid 420] AH01909: www.example.com:443:0 server certificate does NOT include an ID which matches the server name
[Thu Feb 19 10:36:31.795609 2026] [ssl:warn] [pid 5024:tid 420] AH01909: www.example.com:443:0 server certificate does NOT include an ID which matches the server name
[Thu Feb 19 10:36:31.847396 2026] [mpm_winnt:notice] [pid 5024:tid 420] AH00354: Child: Starting 150 worker threads.
[Fri Feb 20 15:54:24.207989 2026] [ssl:warn] [pid 2872:tid 404] AH01909: www.example.com:443:0 server certificate does NOT include an ID which matches the server name
[Fri Feb 20 15:54:24.310044 2026] [core:warn] [pid 2872:tid 404] AH00098: pid file C:/xampp/apache/logs/httpd.pid overwritten -- Unclean shutdown of previous Apache run?
[Fri Feb 20 15:54:24.310044 2026] [ssl:warn] [pid 2872:tid 404] AH01909: www.example.com:443:0 server certificate does NOT include an ID which matches the server name
[Fri Feb 20 15:54:24.572385 2026] [mpm_winnt:notice] [pid 2872:tid 404] AH00455: Apache/2.4.58 (Win64) OpenSSL/3.1.3 PHP/8.2.12 configured -- resuming normal operations
[Fri Feb 20 15:54:24.572385 2026] [mpm_winnt:notice] [pid 2872:tid 404] AH00456: Apache Lounge VS17 Server built: Oct 18 2023 13:03:18
[Fri Feb 20 15:54:24.572385 2026] [core:notice] [pid 2872:tid 404] AH00094: Command line: 'C:\\xampp\\apache\\bin\\httpd.exe -d C:/xampp/apache'
[Fri Feb 20 15:54:24.573907 2026] [mpm_winnt:notice] [pid 2872:tid 404] AH00418: Parent: Created child process 4528
[Fri Feb 20 15:54:25.954353 2026] [ssl:warn] [pid 4528:tid 420] AH01909: www.example.com:443:0 server certificate does NOT include an ID which matches the server name
[Fri Feb 20 15:54:25.993629 2026] [ssl:warn] [pid 4528:tid 420] AH01909: www.example.com:443:0 server certificate does NOT include an ID which matches the server name
[Fri Feb 20 15:54:26.043906 2026] [mpm_winnt:notice] [pid 4528:tid 420] AH00354: Child: Starting 150 worker threads.
[Sat Feb 21 06:47:38.708207 2026] [ssl:warn] [pid 2940:tid 404] AH01909: www.example.com:443:0 server certificate does NOT include an ID which matches the server name
[Sat Feb 21 06:47:38.755483 2026] [core:warn] [pid 2940:tid 404] AH00098: pid file C:/xampp/apache/logs/httpd.pid overwritten -- Unclean shutdown of previous Apache run?
[Sat Feb 21 06:47:38.755483 2026] [ssl:warn] [pid 2940:tid 404] AH01909: www.example.com:443:0 server certificate does NOT include an ID which matches the server name
[Sat Feb 21 06:47:39.108271 2026] [mpm_winnt:notice] [pid 2940:tid 404] AH00455: Apache/2.4.58 (Win64) OpenSSL/3.1.3 PHP/8.2.12 configured -- resuming normal operations
[Sat Feb 21 06:47:39.108271 2026] [mpm_winnt:notice] [pid 2940:tid 404] AH00456: Apache Lounge VS17 Server built: Oct 18 2023 13:03:18
[Sat Feb 21 06:47:39.108271 2026] [core:notice] [pid 2940:tid 404] AH00094: Command line: 'C:\\xampp\\apache\\bin\\httpd.exe -d C:/xampp/apache'
[Sat Feb 21 06:47:39.108271 2026] [mpm_winnt:notice] [pid 2940:tid 404] AH00418: Parent: Created child process 4864
[Sat Feb 21 06:47:40.359879 2026] [ssl:warn] [pid 4864:tid 420] AH01909: www.example.com:443:0 server certificate does NOT include an ID which matches the server name
[Sat Feb 21 06:47:40.439919 2026] [ssl:warn] [pid 4864:tid 420] AH01909: www.example.com:443:0 server certificate does NOT include an ID which matches the server name
[Sat Feb 21 06:47:40.508929 2026] [mpm_winnt:notice] [pid 4864:tid 420] AH00354: Child: Starting 150 worker threads.
[Sat Feb 21 06:55:11.090021 2026] [ssl:warn] [pid 2884:tid 404] AH01909: www.example.com:443:0 server certificate does NOT include an ID which matches the server name
[Sat Feb 21 06:55:11.128795 2026] [core:warn] [pid 2884:tid 404] AH00098: pid file C:/xampp/apache/logs/httpd.pid overwritten -- Unclean shutdown of previous Apache run?
[Sat Feb 21 06:55:11.144419 2026] [ssl:warn] [pid 2884:tid 404] AH01909: www.example.com:443:0 server certificate does NOT include an ID which matches the server name
[Sat Feb 21 06:55:13.338795 2026] [mpm_winnt:notice] [pid 2884:tid 404] AH00455: Apache/2.4.58 (Win64) OpenSSL/3.1.3 PHP/8.2.12 configured -- resuming normal operations
[Sat Feb 21 06:55:13.338795 2026] [mpm_winnt:notice] [pid 2884:tid 404] AH00456: Apache Lounge VS17 Server built: Oct 18 2023 13:03:18
[Sat Feb 21 06:55:13.338795 2026] [core:notice] [pid 2884:tid 404] AH00094: Command line: 'C:\\xampp\\apache\\bin\\httpd.exe -d C:/xampp/apache'
[Sat Feb 21 06:55:13.354420 2026] [mpm_winnt:notice] [pid 2884:tid 404] AH00418: Parent: Created child process 4700
[Sat Feb 21 06:55:14.190641 2026] [ssl:warn] [pid 4700:tid 420] AH01909: www.example.com:443:0 server certificate does NOT include an ID which matches the server name
[Sat Feb 21 06:55:14.226403 2026] [ssl:warn] [pid 4700:tid 420] AH01909: www.example.com:443:0 server certificate does NOT include an ID which matches the server name
[Sat Feb 21 06:55:14.270678 2026] [mpm_winnt:notice] [pid 4700:tid 420] AH00354: Child: Starting 150 worker threads.
[Sat Feb 21 14:27:06.257743 2026] [ssl:warn] [pid 3004:tid 412] AH01909: www.example.com:443:0 server certificate does NOT include an ID which matches the server name
[Sat Feb 21 14:27:06.299417 2026] [core:warn] [pid 3004:tid 412] AH00098: pid file C:/xampp/apache/logs/httpd.pid overwritten -- Unclean shutdown of previous Apache run?
[Sat Feb 21 14:27:06.315047 2026] [ssl:warn] [pid 3004:tid 412] AH01909: www.example.com:443:0 server certificate does NOT include an ID which matches the server name
[Sat Feb 21 14:27:06.880517 2026] [mpm_winnt:notice] [pid 3004:tid 412] AH00455: Apache/2.4.58 (Win64) OpenSSL/3.1.3 PHP/8.2.12 configured -- resuming normal operations
[Sat Feb 21 14:27:06.880517 2026] [mpm_winnt:notice] [pid 3004:tid 412] AH00456: Apache Lounge VS17 Server built: Oct 18 2023 13:03:18
[Sat Feb 21 14:27:06.880517 2026] [core:notice] [pid 3004:tid 412] AH00094: Command line: 'C:\\xampp\\apache\\bin\\httpd.exe -d C:/xampp/apache'
[Sat Feb 21 14:27:06.880517 2026] [mpm_winnt:notice] [pid 3004:tid 412] AH00418: Parent: Created child process 4984
[Sat Feb 21 14:27:07.866093 2026] [ssl:warn] [pid 4984:tid 420] AH01909: www.example.com:443:0 server certificate does NOT include an ID which matches the server name
[Sat Feb 21 14:27:07.902377 2026] [ssl:warn] [pid 4984:tid 420] AH01909: www.example.com:443:0 server certificate does NOT include an ID which matches the server name
[Sat Feb 21 14:27:07.959170 2026] [mpm_winnt:notice] [pid 4984:tid 420] AH00354: Child: Starting 150 worker threads.
[Mon Feb 23 07:32:47.009583 2026] [ssl:warn] [pid 3012:tid 404] AH01909: www.example.com:443:0 server certificate does NOT include an ID which matches the server name
[Mon Feb 23 07:32:47.056463 2026] [core:warn] [pid 3012:tid 404] AH00098: pid file C:/xampp/apache/logs/httpd.pid overwritten -- Unclean shutdown of previous Apache run?
[Mon Feb 23 07:32:47.056463 2026] [ssl:warn] [pid 3012:tid 404] AH01909: www.example.com:443:0 server certificate does NOT include an ID which matches the server name
[Mon Feb 23 07:32:47.351706 2026] [mpm_winnt:notice] [pid 3012:tid 404] AH00455: Apache/2.4.58 (Win64) OpenSSL/3.1.3 PHP/8.2.12 configured -- resuming normal operations
[Mon Feb 23 07:32:47.351706 2026] [mpm_winnt:notice] [pid 3012:tid 404] AH00456: Apache Lounge VS17 Server built: Oct 18 2023 13:03:18
[Mon Feb 23 07:32:47.351706 2026] [core:notice] [pid 3012:tid 404] AH00094: Command line: 'C:\\xampp\\apache\\bin\\httpd.exe -d C:/xampp/apache'
[Mon Feb 23 07:32:47.351706 2026] [mpm_winnt:notice] [pid 3012:tid 404] AH00418: Parent: Created child process 4648
[Mon Feb 23 07:32:48.594530 2026] [ssl:warn] [pid 4648:tid 420] AH01909: www.example.com:443:0 server certificate does NOT include an ID which matches the server name
[Mon Feb 23 07:32:48.637305 2026] [ssl:warn] [pid 4648:tid 420] AH01909: www.example.com:443:0 server certificate does NOT include an ID which matches the server name
[Mon Feb 23 07:32:48.690206 2026] [mpm_winnt:notice] [pid 4648:tid 420] AH00354: Child: Starting 150 worker threads.
[Mon Feb 23 12:26:16.084771 2026] [ssl:warn] [pid 3000:tid 404] AH01909: www.example.com:443:0 server certificate does NOT include an ID which matches the server name
[Mon Feb 23 12:26:16.193446 2026] [core:warn] [pid 3000:tid 404] AH00098: pid file C:/xampp/apache/logs/httpd.pid overwritten -- Unclean shutdown of previous Apache run?
[Mon Feb 23 12:26:16.193446 2026] [ssl:warn] [pid 3000:tid 404] AH01909: www.example.com:443:0 server certificate does NOT include an ID which matches the server name
[Mon Feb 23 12:26:16.783020 2026] [mpm_winnt:notice] [pid 3000:tid 404] AH00455: Apache/2.4.58 (Win64) OpenSSL/3.1.3 PHP/8.2.12 configured -- resuming normal operations
[Mon Feb 23 12:26:16.783020 2026] [mpm_winnt:notice] [pid 3000:tid 404] AH00456: Apache Lounge VS17 Server built: Oct 18 2023 13:03:18
[Mon Feb 23 12:26:16.783020 2026] [core:notice] [pid 3000:tid 404] AH00094: Command line: 'C:\\xampp\\apache\\bin\\httpd.exe -d C:/xampp/apache'
[Mon Feb 23 12:26:16.783020 2026] [mpm_winnt:notice] [pid 3000:tid 404] AH00418: Parent: Created child process 4060
[Mon Feb 23 12:26:17.791996 2026] [ssl:warn] [pid 4060:tid 420] AH01909: www.example.com:443:0 server certificate does NOT include an ID which matches the server name
[Mon Feb 23 12:26:17.840888 2026] [ssl:warn] [pid 4060:tid 420] AH01909: www.example.com:443:0 server certificate does NOT include an ID which matches the server name
[Mon Feb 23 12:26:17.888171 2026] [mpm_winnt:notice] [pid 4060:tid 420] AH00354: Child: Starting 150 worker threads.
[Mon Feb 23 14:57:31.649689 2026] [ssl:warn] [pid 2936:tid 440] AH01909: www.example.com:443:0 server certificate does NOT include an ID which matches the server name
[Mon Feb 23 14:57:31.748363 2026] [core:warn] [pid 2936:tid 440] AH00098: pid file C:/xampp/apache/logs/httpd.pid overwritten -- Unclean shutdown of previous Apache run?
[Mon Feb 23 14:57:31.748363 2026] [ssl:warn] [pid 2936:tid 440] AH01909: www.example.com:443:0 server certificate does NOT include an ID which matches the server name
[Mon Feb 23 14:57:32.168812 2026] [mpm_winnt:notice] [pid 2936:tid 440] AH00455: Apache/2.4.58 (Win64) OpenSSL/3.1.3 PHP/8.2.12 configured -- resuming normal operations
[Mon Feb 23 14:57:32.168812 2026] [mpm_winnt:notice] [pid 2936:tid 440] AH00456: Apache Lounge VS17 Server built: Oct 18 2023 13:03:18
[Mon Feb 23 14:57:32.168812 2026] [core:notice] [pid 2936:tid 440] AH00094: Command line: 'C:\\xampp\\apache\\bin\\httpd.exe -d C:/xampp/apache'
[Mon Feb 23 14:57:32.168812 2026] [mpm_winnt:notice] [pid 2936:tid 440] AH00418: Parent: Created child process 1396
[Mon Feb 23 14:57:33.195377 2026] [ssl:warn] [pid 1396:tid 424] AH01909: www.example.com:443:0 server certificate does NOT include an ID which matches the server name
[Mon Feb 23 14:57:33.239855 2026] [ssl:warn] [pid 1396:tid 424] AH01909: www.example.com:443:0 server certificate does NOT include an ID which matches the server name
[Mon Feb 23 14:57:33.280611 2026] [mpm_winnt:notice] [pid 1396:tid 424] AH00354: Child: Starting 150 worker threads.
[Tue Feb 24 07:35:39.749915 2026] [mpm_winnt:notice] [pid 2936:tid 440] AH00422: Parent: Received shutdown signal -- Shutting down the server.
[Tue Feb 24 07:35:41.804223 2026] [mpm_winnt:notice] [pid 1396:tid 424] AH00364: Child: All worker threads have exited.
[Tue Feb 24 07:35:41.984689 2026] [mpm_winnt:notice] [pid 2936:tid 440] AH00430: Parent: Child process 1396 exited successfully.
[Tue Feb 24 07:36:18.078128 2026] [ssl:warn] [pid 3084:tid 404] AH01909: www.example.com:443:0 server certificate does NOT include an ID which matches the server name
[Tue Feb 24 07:36:18.125001 2026] [ssl:warn] [pid 3084:tid 404] AH01909: www.example.com:443:0 server certificate does NOT include an ID which matches the server name
[Tue Feb 24 07:36:18.415610 2026] [mpm_winnt:notice] [pid 3084:tid 404] AH00455: Apache/2.4.58 (Win64) OpenSSL/3.1.3 PHP/8.2.12 configured -- resuming normal operations
[Tue Feb 24 07:36:18.415610 2026] [mpm_winnt:notice] [pid 3084:tid 404] AH00456: Apache Lounge VS17 Server built: Oct 18 2023 13:03:18
[Tue Feb 24 07:36:18.415610 2026] [core:notice] [pid 3084:tid 404] AH00094: Command line: 'C:\\xampp\\apache\\bin\\httpd.exe -d C:/xampp/apache'
[Tue Feb 24 07:36:18.415610 2026] [mpm_winnt:notice] [pid 3084:tid 404] AH00418: Parent: Created child process 4976
[Tue Feb 24 07:36:19.087258 2026] [ssl:warn] [pid 4976:tid 420] AH01909: www.example.com:443:0 server certificate does NOT include an ID which matches the server name
[Tue Feb 24 07:36:19.118513 2026] [ssl:warn] [pid 4976:tid 420] AH01909: www.example.com:443:0 server certificate does NOT include an ID which matches the server name
[Tue Feb 24 07:36:19.156783 2026] [mpm_winnt:notice] [pid 4976:tid 420] AH00354: Child: Starting 150 worker threads.
[Fri Feb 27 15:49:02.027044 2026] [ssl:warn] [pid 3012:tid 404] AH01909: www.example.com:443:0 server certificate does NOT include an ID which matches the server name
[Fri Feb 27 15:49:02.084943 2026] [core:warn] [pid 3012:tid 404] AH00098: pid file C:/xampp/apache/logs/httpd.pid overwritten -- Unclean shutdown of previous Apache run?
[Fri Feb 27 15:49:02.084943 2026] [ssl:warn] [pid 3012:tid 404] AH01909: www.example.com:443:0 server certificate does NOT include an ID which matches the server name
[Fri Feb 27 15:49:02.527946 2026] [mpm_winnt:notice] [pid 3012:tid 404] AH00455: Apache/2.4.58 (Win64) OpenSSL/3.1.3 PHP/8.2.12 configured -- resuming normal operations
[Fri Feb 27 15:49:02.527946 2026] [mpm_winnt:notice] [pid 3012:tid 404] AH00456: Apache Lounge VS17 Server built: Oct 18 2023 13:03:18
[Fri Feb 27 15:49:02.527946 2026] [core:notice] [pid 3012:tid 404] AH00094: Command line: 'C:\\xampp\\apache\\bin\\httpd.exe -d C:/xampp/apache'
[Fri Feb 27 15:49:02.527946 2026] [mpm_winnt:notice] [pid 3012:tid 404] AH00418: Parent: Created child process 4540
[Fri Feb 27 15:49:03.445012 2026] [ssl:warn] [pid 4540:tid 420] AH01909: www.example.com:443:0 server certificate does NOT include an ID which matches the server name
[Fri Feb 27 15:49:03.486185 2026] [ssl:warn] [pid 4540:tid 420] AH01909: www.example.com:443:0 server certificate does NOT include an ID which matches the server name
[Fri Feb 27 15:49:03.538347 2026] [mpm_winnt:notice] [pid 4540:tid 420] AH00354: Child: Starting 150 worker threads.
[Sat Feb 28 07:05:34.887824 2026] [mpm_winnt:notice] [pid 3012:tid 404] AH00422: Parent: Received shutdown signal -- Shutting down the server.
[Sat Feb 28 07:05:36.969585 2026] [mpm_winnt:notice] [pid 4540:tid 420] AH00364: Child: All worker threads have exited.
[Sat Feb 28 07:05:37.118291 2026] [mpm_winnt:notice] [pid 3012:tid 404] AH00430: Parent: Child process 4540 exited successfully.
[Sat Feb 28 07:06:08.515903 2026] [ssl:warn] [pid 3220:tid 404] AH01909: www.example.com:443:0 server certificate does NOT include an ID which matches the server name
[Sat Feb 28 07:06:08.691717 2026] [ssl:warn] [pid 3220:tid 404] AH01909: www.example.com:443:0 server certificate does NOT include an ID which matches the server name
[Sat Feb 28 07:06:09.032474 2026] [mpm_winnt:notice] [pid 3220:tid 404] AH00455: Apache/2.4.58 (Win64) OpenSSL/3.1.3 PHP/8.2.12 configured -- resuming normal operations
[Sat Feb 28 07:06:09.032474 2026] [mpm_winnt:notice] [pid 3220:tid 404] AH00456: Apache Lounge VS17 Server built: Oct 18 2023 13:03:18
[Sat Feb 28 07:06:09.032474 2026] [core:notice] [pid 3220:tid 404] AH00094: Command line: 'C:\\xampp\\apache\\bin\\httpd.exe -d C:/xampp/apache'
[Sat Feb 28 07:06:09.032474 2026] [mpm_winnt:notice] [pid 3220:tid 404] AH00418: Parent: Created child process 4640
[Sat Feb 28 07:06:10.039506 2026] [ssl:warn] [pid 4640:tid 420] AH01909: www.example.com:443:0 server certificate does NOT include an ID which matches the server name
[Sat Feb 28 07:06:10.064643 2026] [ssl:warn] [pid 4640:tid 420] AH01909: www.example.com:443:0 server certificate does NOT include an ID which matches the server name
[Sat Feb 28 07:06:10.121453 2026] [mpm_winnt:notice] [pid 4640:tid 420] AH00354: Child: Starting 150 worker threads.
[Sat Feb 28 12:55:52.276545 2026] [ssl:warn] [pid 2876:tid 404] AH01909: www.example.com:443:0 server certificate does NOT include an ID which matches the server name
[Sat Feb 28 12:55:52.320220 2026] [core:warn] [pid 2876:tid 404] AH00098: pid file C:/xampp/apache/logs/httpd.pid overwritten -- Unclean shutdown of previous Apache run?
[Sat Feb 28 12:55:52.320220 2026] [ssl:warn] [pid 2876:tid 404] AH01909: www.example.com:443:0 server certificate does NOT include an ID which matches the server name
[Sat Feb 28 12:55:52.724181 2026] [mpm_winnt:notice] [pid 2876:tid 404] AH00455: Apache/2.4.58 (Win64) OpenSSL/3.1.3 PHP/8.2.12 configured -- resuming normal operations
[Sat Feb 28 12:55:52.724181 2026] [mpm_winnt:notice] [pid 2876:tid 404] AH00456: Apache Lounge VS17 Server built: Oct 18 2023 13:03:18
[Sat Feb 28 12:55:52.724181 2026] [core:notice] [pid 2876:tid 404] AH00094: Command line: 'C:\\xampp\\apache\\bin\\httpd.exe -d C:/xampp/apache'
[Sat Feb 28 12:55:52.724181 2026] [mpm_winnt:notice] [pid 2876:tid 404] AH00418: Parent: Created child process 4132
[Sat Feb 28 12:55:53.689156 2026] [ssl:warn] [pid 4132:tid 428] AH01909: www.example.com:443:0 server certificate does NOT include an ID which matches the server name
[Sat Feb 28 12:55:53.736034 2026] [ssl:warn] [pid 4132:tid 428] AH01909: www.example.com:443:0 server certificate does NOT include an ID which matches the server name
[Sat Feb 28 12:55:53.796942 2026] [mpm_winnt:notice] [pid 4132:tid 428] AH00354: Child: Starting 150 worker threads.
[Sun Mar 01 09:05:04.208799 2026] [ssl:warn] [pid 2880:tid 404] AH01909: www.example.com:443:0 server certificate does NOT include an ID which matches the server name
[Sun Mar 01 09:05:04.248073 2026] [core:warn] [pid 2880:tid 404] AH00098: pid file C:/xampp/apache/logs/httpd.pid overwritten -- Unclean shutdown of previous Apache run?
[Sun Mar 01 09:05:04.248073 2026] [ssl:warn] [pid 2880:tid 404] AH01909: www.example.com:443:0 server certificate does NOT include an ID which matches the server name
[Sun Mar 01 09:05:04.534085 2026] [mpm_winnt:notice] [pid 2880:tid 404] AH00455: Apache/2.4.58 (Win64) OpenSSL/3.1.3 PHP/8.2.12 configured -- resuming normal operations
[Sun Mar 01 09:05:04.534085 2026] [mpm_winnt:notice] [pid 2880:tid 404] AH00456: Apache Lounge VS17 Server built: Oct 18 2023 13:03:18
[Sun Mar 01 09:05:04.534085 2026] [core:notice] [pid 2880:tid 404] AH00094: Command line: 'C:\\xampp\\apache\\bin\\httpd.exe -d C:/xampp/apache'
[Sun Mar 01 09:05:04.534085 2026] [mpm_winnt:notice] [pid 2880:tid 404] AH00418: Parent: Created child process 4548
[Sun Mar 01 09:05:05.899505 2026] [ssl:warn] [pid 4548:tid 420] AH01909: www.example.com:443:0 server certificate does NOT include an ID which matches the server name
[Sun Mar 01 09:05:05.963284 2026] [ssl:warn] [pid 4548:tid 420] AH01909: www.example.com:443:0 server certificate does NOT include an ID which matches the server name
[Sun Mar 01 09:05:06.023689 2026] [mpm_winnt:notice] [pid 4548:tid 420] AH00354: Child: Starting 150 worker threads.
[Tue Mar 03 09:19:03.853801 2026] [ssl:warn] [pid 2952:tid 312] AH01909: www.example.com:443:0 server certificate does NOT include an ID which matches the server name
[Tue Mar 03 09:19:03.968093 2026] [core:warn] [pid 2952:tid 312] AH00098: pid file C:/xampp/apache/logs/httpd.pid overwritten -- Unclean shutdown of previous Apache run?
[Tue Mar 03 09:19:03.968093 2026] [ssl:warn] [pid 2952:tid 312] AH01909: www.example.com:443:0 server certificate does NOT include an ID which matches the server name
[Tue Mar 03 09:19:04.504392 2026] [mpm_winnt:notice] [pid 2952:tid 312] AH00455: Apache/2.4.58 (Win64) OpenSSL/3.1.3 PHP/8.2.12 configured -- resuming normal operations
[Tue Mar 03 09:19:04.504392 2026] [mpm_winnt:notice] [pid 2952:tid 312] AH00456: Apache Lounge VS17 Server built: Oct 18 2023 13:03:18
[Tue Mar 03 09:19:04.504392 2026] [core:notice] [pid 2952:tid 312] AH00094: Command line: 'C:\\xampp\\apache\\bin\\httpd.exe -d C:/xampp/apache'
[Tue Mar 03 09:19:04.504392 2026] [mpm_winnt:notice] [pid 2952:tid 312] AH00418: Parent: Created child process 4424
[Tue Mar 03 09:19:05.859659 2026] [ssl:warn] [pid 4424:tid 420] AH01909: www.example.com:443:0 server certificate does NOT include an ID which matches the server name
[Tue Mar 03 09:19:05.926571 2026] [ssl:warn] [pid 4424:tid 420] AH01909: www.example.com:443:0 server certificate does NOT include an ID which matches the server name
[Tue Mar 03 09:19:06.001590 2026] [mpm_winnt:notice] [pid 4424:tid 420] AH00354: Child: Starting 150 worker threads.
[Tue Mar 03 10:44:57.434500 2026] [ssl:warn] [pid 2932:tid 420] AH01909: www.example.com:443:0 server certificate does NOT include an ID which matches the server name
[Tue Mar 03 10:44:57.475172 2026] [core:warn] [pid 2932:tid 420] AH00098: pid file C:/xampp/apache/logs/httpd.pid overwritten -- Unclean shutdown of previous Apache run?
[Tue Mar 03 10:44:57.475172 2026] [ssl:warn] [pid 2932:tid 420] AH01909: www.example.com:443:0 server certificate does NOT include an ID which matches the server name
[Tue Mar 03 10:44:57.941084 2026] [mpm_winnt:notice] [pid 2932:tid 420] AH00455: Apache/2.4.58 (Win64) OpenSSL/3.1.3 PHP/8.2.12 configured -- resuming normal operations
[Tue Mar 03 10:44:57.941084 2026] [mpm_winnt:notice] [pid 2932:tid 420] AH00456: Apache Lounge VS17 Server built: Oct 18 2023 13:03:18
[Tue Mar 03 10:44:57.941084 2026] [core:notice] [pid 2932:tid 420] AH00094: Command line: 'C:\\xampp\\apache\\bin\\httpd.exe -d C:/xampp/apache'
[Tue Mar 03 10:44:57.941084 2026] [mpm_winnt:notice] [pid 2932:tid 420] AH00418: Parent: Created child process 4772
[Tue Mar 03 10:44:59.446556 2026] [ssl:warn] [pid 4772:tid 424] AH01909: www.example.com:443:0 server certificate does NOT include an ID which matches the server name
[Tue Mar 03 10:44:59.486715 2026] [ssl:warn] [pid 4772:tid 424] AH01909: www.example.com:443:0 server certificate does NOT include an ID which matches the server name
[Tue Mar 03 10:44:59.533594 2026] [mpm_winnt:notice] [pid 4772:tid 424] AH00354: Child: Starting 150 worker threads.
[Sat Mar 07 06:53:41.103970 2026] [ssl:warn] [pid 2976:tid 404] AH01909: www.example.com:443:0 server certificate does NOT include an ID which matches the server name
[Sat Mar 07 06:53:41.159869 2026] [core:warn] [pid 2976:tid 404] AH00098: pid file C:/xampp/apache/logs/httpd.pid overwritten -- Unclean shutdown of previous Apache run?
[Sat Mar 07 06:53:41.159869 2026] [ssl:warn] [pid 2976:tid 404] AH01909: www.example.com:443:0 server certificate does NOT include an ID which matches the server name
[Sat Mar 07 06:53:41.607370 2026] [mpm_winnt:notice] [pid 2976:tid 404] AH00455: Apache/2.4.58 (Win64) OpenSSL/3.1.3 PHP/8.2.12 configured -- resuming normal operations
[Sat Mar 07 06:53:41.607370 2026] [mpm_winnt:notice] [pid 2976:tid 404] AH00456: Apache Lounge VS17 Server built: Oct 18 2023 13:03:18
[Sat Mar 07 06:53:41.607370 2026] [core:notice] [pid 2976:tid 404] AH00094: Command line: 'C:\\xampp\\apache\\bin\\httpd.exe -d C:/xampp/apache'
[Sat Mar 07 06:53:41.607370 2026] [mpm_winnt:notice] [pid 2976:tid 404] AH00418: Parent: Created child process 4940
[Sat Mar 07 06:53:42.744127 2026] [ssl:warn] [pid 4940:tid 420] AH01909: www.example.com:443:0 server certificate does NOT include an ID which matches the server name
[Sat Mar 07 06:53:42.794519 2026] [ssl:warn] [pid 4940:tid 420] AH01909: www.example.com:443:0 server certificate does NOT include an ID which matches the server name
[Sat Mar 07 06:53:42.863379 2026] [mpm_winnt:notice] [pid 4940:tid 420] AH00354: Child: Starting 150 worker threads.
[Sun Mar 08 08:26:12.167790 2026] [ssl:warn] [pid 2988:tid 148] AH01909: www.example.com:443:0 server certificate does NOT include an ID which matches the server name
[Sun Mar 08 08:26:12.210066 2026] [core:warn] [pid 2988:tid 148] AH00098: pid file C:/xampp/apache/logs/httpd.pid overwritten -- Unclean shutdown of previous Apache run?
[Sun Mar 08 08:26:12.210066 2026] [ssl:warn] [pid 2988:tid 148] AH01909: www.example.com:443:0 server certificate does NOT include an ID which matches the server name
[Sun Mar 08 08:26:12.702310 2026] [mpm_winnt:notice] [pid 2988:tid 148] AH00455: Apache/2.4.58 (Win64) OpenSSL/3.1.3 PHP/8.2.12 configured -- resuming normal operations
[Sun Mar 08 08:26:12.702310 2026] [mpm_winnt:notice] [pid 2988:tid 148] AH00456: Apache Lounge VS17 Server built: Oct 18 2023 13:03:18
[Sun Mar 08 08:26:12.702310 2026] [core:notice] [pid 2988:tid 148] AH00094: Command line: 'C:\\xampp\\apache\\bin\\httpd.exe -d C:/xampp/apache'
[Sun Mar 08 08:26:12.702310 2026] [mpm_winnt:notice] [pid 2988:tid 148] AH00418: Parent: Created child process 4852
[Sun Mar 08 08:26:13.954911 2026] [ssl:warn] [pid 4852:tid 420] AH01909: www.example.com:443:0 server certificate does NOT include an ID which matches the server name
[Sun Mar 08 08:26:14.013214 2026] [ssl:warn] [pid 4852:tid 420] AH01909: www.example.com:443:0 server certificate does NOT include an ID which matches the server name
[Sun Mar 08 08:26:14.077129 2026] [mpm_winnt:notice] [pid 4852:tid 420] AH00354: Child: Starting 150 worker threads.
[Mon Mar 09 16:40:23.508852 2026] [ssl:warn] [pid 3000:tid 404] AH01909: www.example.com:443:0 server certificate does NOT include an ID which matches the server name
[Mon Mar 09 16:40:23.606023 2026] [core:warn] [pid 3000:tid 404] AH00098: pid file C:/xampp/apache/logs/httpd.pid overwritten -- Unclean shutdown of previous Apache run?
[Mon Mar 09 16:40:23.621654 2026] [ssl:warn] [pid 3000:tid 404] AH01909: www.example.com:443:0 server certificate does NOT include an ID which matches the server name
[Mon Mar 09 16:40:24.041692 2026] [mpm_winnt:notice] [pid 3000:tid 404] AH00455: Apache/2.4.58 (Win64) OpenSSL/3.1.3 PHP/8.2.12 configured -- resuming normal operations
[Mon Mar 09 16:40:24.041692 2026] [mpm_winnt:notice] [pid 3000:tid 404] AH00456: Apache Lounge VS17 Server built: Oct 18 2023 13:03:18
[Mon Mar 09 16:40:24.041692 2026] [core:notice] [pid 3000:tid 404] AH00094: Command line: 'C:\\xampp\\apache\\bin\\httpd.exe -d C:/xampp/apache'
[Mon Mar 09 16:40:24.041692 2026] [mpm_winnt:notice] [pid 3000:tid 404] AH00418: Parent: Created child process 832
[Mon Mar 09 16:40:24.933847 2026] [ssl:warn] [pid 832:tid 420] AH01909: www.example.com:443:0 server certificate does NOT include an ID which matches the server name
[Mon Mar 09 16:40:24.978604 2026] [ssl:warn] [pid 832:tid 420] AH01909: www.example.com:443:0 server certificate does NOT include an ID which matches the server name
[Mon Mar 09 16:40:25.025477 2026] [mpm_winnt:notice] [pid 832:tid 420] AH00354: Child: Starting 150 worker threads.
[Wed Mar 11 08:48:55.092886 2026] [ssl:warn] [pid 1716:tid 404] AH01909: www.example.com:443:0 server certificate does NOT include an ID which matches the server name
[Wed Mar 11 08:48:55.197946 2026] [core:warn] [pid 1716:tid 404] AH00098: pid file C:/xampp/apache/logs/httpd.pid overwritten -- Unclean shutdown of previous Apache run?
[Wed Mar 11 08:48:55.197946 2026] [ssl:warn] [pid 1716:tid 404] AH01909: www.example.com:443:0 server certificate does NOT include an ID which matches the server name
[Wed Mar 11 08:48:55.719769 2026] [mpm_winnt:notice] [pid 1716:tid 404] AH00455: Apache/2.4.58 (Win64) OpenSSL/3.1.3 PHP/8.2.12 configured -- resuming normal operations
[Wed Mar 11 08:48:55.719769 2026] [mpm_winnt:notice] [pid 1716:tid 404] AH00456: Apache Lounge VS17 Server built: Oct 18 2023 13:03:18
[Wed Mar 11 08:48:55.719769 2026] [core:notice] [pid 1716:tid 404] AH00094: Command line: 'C:\\xampp\\apache\\bin\\httpd.exe -d C:/xampp/apache'
[Wed Mar 11 08:48:55.719769 2026] [mpm_winnt:notice] [pid 1716:tid 404] AH00418: Parent: Created child process 4524
[Wed Mar 11 08:48:56.640231 2026] [ssl:warn] [pid 4524:tid 420] AH01909: www.example.com:443:0 server certificate does NOT include an ID which matches the server name
[Wed Mar 11 08:48:56.682009 2026] [ssl:warn] [pid 4524:tid 420] AH01909: www.example.com:443:0 server certificate does NOT include an ID which matches the server name
[Wed Mar 11 08:48:56.742920 2026] [mpm_winnt:notice] [pid 4524:tid 420] AH00354: Child: Starting 150 worker threads.
[Wed Mar 11 10:03:17.312154 2026] [ssl:warn] [pid 2920:tid 404] AH01909: www.example.com:443:0 server certificate does NOT include an ID which matches the server name
[Wed Mar 11 10:03:17.408320 2026] [core:warn] [pid 2920:tid 404] AH00098: pid file C:/xampp/apache/logs/httpd.pid overwritten -- Unclean shutdown of previous Apache run?
[Wed Mar 11 10:03:17.408320 2026] [ssl:warn] [pid 2920:tid 404] AH01909: www.example.com:443:0 server certificate does NOT include an ID which matches the server name
[Wed Mar 11 10:03:17.708665 2026] [mpm_winnt:notice] [pid 2920:tid 404] AH00455: Apache/2.4.58 (Win64) OpenSSL/3.1.3 PHP/8.2.12 configured -- resuming normal operations
[Wed Mar 11 10:03:17.708665 2026] [mpm_winnt:notice] [pid 2920:tid 404] AH00456: Apache Lounge VS17 Server built: Oct 18 2023 13:03:18
[Wed Mar 11 10:03:17.708665 2026] [core:notice] [pid 2920:tid 404] AH00094: Command line: 'C:\\xampp\\apache\\bin\\httpd.exe -d C:/xampp/apache'
[Wed Mar 11 10:03:17.726309 2026] [mpm_winnt:notice] [pid 2920:tid 404] AH00418: Parent: Created child process 4452
[Wed Mar 11 10:03:18.709768 2026] [ssl:warn] [pid 4452:tid 424] AH01909: www.example.com:443:0 server certificate does NOT include an ID which matches the server name
[Wed Mar 11 10:03:18.741431 2026] [ssl:warn] [pid 4452:tid 424] AH01909: www.example.com:443:0 server certificate does NOT include an ID which matches the server name
[Wed Mar 11 10:03:18.795709 2026] [mpm_winnt:notice] [pid 4452:tid 424] AH00354: Child: Starting 150 worker threads.
[Wed Mar 11 14:23:00.169636 2026] [ssl:warn] [pid 2876:tid 404] AH01909: www.example.com:443:0 server certificate does NOT include an ID which matches the server name
[Wed Mar 11 14:23:00.214916 2026] [core:warn] [pid 2876:tid 404] AH00098: pid file C:/xampp/apache/logs/httpd.pid overwritten -- Unclean shutdown of previous Apache run?
[Wed Mar 11 14:23:00.222423 2026] [ssl:warn] [pid 2876:tid 404] AH01909: www.example.com:443:0 server certificate does NOT include an ID which matches the server name
[Wed Mar 11 14:23:00.810979 2026] [mpm_winnt:notice] [pid 2876:tid 404] AH00455: Apache/2.4.58 (Win64) OpenSSL/3.1.3 PHP/8.2.12 configured -- resuming normal operations
[Wed Mar 11 14:23:00.810979 2026] [mpm_winnt:notice] [pid 2876:tid 404] AH00456: Apache Lounge VS17 Server built: Oct 18 2023 13:03:18
[Wed Mar 11 14:23:00.810979 2026] [core:notice] [pid 2876:tid 404] AH00094: Command line: 'C:\\xampp\\apache\\bin\\httpd.exe -d C:/xampp/apache'
[Wed Mar 11 14:23:00.810979 2026] [mpm_winnt:notice] [pid 2876:tid 404] AH00418: Parent: Created child process 5044
[Wed Mar 11 14:23:01.916539 2026] [ssl:warn] [pid 5044:tid 420] AH01909: www.example.com:443:0 server certificate does NOT include an ID which matches the server name
[Wed Mar 11 14:23:01.971950 2026] [ssl:warn] [pid 5044:tid 420] AH01909: www.example.com:443:0 server certificate does NOT include an ID which matches the server name
[Wed Mar 11 14:23:02.027234 2026] [mpm_winnt:notice] [pid 5044:tid 420] AH00354: Child: Starting 150 worker threads.
[Thu Mar 12 09:11:41.582780 2026] [ssl:warn] [pid 3048:tid 404] AH01909: www.example.com:443:0 server certificate does NOT include an ID which matches the server name
[Thu Mar 12 09:11:41.700074 2026] [core:warn] [pid 3048:tid 404] AH00098: pid file C:/xampp/apache/logs/httpd.pid overwritten -- Unclean shutdown of previous Apache run?
[Thu Mar 12 09:11:41.715710 2026] [ssl:warn] [pid 3048:tid 404] AH01909: www.example.com:443:0 server certificate does NOT include an ID which matches the server name
[Thu Mar 12 09:11:42.027326 2026] [mpm_winnt:notice] [pid 3048:tid 404] AH00455: Apache/2.4.58 (Win64) OpenSSL/3.1.3 PHP/8.2.12 configured -- resuming normal operations
[Thu Mar 12 09:11:42.027326 2026] [mpm_winnt:notice] [pid 3048:tid 404] AH00456: Apache Lounge VS17 Server built: Oct 18 2023 13:03:18
[Thu Mar 12 09:11:42.027326 2026] [core:notice] [pid 3048:tid 404] AH00094: Command line: 'C:\\xampp\\apache\\bin\\httpd.exe -d C:/xampp/apache'
[Thu Mar 12 09:11:42.027326 2026] [mpm_winnt:notice] [pid 3048:tid 404] AH00418: Parent: Created child process 4544
[Thu Mar 12 09:11:43.407628 2026] [ssl:warn] [pid 4544:tid 420] AH01909: www.example.com:443:0 server certificate does NOT include an ID which matches the server name
[Thu Mar 12 09:11:43.452418 2026] [ssl:warn] [pid 4544:tid 420] AH01909: www.example.com:443:0 server certificate does NOT include an ID which matches the server name
[Thu Mar 12 09:11:43.506799 2026] [mpm_winnt:notice] [pid 4544:tid 420] AH00354: Child: Starting 150 worker threads.
[Thu Mar 12 11:28:53.768616 2026] [ssl:warn] [pid 2868:tid 404] AH01909: www.example.com:443:0 server certificate does NOT include an ID which matches the server name
[Thu Mar 12 11:28:53.815496 2026] [core:warn] [pid 2868:tid 404] AH00098: pid file C:/xampp/apache/logs/httpd.pid overwritten -- Unclean shutdown of previous Apache run?
[Thu Mar 12 11:28:53.815496 2026] [ssl:warn] [pid 2868:tid 404] AH01909: www.example.com:443:0 server certificate does NOT include an ID which matches the server name
[Thu Mar 12 11:28:54.135551 2026] [mpm_winnt:notice] [pid 2868:tid 404] AH00455: Apache/2.4.58 (Win64) OpenSSL/3.1.3 PHP/8.2.12 configured -- resuming normal operations
[Thu Mar 12 11:28:54.135551 2026] [mpm_winnt:notice] [pid 2868:tid 404] AH00456: Apache Lounge VS17 Server built: Oct 18 2023 13:03:18
[Thu Mar 12 11:28:54.135551 2026] [core:notice] [pid 2868:tid 404] AH00094: Command line: 'C:\\xampp\\apache\\bin\\httpd.exe -d C:/xampp/apache'
[Thu Mar 12 11:28:54.135551 2026] [mpm_winnt:notice] [pid 2868:tid 404] AH00418: Parent: Created child process 4788
[Thu Mar 12 11:28:55.318772 2026] [ssl:warn] [pid 4788:tid 420] AH01909: www.example.com:443:0 server certificate does NOT include an ID which matches the server name
[Thu Mar 12 11:28:55.357442 2026] [ssl:warn] [pid 4788:tid 420] AH01909: www.example.com:443:0 server certificate does NOT include an ID which matches the server name
[Thu Mar 12 11:28:55.415850 2026] [mpm_winnt:notice] [pid 4788:tid 420] AH00354: Child: Starting 150 worker threads.
[Thu Mar 12 15:32:56.790861 2026] [ssl:warn] [pid 2868:tid 404] AH01909: www.example.com:443:0 server certificate does NOT include an ID which matches the server name
[Thu Mar 12 15:32:56.835620 2026] [core:warn] [pid 2868:tid 404] AH00098: pid file C:/xampp/apache/logs/httpd.pid overwritten -- Unclean shutdown of previous Apache run?
[Thu Mar 12 15:32:56.835620 2026] [ssl:warn] [pid 2868:tid 404] AH01909: www.example.com:443:0 server certificate does NOT include an ID which matches the server name
[Thu Mar 12 15:32:57.196242 2026] [mpm_winnt:notice] [pid 2868:tid 404] AH00455: Apache/2.4.58 (Win64) OpenSSL/3.1.3 PHP/8.2.12 configured -- resuming normal operations
[Thu Mar 12 15:32:57.196242 2026] [mpm_winnt:notice] [pid 2868:tid 404] AH00456: Apache Lounge VS17 Server built: Oct 18 2023 13:03:18
[Thu Mar 12 15:32:57.196242 2026] [core:notice] [pid 2868:tid 404] AH00094: Command line: 'C:\\xampp\\apache\\bin\\httpd.exe -d C:/xampp/apache'
[Thu Mar 12 15:32:57.196242 2026] [mpm_winnt:notice] [pid 2868:tid 404] AH00418: Parent: Created child process 4460
[Thu Mar 12 15:32:58.146171 2026] [ssl:warn] [pid 4460:tid 420] AH01909: www.example.com:443:0 server certificate does NOT include an ID which matches the server name
[Thu Mar 12 15:32:58.177426 2026] [ssl:warn] [pid 4460:tid 420] AH01909: www.example.com:443:0 server certificate does NOT include an ID which matches the server name
[Thu Mar 12 15:32:58.228319 2026] [mpm_winnt:notice] [pid 4460:tid 420] AH00354: Child: Starting 150 worker threads.
[Thu Mar 12 16:57:01.798134 2026] [ssl:warn] [pid 2900:tid 404] AH01909: www.example.com:443:0 server certificate does NOT include an ID which matches the server name
[Thu Mar 12 16:57:01.881585 2026] [core:warn] [pid 2900:tid 404] AH00098: pid file C:/xampp/apache/logs/httpd.pid overwritten -- Unclean shutdown of previous Apache run?
[Thu Mar 12 16:57:01.881585 2026] [ssl:warn] [pid 2900:tid 404] AH01909: www.example.com:443:0 server certificate does NOT include an ID which matches the server name
[Thu Mar 12 16:57:02.416648 2026] [mpm_winnt:notice] [pid 2900:tid 404] AH00455: Apache/2.4.58 (Win64) OpenSSL/3.1.3 PHP/8.2.12 configured -- resuming normal operations
[Thu Mar 12 16:57:02.416648 2026] [mpm_winnt:notice] [pid 2900:tid 404] AH00456: Apache Lounge VS17 Server built: Oct 18 2023 13:03:18
[Thu Mar 12 16:57:02.416648 2026] [core:notice] [pid 2900:tid 404] AH00094: Command line: 'C:\\xampp\\apache\\bin\\httpd.exe -d C:/xampp/apache'
[Thu Mar 12 16:57:02.416648 2026] [mpm_winnt:notice] [pid 2900:tid 404] AH00418: Parent: Created child process 4996
[Thu Mar 12 16:57:03.697814 2026] [ssl:warn] [pid 4996:tid 420] AH01909: www.example.com:443:0 server certificate does NOT include an ID which matches the server name
[Thu Mar 12 16:57:03.740083 2026] [ssl:warn] [pid 4996:tid 420] AH01909: www.example.com:443:0 server certificate does NOT include an ID which matches the server name
[Thu Mar 12 16:57:03.814490 2026] [mpm_winnt:notice] [pid 4996:tid 420] AH00354: Child: Starting 150 worker threads.
[Thu Mar 19 08:40:10.540814 2026] [ssl:warn] [pid 3012:tid 404] AH01909: www.example.com:443:0 server certificate does NOT include an ID which matches the server name
[Thu Mar 19 08:40:10.587687 2026] [core:warn] [pid 3012:tid 404] AH00098: pid file C:/xampp/apache/logs/httpd.pid overwritten -- Unclean shutdown of previous Apache run?
[Thu Mar 19 08:40:10.587687 2026] [ssl:warn] [pid 3012:tid 404] AH01909: www.example.com:443:0 server certificate does NOT include an ID which matches the server name
[Thu Mar 19 08:40:10.893899 2026] [mpm_winnt:notice] [pid 3012:tid 404] AH00455: Apache/2.4.58 (Win64) OpenSSL/3.1.3 PHP/8.2.12 configured -- resuming normal operations
[Thu Mar 19 08:40:10.900403 2026] [mpm_winnt:notice] [pid 3012:tid 404] AH00456: Apache Lounge VS17 Server built: Oct 18 2023 13:03:18
[Thu Mar 19 08:40:10.900403 2026] [core:notice] [pid 3012:tid 404] AH00094: Command line: 'C:\\xampp\\apache\\bin\\httpd.exe -d C:/xampp/apache'
[Thu Mar 19 08:40:10.900403 2026] [mpm_winnt:notice] [pid 3012:tid 404] AH00418: Parent: Created child process 4532
[Thu Mar 19 08:40:12.170891 2026] [ssl:warn] [pid 4532:tid 420] AH01909: www.example.com:443:0 server certificate does NOT include an ID which matches the server name
[Thu Mar 19 08:40:12.204542 2026] [ssl:warn] [pid 4532:tid 420] AH01909: www.example.com:443:0 server certificate does NOT include an ID which matches the server name
[Thu Mar 19 08:40:12.268844 2026] [mpm_winnt:notice] [pid 4532:tid 420] AH00354: Child: Starting 150 worker threads.
[Sun Mar 22 06:50:54.540209 2026] [mpm_winnt:notice] [pid 3012:tid 404] AH00422: Parent: Received shutdown signal -- Shutting down the server.
[Sun Mar 22 06:50:56.630699 2026] [mpm_winnt:notice] [pid 4532:tid 420] AH00364: Child: All worker threads have exited.
[Sun Mar 22 06:50:56.800038 2026] [mpm_winnt:notice] [pid 3012:tid 404] AH00430: Parent: Child process 4532 exited successfully.
[Sun Mar 22 06:51:27.392385 2026] [ssl:warn] [pid 3024:tid 404] AH01909: www.example.com:443:0 server certificate does NOT include an ID which matches the server name
[Sun Mar 22 06:51:27.439145 2026] [ssl:warn] [pid 3024:tid 404] AH01909: www.example.com:443:0 server certificate does NOT include an ID which matches the server name
[Sun Mar 22 06:51:27.730151 2026] [mpm_winnt:notice] [pid 3024:tid 404] AH00455: Apache/2.4.58 (Win64) OpenSSL/3.1.3 PHP/8.2.12 configured -- resuming normal operations
[Sun Mar 22 06:51:27.730151 2026] [mpm_winnt:notice] [pid 3024:tid 404] AH00456: Apache Lounge VS17 Server built: Oct 18 2023 13:03:18
[Sun Mar 22 06:51:27.730151 2026] [core:notice] [pid 3024:tid 404] AH00094: Command line: 'C:\\xampp\\apache\\bin\\httpd.exe -d C:/xampp/apache'
[Sun Mar 22 06:51:27.730151 2026] [mpm_winnt:notice] [pid 3024:tid 404] AH00418: Parent: Created child process 4872
[Sun Mar 22 06:51:28.508679 2026] [ssl:warn] [pid 4872:tid 420] AH01909: www.example.com:443:0 server certificate does NOT include an ID which matches the server name
[Sun Mar 22 06:51:28.534216 2026] [ssl:warn] [pid 4872:tid 420] AH01909: www.example.com:443:0 server certificate does NOT include an ID which matches the server name
[Sun Mar 22 06:51:28.582404 2026] [mpm_winnt:notice] [pid 4872:tid 420] AH00354: Child: Starting 150 worker threads.
[Sun Mar 22 08:07:48.050451 2026] [ssl:warn] [pid 3040:tid 404] AH01909: www.example.com:443:0 server certificate does NOT include an ID which matches the server name
[Sun Mar 22 08:07:48.159539 2026] [core:warn] [pid 3040:tid 404] AH00098: pid file C:/xampp/apache/logs/httpd.pid overwritten -- Unclean shutdown of previous Apache run?
[Sun Mar 22 08:07:48.159539 2026] [ssl:warn] [pid 3040:tid 404] AH01909: www.example.com:443:0 server certificate does NOT include an ID which matches the server name
[Sun Mar 22 08:07:48.717434 2026] [mpm_winnt:notice] [pid 3040:tid 404] AH00455: Apache/2.4.58 (Win64) OpenSSL/3.1.3 PHP/8.2.12 configured -- resuming normal operations
[Sun Mar 22 08:07:48.717434 2026] [mpm_winnt:notice] [pid 3040:tid 404] AH00456: Apache Lounge VS17 Server built: Oct 18 2023 13:03:18
[Sun Mar 22 08:07:48.717434 2026] [core:notice] [pid 3040:tid 404] AH00094: Command line: 'C:\\xampp\\apache\\bin\\httpd.exe -d C:/xampp/apache'
[Sun Mar 22 08:07:48.717434 2026] [mpm_winnt:notice] [pid 3040:tid 404] AH00418: Parent: Created child process 4572
[Sun Mar 22 08:07:49.770355 2026] [ssl:warn] [pid 4572:tid 420] AH01909: www.example.com:443:0 server certificate does NOT include an ID which matches the server name
[Sun Mar 22 08:07:49.823255 2026] [ssl:warn] [pid 4572:tid 420] AH01909: www.example.com:443:0 server certificate does NOT include an ID which matches the server name
[Sun Mar 22 08:07:49.917316 2026] [mpm_winnt:notice] [pid 4572:tid 420] AH00354: Child: Starting 150 worker threads.
[Mon Mar 23 09:06:38.655305 2026] [ssl:warn] [pid 2268:tid 404] AH01909: www.example.com:443:0 server certificate does NOT include an ID which matches the server name
[Mon Mar 23 09:06:38.829028 2026] [core:warn] [pid 2268:tid 404] AH00098: pid file C:/xampp/apache/logs/httpd.pid overwritten -- Unclean shutdown of previous Apache run?
[Mon Mar 23 09:06:38.844652 2026] [ssl:warn] [pid 2268:tid 404] AH01909: www.example.com:443:0 server certificate does NOT include an ID which matches the server name
[Mon Mar 23 09:06:39.249356 2026] [mpm_winnt:notice] [pid 2268:tid 404] AH00455: Apache/2.4.58 (Win64) OpenSSL/3.1.3 PHP/8.2.12 configured -- resuming normal operations
[Mon Mar 23 09:06:39.249356 2026] [mpm_winnt:notice] [pid 2268:tid 404] AH00456: Apache Lounge VS17 Server built: Oct 18 2023 13:03:18
[Mon Mar 23 09:06:39.249356 2026] [core:notice] [pid 2268:tid 404] AH00094: Command line: 'C:\\xampp\\apache\\bin\\httpd.exe -d C:/xampp/apache'
[Mon Mar 23 09:06:39.264981 2026] [mpm_winnt:notice] [pid 2268:tid 404] AH00418: Parent: Created child process 4896
[Mon Mar 23 09:06:40.566956 2026] [ssl:warn] [pid 4896:tid 420] AH01909: www.example.com:443:0 server certificate does NOT include an ID which matches the server name
[Mon Mar 23 09:06:40.622861 2026] [ssl:warn] [pid 4896:tid 420] AH01909: www.example.com:443:0 server certificate does NOT include an ID which matches the server name
[Mon Mar 23 09:06:40.688675 2026] [mpm_winnt:notice] [pid 4896:tid 420] AH00354: Child: Starting 150 worker threads.
[Tue Mar 24 10:09:08.395993 2026] [ssl:warn] [pid 3024:tid 404] AH01909: www.example.com:443:0 server certificate does NOT include an ID which matches the server name
[Tue Mar 24 10:09:08.462400 2026] [core:warn] [pid 3024:tid 404] AH00098: pid file C:/xampp/apache/logs/httpd.pid overwritten -- Unclean shutdown of previous Apache run?
[Tue Mar 24 10:09:08.462400 2026] [ssl:warn] [pid 3024:tid 404] AH01909: www.example.com:443:0 server certificate does NOT include an ID which matches the server name
[Tue Mar 24 10:09:08.813589 2026] [mpm_winnt:notice] [pid 3024:tid 404] AH00455: Apache/2.4.58 (Win64) OpenSSL/3.1.3 PHP/8.2.12 configured -- resuming normal operations
[Tue Mar 24 10:09:08.813589 2026] [mpm_winnt:notice] [pid 3024:tid 404] AH00456: Apache Lounge VS17 Server built: Oct 18 2023 13:03:18
[Tue Mar 24 10:09:08.813589 2026] [core:notice] [pid 3024:tid 404] AH00094: Command line: 'C:\\xampp\\apache\\bin\\httpd.exe -d C:/xampp/apache'
[Tue Mar 24 10:09:08.813589 2026] [mpm_winnt:notice] [pid 3024:tid 404] AH00418: Parent: Created child process 4480
[Tue Mar 24 10:09:09.719503 2026] [ssl:warn] [pid 4480:tid 420] AH01909: www.example.com:443:0 server certificate does NOT include an ID which matches the server name
[Tue Mar 24 10:09:09.777784 2026] [ssl:warn] [pid 4480:tid 420] AH01909: www.example.com:443:0 server certificate does NOT include an ID which matches the server name
[Tue Mar 24 10:09:09.828067 2026] [mpm_winnt:notice] [pid 4480:tid 420] AH00354: Child: Starting 150 worker threads.
[Wed Mar 25 17:10:07.294447 2026] [ssl:warn] [pid 2936:tid 404] AH01909: www.example.com:443:0 server certificate does NOT include an ID which matches the server name
[Wed Mar 25 17:10:07.327721 2026] [core:warn] [pid 2936:tid 404] AH00098: pid file C:/xampp/apache/logs/httpd.pid overwritten -- Unclean shutdown of previous Apache run?
[Wed Mar 25 17:10:07.327721 2026] [ssl:warn] [pid 2936:tid 404] AH01909: www.example.com:443:0 server certificate does NOT include an ID which matches the server name
[Wed Mar 25 17:10:07.870133 2026] [mpm_winnt:notice] [pid 2936:tid 404] AH00455: Apache/2.4.58 (Win64) OpenSSL/3.1.3 PHP/8.2.12 configured -- resuming normal operations
[Wed Mar 25 17:10:07.870133 2026] [mpm_winnt:notice] [pid 2936:tid 404] AH00456: Apache Lounge VS17 Server built: Oct 18 2023 13:03:18
[Wed Mar 25 17:10:07.870133 2026] [core:notice] [pid 2936:tid 404] AH00094: Command line: 'C:\\xampp\\apache\\bin\\httpd.exe -d C:/xampp/apache'
[Wed Mar 25 17:10:07.870133 2026] [mpm_winnt:notice] [pid 2936:tid 404] AH00418: Parent: Created child process 5080
[Wed Mar 25 17:10:08.971340 2026] [ssl:warn] [pid 5080:tid 436] AH01909: www.example.com:443:0 server certificate does NOT include an ID which matches the server name
[Wed Mar 25 17:10:09.002589 2026] [ssl:warn] [pid 5080:tid 436] AH01909: www.example.com:443:0 server certificate does NOT include an ID which matches the server name
[Wed Mar 25 17:10:09.059381 2026] [mpm_winnt:notice] [pid 5080:tid 436] AH00354: Child: Starting 150 worker threads.
[Fri Mar 27 17:04:12.940355 2026] [ssl:warn] [pid 2864:tid 156] AH01909: www.example.com:443:0 server certificate does NOT include an ID which matches the server name
[Fri Mar 27 17:04:12.984629 2026] [core:warn] [pid 2864:tid 156] AH00098: pid file C:/xampp/apache/logs/httpd.pid overwritten -- Unclean shutdown of previous Apache run?
[Fri Mar 27 17:04:12.984629 2026] [ssl:warn] [pid 2864:tid 156] AH01909: www.example.com:443:0 server certificate does NOT include an ID which matches the server name
[Fri Mar 27 17:04:13.401623 2026] [mpm_winnt:notice] [pid 2864:tid 156] AH00455: Apache/2.4.58 (Win64) OpenSSL/3.1.3 PHP/8.2.12 configured -- resuming normal operations
[Fri Mar 27 17:04:13.401623 2026] [mpm_winnt:notice] [pid 2864:tid 156] AH00456: Apache Lounge VS17 Server built: Oct 18 2023 13:03:18
[Fri Mar 27 17:04:13.401623 2026] [core:notice] [pid 2864:tid 156] AH00094: Command line: 'C:\\xampp\\apache\\bin\\httpd.exe -d C:/xampp/apache'
[Fri Mar 27 17:04:13.401623 2026] [mpm_winnt:notice] [pid 2864:tid 156] AH00418: Parent: Created child process 4772
[Fri Mar 27 17:04:14.681811 2026] [ssl:warn] [pid 4772:tid 420] AH01909: www.example.com:443:0 server certificate does NOT include an ID which matches the server name
[Fri Mar 27 17:04:14.770855 2026] [ssl:warn] [pid 4772:tid 420] AH01909: www.example.com:443:0 server certificate does NOT include an ID which matches the server name
[Fri Mar 27 17:04:14.851789 2026] [mpm_winnt:notice] [pid 4772:tid 420] AH00354: Child: Starting 150 worker threads.
[Sat Mar 28 10:06:50.855635 2026] [ssl:warn] [pid 3012:tid 404] AH01909: www.example.com:443:0 server certificate does NOT include an ID which matches the server name
[Sat Mar 28 10:06:50.911544 2026] [core:warn] [pid 3012:tid 404] AH00098: pid file C:/xampp/apache/logs/httpd.pid overwritten -- Unclean shutdown of previous Apache run?
[Sat Mar 28 10:06:50.911544 2026] [ssl:warn] [pid 3012:tid 404] AH01909: www.example.com:443:0 server certificate does NOT include an ID which matches the server name
[Sat Mar 28 10:06:51.252849 2026] [mpm_winnt:notice] [pid 3012:tid 404] AH00455: Apache/2.4.58 (Win64) OpenSSL/3.1.3 PHP/8.2.12 configured -- resuming normal operations
[Sat Mar 28 10:06:51.252849 2026] [mpm_winnt:notice] [pid 3012:tid 404] AH00456: Apache Lounge VS17 Server built: Oct 18 2023 13:03:18
[Sat Mar 28 10:06:51.252849 2026] [core:notice] [pid 3012:tid 404] AH00094: Command line: 'C:\\xampp\\apache\\bin\\httpd.exe -d C:/xampp/apache'
[Sat Mar 28 10:06:51.268473 2026] [mpm_winnt:notice] [pid 3012:tid 404] AH00418: Parent: Created child process 4824
[Sat Mar 28 10:06:52.481375 2026] [ssl:warn] [pid 4824:tid 428] AH01909: www.example.com:443:0 server certificate does NOT include an ID which matches the server name
[Sat Mar 28 10:06:52.549409 2026] [ssl:warn] [pid 4824:tid 428] AH01909: www.example.com:443:0 server certificate does NOT include an ID which matches the server name
[Sat Mar 28 10:06:52.595184 2026] [mpm_winnt:notice] [pid 4824:tid 428] AH00354: Child: Starting 150 worker threads.
