2025-09-30 13:18:16 0 [Note] Starting MariaDB 10.4.32-MariaDB source revision c4143f909528e3fab0677a28631d10389354c491 as process 3084
2025-09-30 13:18:16 0 [Note] InnoDB: Mutexes and rw_locks use Windows interlocked functions
2025-09-30 13:18:16 0 [Note] InnoDB: Uses event mutexes
2025-09-30 13:18:16 0 [Note] InnoDB: Compressed tables use zlib 1.3
2025-09-30 13:18:16 0 [Note] InnoDB: Number of pools: 1
2025-09-30 13:18:16 0 [Note] InnoDB: Using SSE2 crc32 instructions
2025-09-30 13:18:16 0 [Note] InnoDB: Initializing buffer pool, total size = 16M, instances = 1, chunk size = 16M
2025-09-30 13:18:16 0 [Note] InnoDB: Completed initialization of buffer pool
2025-09-30 13:18:16 0 [Note] InnoDB: Starting crash recovery from checkpoint LSN=300288
2025-09-30 13:18:17 0 [Note] InnoDB: 128 out of 128 rollback segments are active.
2025-09-30 13:18:17 0 [Note] InnoDB: Removed temporary tablespace data file: "ibtmp1"
2025-09-30 13:18:17 0 [Note] InnoDB: Creating shared tablespace for temporary tables
2025-09-30 13:18:17 0 [Note] InnoDB: Setting file 'C:\xampp\mysql\data\ibtmp1' size to 12 MB. Physically writing the file full; Please wait ...
2025-09-30 13:18:17 0 [Note] InnoDB: File 'C:\xampp\mysql\data\ibtmp1' size is now 12 MB.
2025-09-30 13:18:17 0 [Note] InnoDB: Waiting for purge to start
2025-09-30 13:18:17 0 [Note] InnoDB: 10.4.32 started; log sequence number 300297; transaction id 170
2025-09-30 13:18:17 0 [Note] InnoDB: Loading buffer pool(s) from C:\xampp\mysql\data\ib_buffer_pool
2025-09-30 13:18:17 0 [Note] Plugin 'FEEDBACK' is disabled.
2025-09-30 13:18:17 0 [Note] Server socket created on IP: '::'.
2025-09-30 13:18:17 0 [Note] InnoDB: Buffer pool(s) load completed at 250930 13:18:17
2025-09-30 13:18:17 0 [Note] Reading of all Master_info entries succeeded
2025-09-30 13:18:17 0 [Note] Added new Master_info '' to hash table
2025-09-30 13:18:17 0 [Note] C:\xampp\mysql\bin\mysqld.exe: ready for connections.
Version: '10.4.32-MariaDB'  socket: ''  port: 3306  mariadb.org binary distribution
2025-09-30 13:30:50 0 [Note] C:\xampp\mysql\bin\mysqld.exe (initiated by: unknown): Normal shutdown
2025-09-30 13:30:50 0 [Note] Event Scheduler: Purging the queue. 0 events
2025-09-30 13:30:50 0 [Note] InnoDB: FTS optimize thread exiting.
2025-09-30 13:30:50 0 [Note] InnoDB: Starting shutdown...
2025-09-30 13:30:50 0 [Note] InnoDB: Dumping buffer pool(s) to C:\xampp\mysql\data\ib_buffer_pool
2025-09-30 13:30:50 0 [Note] InnoDB: Instance 0, restricted to 250 pages due to innodb_buf_pool_dump_pct=25
2025-09-30 13:30:50 0 [Note] InnoDB: Buffer pool(s) dump completed at 250930 13:30:50
2025-09-30 13:30:51 0 [Note] InnoDB: Removed temporary tablespace data file: "ibtmp1"
2025-09-30 13:30:51 0 [Note] InnoDB: Shutdown completed; log sequence number 304244; transaction id 194
2025-09-30 13:30:51 0 [Note] C:\xampp\mysql\bin\mysqld.exe: Shutdown complete

2025-09-30 13:32:56 0 [Note] Starting MariaDB 10.4.32-MariaDB source revision c4143f909528e3fab0677a28631d10389354c491 as process 6852
2025-09-30 13:32:56 0 [Note] InnoDB: Mutexes and rw_locks use Windows interlocked functions
2025-09-30 13:32:56 0 [Note] InnoDB: Uses event mutexes
2025-09-30 13:32:56 0 [Note] InnoDB: Compressed tables use zlib 1.3
2025-09-30 13:32:56 0 [Note] InnoDB: Number of pools: 1
2025-09-30 13:32:56 0 [Note] InnoDB: Using SSE2 crc32 instructions
2025-09-30 13:32:56 0 [Note] InnoDB: Initializing buffer pool, total size = 16M, instances = 1, chunk size = 16M
2025-09-30 13:32:56 0 [Note] InnoDB: Completed initialization of buffer pool
2025-09-30 13:32:57 0 [Note] InnoDB: 128 out of 128 rollback segments are active.
2025-09-30 13:32:57 0 [Note] InnoDB: Creating shared tablespace for temporary tables
2025-09-30 13:32:57 0 [Note] InnoDB: Setting file 'C:\xampp\mysql\data\ibtmp1' size to 12 MB. Physically writing the file full; Please wait ...
2025-09-30 13:32:57 0 [Note] InnoDB: File 'C:\xampp\mysql\data\ibtmp1' size is now 12 MB.
2025-09-30 13:32:57 0 [Note] InnoDB: Waiting for purge to start
2025-09-30 13:32:57 0 [Note] InnoDB: 10.4.32 started; log sequence number 304244; transaction id 195
2025-09-30 13:32:57 0 [Note] InnoDB: Loading buffer pool(s) from C:\xampp\mysql\data\ib_buffer_pool
2025-09-30 13:32:57 0 [Note] Plugin 'FEEDBACK' is disabled.
2025-09-30 13:32:57 0 [Note] Server socket created on IP: '::'.
2025-09-30 13:32:57 0 [Note] InnoDB: Buffer pool(s) load completed at 250930 13:32:57
2025-09-30 13:32:57 0 [Note] Reading of all Master_info entries succeeded
2025-09-30 13:32:57 0 [Note] Added new Master_info '' to hash table
2025-09-30 13:32:57 0 [Note] C:\xampp\mysql\bin\mysqld.exe: ready for connections.
Version: '10.4.32-MariaDB'  socket: ''  port: 3306  mariadb.org binary distribution
2025-09-30 13:35:19 11 [Warning] Access denied for user 'prologdbu1'@'DESKTOP-TF6ACUU' (using password: YES)
2025-09-30 13:37:02 12 [Warning] Access denied for user 'prologdbu1'@'DESKTOP-TF6ACUU' (using password: YES)
2025-09-30 13:38:19 13 [Warning] Access denied for user 'prologdbu1'@'DESKTOP-TF6ACUU' (using password: YES)
2025-09-30 13:45:22 9 [Warning] Aborted connection 9 to db: 'prologdb' user: 'prologuser' host: 'vidupiyasa' (Got an error reading communication packets)
2025-09-30 13:45:22 8 [Warning] Aborted connection 8 to db: 'prologdb' user: 'prologuser' host: 'vidupiyasa' (Got an error reading communication packets)
2025-09-30 13:46:46 16 [Warning] Aborted connection 16 to db: 'prologdb' user: 'prologuser' host: 'vidupiyasa' (Got an error reading communication packets)
2025-09-30 13:46:46 17 [Warning] Aborted connection 17 to db: 'prologdb' user: 'prologuser' host: 'vidupiyasa' (Got an error reading communication packets)
2025-09-30 13:49:19 18 [Warning] Aborted connection 18 to db: 'prologdb' user: 'prologuser' host: 'vidupiyasa' (Got an error reading communication packets)
2025-09-30 13:49:19 19 [Warning] Aborted connection 19 to db: 'prologdb' user: 'prologuser' host: 'vidupiyasa' (Got an error reading communication packets)
2025-09-30 13:54:44 20 [Warning] Aborted connection 20 to db: 'prologdb' user: 'prologuser' host: 'vidupiyasa' (Got an error reading communication packets)
2025-09-30 13:54:44 21 [Warning] Aborted connection 21 to db: 'prologdb' user: 'prologuser' host: 'vidupiyasa' (Got an error reading communication packets)
2025-09-30 13:55:15 14 [Warning] Aborted connection 14 to db: 'prologdb' user: 'prologuser' host: 'DESKTOP-TF6ACUU' (Got an error reading communication packets)
2025-09-30 13:55:15 15 [Warning] Aborted connection 15 to db: 'prologdb' user: 'prologuser' host: 'DESKTOP-TF6ACUU' (Got an error reading communication packets)
2025-09-30 13:56:04 24 [Warning] Aborted connection 24 to db: 'prologdb' user: 'prologuser' host: 'vidupiyasa' (Got an error reading communication packets)
2025-09-30 13:56:04 25 [Warning] Aborted connection 25 to db: 'prologdb' user: 'prologuser' host: 'vidupiyasa' (Got an error reading communication packets)
2025-09-30 14:53:22 29 [Warning] Aborted connection 29 to db: 'prologdb' user: 'prologuser' host: 'vidupiyasa' (Got an error reading communication packets)
2025-09-30 14:53:22 28 [Warning] Aborted connection 28 to db: 'prologdb' user: 'prologuser' host: 'vidupiyasa' (Got an error reading communication packets)
2025-09-30 15:04:53 33 [Warning] Aborted connection 33 to db: 'prologdb' user: 'prologuser' host: 'vidupiyasa' (Got an error reading communication packets)
2025-09-30 15:04:53 32 [Warning] Aborted connection 32 to db: 'prologdb' user: 'prologuser' host: 'vidupiyasa' (Got an error reading communication packets)
2025-09-30 15:04:58 0 [Note] C:\xampp\mysql\bin\mysqld.exe (initiated by: unknown): Normal shutdown
2025-09-30 15:04:58 0 [Note] Event Scheduler: Purging the queue. 0 events
2025-09-30 15:04:58 0 [Note] InnoDB: FTS optimize thread exiting.
2025-09-30 15:04:59 0 [Note] InnoDB: Starting shutdown...
2025-09-30 15:04:59 0 [Note] InnoDB: Dumping buffer pool(s) to C:\xampp\mysql\data\ib_buffer_pool
2025-09-30 15:04:59 0 [Note] InnoDB: Buffer pool(s) dump completed at 250930 15:04:59
2025-09-30 15:04:59 0 [Note] InnoDB: Removed temporary tablespace data file: "ibtmp1"
2025-09-30 15:04:59 0 [Note] InnoDB: Shutdown completed; log sequence number 500363; transaction id 454
2025-09-30 15:04:59 0 [Note] C:\xampp\mysql\bin\mysqld.exe: Shutdown complete

2025-09-30 15:05:29 0 [Note] Starting MariaDB 10.4.32-MariaDB source revision c4143f909528e3fab0677a28631d10389354c491 as process 3160
2025-09-30 15:05:29 0 [Note] InnoDB: Mutexes and rw_locks use Windows interlocked functions
2025-09-30 15:05:29 0 [Note] InnoDB: Uses event mutexes
2025-09-30 15:05:29 0 [Note] InnoDB: Compressed tables use zlib 1.3
2025-09-30 15:05:29 0 [Note] InnoDB: Number of pools: 1
2025-09-30 15:05:29 0 [Note] InnoDB: Using SSE2 crc32 instructions
2025-09-30 15:05:29 0 [Note] InnoDB: Initializing buffer pool, total size = 16M, instances = 1, chunk size = 16M
2025-09-30 15:05:29 0 [Note] InnoDB: Completed initialization of buffer pool
2025-09-30 15:05:30 0 [Note] InnoDB: 128 out of 128 rollback segments are active.
2025-09-30 15:05:30 0 [Note] InnoDB: Creating shared tablespace for temporary tables
2025-09-30 15:05:30 0 [Note] InnoDB: Setting file 'C:\xampp\mysql\data\ibtmp1' size to 12 MB. Physically writing the file full; Please wait ...
2025-09-30 15:05:30 0 [Note] InnoDB: File 'C:\xampp\mysql\data\ibtmp1' size is now 12 MB.
2025-09-30 15:05:30 0 [Note] InnoDB: Waiting for purge to start
2025-09-30 15:05:30 0 [Note] InnoDB: 10.4.32 started; log sequence number 500363; transaction id 455
2025-09-30 15:05:30 0 [Note] InnoDB: Loading buffer pool(s) from C:\xampp\mysql\data\ib_buffer_pool
2025-09-30 15:05:30 0 [Note] Plugin 'FEEDBACK' is disabled.
2025-09-30 15:05:30 0 [Note] Server socket created on IP: '::'.
2025-09-30 15:05:30 0 [Note] InnoDB: Buffer pool(s) load completed at 250930 15:05:30
2025-09-30 15:05:30 0 [Note] Reading of all Master_info entries succeeded
2025-09-30 15:05:30 0 [Note] Added new Master_info '' to hash table
2025-09-30 15:05:30 0 [Note] C:\xampp\mysql\bin\mysqld.exe: ready for connections.
Version: '10.4.32-MariaDB'  socket: ''  port: 3306  mariadb.org binary distribution
2025-09-30 18:05:25 19 [Warning] Aborted connection 19 to db: 'prologdb' user: 'prologuser' host: 'DESKTOP-TF6ACUU' (Got an error reading communication packets)
2025-09-30 18:05:25 18 [Warning] Aborted connection 18 to db: 'prologdb' user: 'prologuser' host: 'DESKTOP-TF6ACUU' (Got an error reading communication packets)
2025-09-30 18:21:05 20 [Warning] Aborted connection 20 to db: 'prologdb' user: 'prologuser' host: 'vidupiyasa.bbrouter' (Got an error reading communication packets)
2025-09-30 18:21:05 21 [Warning] Aborted connection 21 to db: 'prologdb' user: 'prologuser' host: 'vidupiyasa.bbrouter' (Got an error reading communication packets)
2025-09-30 18:21:08 22 [Warning] Aborted connection 22 to db: 'prologdb' user: 'prologuser' host: 'DESKTOP-TF6ACUU.bbrouter' (Got an error reading communication packets)
2025-09-30 18:21:08 24 [Warning] Aborted connection 24 to db: 'prologdb' user: 'prologuser' host: 'DESKTOP-TF6ACUU.bbrouter' (Got an error reading communication packets)
2025-09-30 18:21:08 23 [Warning] Aborted connection 23 to db: 'prologdb' user: 'prologuser' host: 'DESKTOP-TF6ACUU.bbrouter' (Got an error reading communication packets)
2025-09-30 18:28:32 27 [Warning] Aborted connection 27 to db: 'prologdb' user: 'prologuser' host: 'DESKTOP-TF6ACUU.bbrouter' (Got an error reading communication packets)
2025-09-30 18:28:32 28 [Warning] Aborted connection 28 to db: 'prologdb' user: 'prologuser' host: 'DESKTOP-TF6ACUU.bbrouter' (Got an error reading communication packets)
2025-09-30 18:28:32 29 [Warning] Aborted connection 29 to db: 'prologdb' user: 'prologuser' host: 'DESKTOP-TF6ACUU.bbrouter' (Got an error reading communication packets)
2025-09-30 18:28:33 25 [Warning] Aborted connection 25 to db: 'prologdb' user: 'prologuser' host: 'vidupiyasa.bbrouter' (Got an error reading communication packets)
2025-09-30 18:28:33 26 [Warning] Aborted connection 26 to db: 'prologdb' user: 'prologuser' host: 'vidupiyasa.bbrouter' (Got an error reading communication packets)
2025-09-30 18:36:34 30 [Warning] Aborted connection 30 to db: 'prologdb' user: 'prologuser' host: 'DESKTOP-TF6ACUU.bbrouter' (Got an error reading communication packets)
2025-09-30 18:36:34 31 [Warning] Aborted connection 31 to db: 'prologdb' user: 'prologuser' host: 'DESKTOP-TF6ACUU.bbrouter' (Got an error reading communication packets)
2025-09-30 18:36:34 32 [Warning] Aborted connection 32 to db: 'prologdb' user: 'prologuser' host: 'DESKTOP-TF6ACUU.bbrouter' (Got an error reading communication packets)
2025-09-30 18:37:55 33 [Warning] Aborted connection 33 to db: 'prologdb' user: 'prologuser' host: 'vidupiyasa.bbrouter' (Got an error reading communication packets)
2025-09-30 18:37:55 34 [Warning] Aborted connection 34 to db: 'prologdb' user: 'prologuser' host: 'vidupiyasa.bbrouter' (Got an error reading communication packets)
2025-10-01  9:40:09 0 [Note] C:\xampp\mysql\bin\mysqld.exe (initiated by: unknown): Normal shutdown
2025-10-01  9:40:09 0 [Note] Event Scheduler: Purging the queue. 0 events
2025-10-01  9:40:09 0 [Note] InnoDB: FTS optimize thread exiting.
2025-10-01  9:40:09 0 [Note] InnoDB: Starting shutdown...
2025-10-01  9:40:09 0 [Note] InnoDB: Dumping buffer pool(s) to C:\xampp\mysql\data\ib_buffer_pool
2025-10-01  9:40:09 0 [Note] InnoDB: Instance 0, restricted to 250 pages due to innodb_buf_pool_dump_pct=25
2025-10-01  9:40:09 0 [Note] InnoDB: Buffer pool(s) dump completed at 251001  9:40:09
2025-10-01  9:40:10 0 [Note] InnoDB: Removed temporary tablespace data file: "ibtmp1"
2025-10-01  9:40:10 0 [Note] InnoDB: Shutdown completed; log sequence number 533111; transaction id 515
2025-10-01  9:40:10 0 [Note] C:\xampp\mysql\bin\mysqld.exe: Shutdown complete

2025-10-01  9:40:39 0 [Note] Starting MariaDB 10.4.32-MariaDB source revision c4143f909528e3fab0677a28631d10389354c491 as process 3212
2025-10-01  9:40:39 0 [Note] InnoDB: Mutexes and rw_locks use Windows interlocked functions
2025-10-01  9:40:39 0 [Note] InnoDB: Uses event mutexes
2025-10-01  9:40:39 0 [Note] InnoDB: Compressed tables use zlib 1.3
2025-10-01  9:40:39 0 [Note] InnoDB: Number of pools: 1
2025-10-01  9:40:39 0 [Note] InnoDB: Using SSE2 crc32 instructions
2025-10-01  9:40:40 0 [Note] InnoDB: Initializing buffer pool, total size = 16M, instances = 1, chunk size = 16M
2025-10-01  9:40:40 0 [Note] InnoDB: Completed initialization of buffer pool
2025-10-01  9:40:40 0 [Note] InnoDB: 128 out of 128 rollback segments are active.
2025-10-01  9:40:40 0 [Note] InnoDB: Creating shared tablespace for temporary tables
2025-10-01  9:40:40 0 [Note] InnoDB: Setting file 'C:\xampp\mysql\data\ibtmp1' size to 12 MB. Physically writing the file full; Please wait ...
2025-10-01  9:40:40 0 [Note] InnoDB: File 'C:\xampp\mysql\data\ibtmp1' size is now 12 MB.
2025-10-01  9:40:40 0 [Note] InnoDB: Waiting for purge to start
2025-10-01  9:40:40 0 [Note] InnoDB: 10.4.32 started; log sequence number 533111; transaction id 516
2025-10-01  9:40:40 0 [Note] InnoDB: Loading buffer pool(s) from C:\xampp\mysql\data\ib_buffer_pool
2025-10-01  9:40:40 0 [Note] Plugin 'FEEDBACK' is disabled.
2025-10-01  9:40:40 0 [Note] Server socket created on IP: '::'.
2025-10-01  9:40:40 0 [Note] InnoDB: Buffer pool(s) load completed at 251001  9:40:40
2025-10-01  9:40:40 0 [Note] Reading of all Master_info entries succeeded
2025-10-01  9:40:40 0 [Note] Added new Master_info '' to hash table
2025-10-01  9:40:40 0 [Note] C:\xampp\mysql\bin\mysqld.exe: ready for connections.
Version: '10.4.32-MariaDB'  socket: ''  port: 3306  mariadb.org binary distribution
2025-10-01 10:21:21 8 [Warning] Aborted connection 8 to db: 'prologdb' user: 'prologuser' host: 'vidupiyasa.bbrouter' (Got an error reading communication packets)
2025-10-01 10:21:21 9 [Warning] Aborted connection 9 to db: 'prologdb' user: 'prologuser' host: 'vidupiyasa.bbrouter' (Got an error reading communication packets)
2025-10-01 10:47:54 13 [Warning] Aborted connection 13 to db: 'prologdb' user: 'prologuser' host: 'DESKTOP-TF6ACUU.bbrouter' (Got an error reading communication packets)
2025-10-01 10:47:54 14 [Warning] Aborted connection 14 to db: 'prologdb' user: 'prologuser' host: 'DESKTOP-TF6ACUU.bbrouter' (Got an error reading communication packets)
2025-10-01 10:47:54 12 [Warning] Aborted connection 12 to db: 'prologdb' user: 'prologuser' host: 'DESKTOP-TF6ACUU.bbrouter' (Got an error reading communication packets)
2025-10-01 10:59:30 16 [Warning] Aborted connection 16 to db: 'prologdb' user: 'prologuser' host: 'DESKTOP-TF6ACUU.bbrouter' (Got an error reading communication packets)
2025-10-01 10:59:30 15 [Warning] Aborted connection 15 to db: 'prologdb' user: 'prologuser' host: 'DESKTOP-TF6ACUU.bbrouter' (Got an error reading communication packets)
2025-10-01 10:59:30 17 [Warning] Aborted connection 17 to db: 'prologdb' user: 'prologuser' host: 'DESKTOP-TF6ACUU.bbrouter' (Got an error reading communication packets)
2025-10-01 11:03:06 10 [Warning] Aborted connection 10 to db: 'prologdb' user: 'prologuser' host: 'vidupiyasa.bbrouter' (Got an error reading communication packets)
2025-10-01 11:03:06 11 [Warning] Aborted connection 11 to db: 'prologdb' user: 'prologuser' host: 'vidupiyasa.bbrouter' (Got an error reading communication packets)
2025-10-01 11:05:22 21 [Warning] Aborted connection 21 to db: 'prologdb' user: 'prologuser' host: 'vidupiyasa.bbrouter' (Got an error reading communication packets)
2025-10-01 11:05:22 22 [Warning] Aborted connection 22 to db: 'prologdb' user: 'prologuser' host: 'vidupiyasa.bbrouter' (Got an error reading communication packets)
2025-10-01 11:08:40 18 [Warning] Aborted connection 18 to db: 'prologdb' user: 'prologuser' host: 'DESKTOP-TF6ACUU.bbrouter' (Got an error reading communication packets)
2025-10-01 11:12:20 19 [Warning] Aborted connection 19 to db: 'prologdb' user: 'prologuser' host: 'DESKTOP-TF6ACUU.bbrouter' (Got an error reading communication packets)
2025-10-01 11:12:20 20 [Warning] Aborted connection 20 to db: 'prologdb' user: 'prologuser' host: 'DESKTOP-TF6ACUU.bbrouter' (Got an error reading communication packets)
2025-10-01 11:22:50 23 [Warning] Aborted connection 23 to db: 'prologdb' user: 'prologuser' host: 'DESKTOP-TF6ACUU.bbrouter' (Got an error reading communication packets)
2025-10-01 11:22:50 24 [Warning] Aborted connection 24 to db: 'prologdb' user: 'prologuser' host: 'DESKTOP-TF6ACUU.bbrouter' (Got an error reading communication packets)
2025-10-01 12:35:25 31 [Warning] Aborted connection 31 to db: 'prologdb' user: 'prologuser' host: 'DESKTOP-TF6ACUU.bbrouter' (Got an error reading communication packets)
2025-10-01 12:42:05 34 [Warning] Aborted connection 34 to db: 'prologdb' user: 'prologuser' host: 'vidupiyasa.bbrouter' (Got an error reading communication packets)
2025-10-01 12:42:05 35 [Warning] Aborted connection 35 to db: 'prologdb' user: 'prologuser' host: 'vidupiyasa.bbrouter' (Got an error reading communication packets)
2025-10-01 12:49:58 36 [Warning] Aborted connection 36 to db: 'prologdb' user: 'prologuser' host: 'vidupiyasa.bbrouter' (Got an error reading communication packets)
2025-10-01 12:49:58 37 [Warning] Aborted connection 37 to db: 'prologdb' user: 'prologuser' host: 'vidupiyasa.bbrouter' (Got an error reading communication packets)
2025-10-01 14:29:13 33 [Warning] Aborted connection 33 to db: 'prologdb' user: 'prologuser' host: 'DESKTOP-TF6ACUU.bbrouter' (Got an error reading communication packets)
2025-10-01 14:50:47 58 [Warning] Aborted connection 58 to db: 'prologdb' user: 'prologuser' host: 'vidupiyasa.bbrouter' (Got an error reading communication packets)
2025-10-01 14:50:47 59 [Warning] Aborted connection 59 to db: 'prologdb' user: 'prologuser' host: 'vidupiyasa.bbrouter' (Got an error reading communication packets)
2025-10-01 16:15:30 71 [Warning] Aborted connection 71 to db: 'prologdb' user: 'prologuser' host: 'DESKTOP-TF6ACUU.bbrouter' (Got an error reading communication packets)
2025-10-01 16:15:30 72 [Warning] Aborted connection 72 to db: 'prologdb' user: 'prologuser' host: 'DESKTOP-TF6ACUU.bbrouter' (Got an error reading communication packets)
2025-10-01 16:45:22 73 [Warning] Aborted connection 73 to db: 'prologdb' user: 'prologuser' host: 'vidupiyasa.bbrouter' (Got an error reading communication packets)
2025-10-01 16:45:22 74 [Warning] Aborted connection 74 to db: 'prologdb' user: 'prologuser' host: 'vidupiyasa.bbrouter' (Got an error reading communication packets)
2025-10-01 16:58:20 75 [Warning] Aborted connection 75 to db: 'prologdb' user: 'prologuser' host: 'vidupiyasa.bbrouter' (Got an error reading communication packets)
2025-10-01 16:58:20 76 [Warning] Aborted connection 76 to db: 'prologdb' user: 'prologuser' host: 'vidupiyasa.bbrouter' (Got an error reading communication packets)
2025-10-01 17:25:03 79 [Warning] Aborted connection 79 to db: 'prologdb' user: 'prologuser' host: 'DESKTOP-TF6ACUU.bbrouter' (Got an error reading communication packets)
2025-10-01 17:25:03 80 [Warning] Aborted connection 80 to db: 'prologdb' user: 'prologuser' host: 'DESKTOP-TF6ACUU.bbrouter' (Got an error reading communication packets)
2025-10-01 17:31:37 82 [Warning] Aborted connection 82 to db: 'prologdb' user: 'prologuser' host: 'DESKTOP-TF6ACUU.bbrouter' (Got an error reading communication packets)
2025-10-01 17:31:37 81 [Warning] Aborted connection 81 to db: 'prologdb' user: 'prologuser' host: 'DESKTOP-TF6ACUU.bbrouter' (Got an error reading communication packets)
2025-10-01 18:02:13 83 [Warning] Aborted connection 83 to db: 'prologdb' user: 'prologuser' host: 'vidupiyasa.bbrouter' (Got an error reading communication packets)
2025-10-01 18:02:13 84 [Warning] Aborted connection 84 to db: 'prologdb' user: 'prologuser' host: 'vidupiyasa.bbrouter' (Got an error reading communication packets)
2025-10-03 10:51:18 0 [Note] Starting MariaDB 10.4.32-MariaDB source revision c4143f909528e3fab0677a28631d10389354c491 as process 2232
2025-10-03 10:51:18 0 [Note] InnoDB: Mutexes and rw_locks use Windows interlocked functions
2025-10-03 10:51:18 0 [Note] InnoDB: Uses event mutexes
2025-10-03 10:51:18 0 [Note] InnoDB: Compressed tables use zlib 1.3
2025-10-03 10:51:18 0 [Note] InnoDB: Number of pools: 1
2025-10-03 10:51:18 0 [Note] InnoDB: Using SSE2 crc32 instructions
2025-10-03 10:51:18 0 [Note] InnoDB: Initializing buffer pool, total size = 16M, instances = 1, chunk size = 16M
2025-10-03 10:51:18 0 [Note] InnoDB: Completed initialization of buffer pool
2025-10-03 10:51:18 0 [Note] InnoDB: Starting crash recovery from checkpoint LSN=908560
2025-10-03 10:51:19 0 [Note] InnoDB: 128 out of 128 rollback segments are active.
2025-10-03 10:51:19 0 [Note] InnoDB: Removed temporary tablespace data file: "ibtmp1"
2025-10-03 10:51:19 0 [Note] InnoDB: Creating shared tablespace for temporary tables
2025-10-03 10:51:19 0 [Note] InnoDB: Setting file 'C:\xampp\mysql\data\ibtmp1' size to 12 MB. Physically writing the file full; Please wait ...
2025-10-03 10:51:19 0 [Note] InnoDB: File 'C:\xampp\mysql\data\ibtmp1' size is now 12 MB.
2025-10-03 10:51:19 0 [Note] InnoDB: Waiting for purge to start
2025-10-03 10:51:19 0 [Note] InnoDB: 10.4.32 started; log sequence number 908569; transaction id 1177
2025-10-03 10:51:19 0 [Note] InnoDB: Loading buffer pool(s) from C:\xampp\mysql\data\ib_buffer_pool
2025-10-03 10:51:19 0 [Note] Plugin 'FEEDBACK' is disabled.
2025-10-03 10:51:19 0 [Note] Server socket created on IP: '::'.
2025-10-03 10:51:19 0 [Note] InnoDB: Buffer pool(s) load completed at 251003 10:51:19
2025-10-03 10:51:19 0 [Note] Reading of all Master_info entries succeeded
2025-10-03 10:51:19 0 [Note] Added new Master_info '' to hash table
2025-10-03 10:51:19 0 [Note] C:\xampp\mysql\bin\mysqld.exe: ready for connections.
Version: '10.4.32-MariaDB'  socket: ''  port: 3306  mariadb.org binary distribution
2025-10-03 11:41:41 0 [Note] Starting MariaDB 10.4.32-MariaDB source revision c4143f909528e3fab0677a28631d10389354c491 as process 580
2025-10-03 11:41:42 0 [Note] InnoDB: Mutexes and rw_locks use Windows interlocked functions
2025-10-03 11:41:42 0 [Note] InnoDB: Uses event mutexes
2025-10-03 11:41:42 0 [Note] InnoDB: Compressed tables use zlib 1.3
2025-10-03 11:41:42 0 [Note] InnoDB: Number of pools: 1
2025-10-03 11:41:42 0 [Note] InnoDB: Using SSE2 crc32 instructions
2025-10-03 11:41:42 0 [Note] InnoDB: Initializing buffer pool, total size = 16M, instances = 1, chunk size = 16M
2025-10-03 11:41:42 0 [Note] InnoDB: Completed initialization of buffer pool
2025-10-03 11:41:42 0 [Note] InnoDB: Starting crash recovery from checkpoint LSN=908578
2025-10-03 11:41:42 0 [Note] InnoDB: 128 out of 128 rollback segments are active.
2025-10-03 11:41:42 0 [Note] InnoDB: Removed temporary tablespace data file: "ibtmp1"
2025-10-03 11:41:42 0 [Note] InnoDB: Creating shared tablespace for temporary tables
2025-10-03 11:41:42 0 [Note] InnoDB: Setting file 'C:\xampp\mysql\data\ibtmp1' size to 12 MB. Physically writing the file full; Please wait ...
2025-10-03 11:41:42 0 [Note] InnoDB: File 'C:\xampp\mysql\data\ibtmp1' size is now 12 MB.
2025-10-03 11:41:42 0 [Note] InnoDB: Waiting for purge to start
2025-10-03 11:41:42 0 [Note] InnoDB: 10.4.32 started; log sequence number 908587; transaction id 1177
2025-10-03 11:41:42 0 [Note] InnoDB: Loading buffer pool(s) from C:\xampp\mysql\data\ib_buffer_pool
2025-10-03 11:41:42 0 [Note] Plugin 'FEEDBACK' is disabled.
2025-10-03 11:41:42 0 [Note] Server socket created on IP: '::'.
2025-10-03 11:41:42 0 [Note] InnoDB: Buffer pool(s) load completed at 251003 11:41:42
2025-10-03 11:41:42 0 [Note] Reading of all Master_info entries succeeded
2025-10-03 11:41:42 0 [Note] Added new Master_info '' to hash table
2025-10-03 11:41:42 0 [Note] C:\xampp\mysql\bin\mysqld.exe: ready for connections.
Version: '10.4.32-MariaDB'  socket: ''  port: 3306  mariadb.org binary distribution
2025-10-03 13:42:56 0 [Note] C:\xampp\mysql\bin\mysqld.exe (initiated by: unknown): Normal shutdown
2025-10-03 13:42:56 0 [Note] Event Scheduler: Purging the queue. 0 events
2025-10-03 13:42:56 0 [Note] InnoDB: FTS optimize thread exiting.
2025-10-03 13:42:56 0 [Note] InnoDB: Starting shutdown...
2025-10-03 13:42:56 0 [Note] InnoDB: Dumping buffer pool(s) to C:\xampp\mysql\data\ib_buffer_pool
2025-10-03 13:42:56 0 [Note] InnoDB: Instance 0, restricted to 250 pages due to innodb_buf_pool_dump_pct=25
2025-10-03 13:42:56 0 [Note] InnoDB: Buffer pool(s) dump completed at 251003 13:42:56
2025-10-03 13:42:57 0 [Note] InnoDB: Removed temporary tablespace data file: "ibtmp1"
2025-10-03 13:42:57 0 [Note] InnoDB: Shutdown completed; log sequence number 908605; transaction id 1178
2025-10-03 13:42:57 0 [Note] C:\xampp\mysql\bin\mysqld.exe: Shutdown complete

2025-10-03 13:43:26 0 [Note] Starting MariaDB 10.4.32-MariaDB source revision c4143f909528e3fab0677a28631d10389354c491 as process 3188
2025-10-03 13:43:26 0 [Note] InnoDB: Mutexes and rw_locks use Windows interlocked functions
2025-10-03 13:43:26 0 [Note] InnoDB: Uses event mutexes
2025-10-03 13:43:26 0 [Note] InnoDB: Compressed tables use zlib 1.3
2025-10-03 13:43:26 0 [Note] InnoDB: Number of pools: 1
2025-10-03 13:43:26 0 [Note] InnoDB: Using SSE2 crc32 instructions
2025-10-03 13:43:26 0 [Note] InnoDB: Initializing buffer pool, total size = 16M, instances = 1, chunk size = 16M
2025-10-03 13:43:26 0 [Note] InnoDB: Completed initialization of buffer pool
2025-10-03 13:43:26 0 [Note] InnoDB: 128 out of 128 rollback segments are active.
2025-10-03 13:43:26 0 [Note] InnoDB: Creating shared tablespace for temporary tables
2025-10-03 13:43:26 0 [Note] InnoDB: Setting file 'C:\xampp\mysql\data\ibtmp1' size to 12 MB. Physically writing the file full; Please wait ...
2025-10-03 13:43:26 0 [Note] InnoDB: File 'C:\xampp\mysql\data\ibtmp1' size is now 12 MB.
2025-10-03 13:43:26 0 [Note] InnoDB: Waiting for purge to start
2025-10-03 13:43:27 0 [Note] InnoDB: 10.4.32 started; log sequence number 908605; transaction id 1177
2025-10-03 13:43:27 0 [Note] InnoDB: Loading buffer pool(s) from C:\xampp\mysql\data\ib_buffer_pool
2025-10-03 13:43:27 0 [Note] Plugin 'FEEDBACK' is disabled.
2025-10-03 13:43:27 0 [Note] Server socket created on IP: '::'.
2025-10-03 13:43:27 0 [Note] InnoDB: Buffer pool(s) load completed at 251003 13:43:27
2025-10-03 13:43:27 0 [Note] Reading of all Master_info entries succeeded
2025-10-03 13:43:27 0 [Note] Added new Master_info '' to hash table
2025-10-03 13:43:27 0 [Note] C:\xampp\mysql\bin\mysqld.exe: ready for connections.
Version: '10.4.32-MariaDB'  socket: ''  port: 3306  mariadb.org binary distribution
2025-10-03 13:47:19 8 [Warning] Aborted connection 8 to db: 'prologdb' user: 'prologuser' host: 'vidupiyasa.bbrouter' (Got an error reading communication packets)
2025-10-03 13:47:19 9 [Warning] Aborted connection 9 to db: 'prologdb' user: 'prologuser' host: 'vidupiyasa.bbrouter' (Got an error reading communication packets)
2025-10-03 14:27:42 12 [Warning] Aborted connection 12 to db: 'prologdb' user: 'prologuser' host: 'DESKTOP-TF6ACUU.bbrouter' (Got an error reading communication packets)
2025-10-03 14:45:47 14 [Warning] Aborted connection 14 to db: 'prologdb' user: 'prologuser' host: 'vidupiyasa.bbrouter' (Got an error reading communication packets)
2025-10-03 14:45:47 15 [Warning] Aborted connection 15 to db: 'prologdb' user: 'prologuser' host: 'vidupiyasa.bbrouter' (Got an error reading communication packets)
2025-10-03 15:43:46 24 [Warning] Aborted connection 24 to db: 'prologdb' user: 'prologuser' host: 'DESKTOP-TF6ACUU.bbrouter' (Got an error reading communication packets)
2025-10-03 15:43:46 25 [Warning] Aborted connection 25 to db: 'prologdb' user: 'prologuser' host: 'DESKTOP-TF6ACUU.bbrouter' (Got an error reading communication packets)
2025-10-03 15:43:46 23 [Warning] Aborted connection 23 to db: 'prologdb' user: 'prologuser' host: 'vidupiyasa.bbrouter' (Got an error reading communication packets)
2025-10-03 15:43:46 16 [Warning] Aborted connection 16 to db: 'prologdb' user: 'prologuser' host: 'DESKTOP-TF6ACUU.bbrouter' (Got an error reading communication packets)
2025-10-03 15:43:46 22 [Warning] Aborted connection 22 to db: 'prologdb' user: 'prologuser' host: 'vidupiyasa.bbrouter' (Got an error reading communication packets)
2025-10-03 15:43:46 17 [Warning] Aborted connection 17 to db: 'prologdb' user: 'prologuser' host: 'DESKTOP-TF6ACUU.bbrouter' (Got an error reading communication packets)
2025-10-03 16:24:03 0 [Note] C:\xampp\mysql\bin\mysqld.exe (initiated by: unknown): Normal shutdown
2025-10-03 16:24:03 0 [Note] Event Scheduler: Purging the queue. 0 events
2025-10-03 16:24:03 0 [Note] InnoDB: FTS optimize thread exiting.
2025-10-03 16:24:03 0 [Note] InnoDB: Starting shutdown...
2025-10-03 16:24:03 0 [Note] InnoDB: Dumping buffer pool(s) to C:\xampp\mysql\data\ib_buffer_pool
2025-10-03 16:24:03 0 [Note] InnoDB: Instance 0, restricted to 250 pages due to innodb_buf_pool_dump_pct=25
2025-10-03 16:24:03 0 [Note] InnoDB: Buffer pool(s) dump completed at 251003 16:24:03
2025-10-03 16:24:04 0 [Note] InnoDB: Removed temporary tablespace data file: "ibtmp1"
2025-10-03 16:24:04 0 [Note] InnoDB: Shutdown completed; log sequence number 908614; transaction id 1196
2025-10-03 16:24:04 0 [Note] C:\xampp\mysql\bin\mysqld.exe: Shutdown complete

2025-10-03 16:24:35 0 [Note] Starting MariaDB 10.4.32-MariaDB source revision c4143f909528e3fab0677a28631d10389354c491 as process 3144
2025-10-03 16:24:35 0 [Note] InnoDB: Mutexes and rw_locks use Windows interlocked functions
2025-10-03 16:24:35 0 [Note] InnoDB: Uses event mutexes
2025-10-03 16:24:35 0 [Note] InnoDB: Compressed tables use zlib 1.3
2025-10-03 16:24:35 0 [Note] InnoDB: Number of pools: 1
2025-10-03 16:24:35 0 [Note] InnoDB: Using SSE2 crc32 instructions
2025-10-03 16:24:35 0 [Note] InnoDB: Initializing buffer pool, total size = 16M, instances = 1, chunk size = 16M
2025-10-03 16:24:35 0 [Note] InnoDB: Completed initialization of buffer pool
2025-10-03 16:24:36 0 [Note] InnoDB: 128 out of 128 rollback segments are active.
2025-10-03 16:24:36 0 [Note] InnoDB: Creating shared tablespace for temporary tables
2025-10-03 16:24:36 0 [Note] InnoDB: Setting file 'C:\xampp\mysql\data\ibtmp1' size to 12 MB. Physically writing the file full; Please wait ...
2025-10-03 16:24:36 0 [Note] InnoDB: File 'C:\xampp\mysql\data\ibtmp1' size is now 12 MB.
2025-10-03 16:24:36 0 [Note] InnoDB: Waiting for purge to start
2025-10-03 16:24:36 0 [Note] InnoDB: 10.4.32 started; log sequence number 908614; transaction id 1177
2025-10-03 16:24:36 0 [Note] InnoDB: Loading buffer pool(s) from C:\xampp\mysql\data\ib_buffer_pool
2025-10-03 16:24:36 0 [Note] Plugin 'FEEDBACK' is disabled.
2025-10-03 16:24:36 0 [Note] Server socket created on IP: '::'.
2025-10-03 16:24:36 0 [Note] InnoDB: Buffer pool(s) load completed at 251003 16:24:36
2025-10-03 16:24:36 0 [Note] Reading of all Master_info entries succeeded
2025-10-03 16:24:36 0 [Note] Added new Master_info '' to hash table
2025-10-03 16:24:36 0 [Note] C:\xampp\mysql\bin\mysqld.exe: ready for connections.
Version: '10.4.32-MariaDB'  socket: ''  port: 3306  mariadb.org binary distribution
2025-10-03 16:45:10 54 [Warning] Aborted connection 54 to db: 'prologdb' user: 'prologDBadmin' host: 'vidupiyasa.bbrouter' (Got an error reading communication packets)
2025-10-03 16:45:10 55 [Warning] Aborted connection 55 to db: 'prologdb' user: 'prologDBadmin' host: 'vidupiyasa.bbrouter' (Got an error reading communication packets)
2025-10-03 16:51:25 56 [Warning] Aborted connection 56 to db: 'prologdb' user: 'prologDBadmin' host: 'DESKTOP-TF6ACUU.bbrouter' (Got an error reading communication packets)
2025-10-03 16:51:25 57 [Warning] Aborted connection 57 to db: 'prologdb' user: 'prologDBadmin' host: 'DESKTOP-TF6ACUU.bbrouter' (Got an error reading communication packets)
2025-10-03 16:51:48 59 [Warning] Aborted connection 59 to db: 'prologdb' user: 'prologDBadmin' host: 'DESKTOP-TF6ACUU.bbrouter' (Got an error reading communication packets)
2025-10-03 16:51:48 58 [Warning] Aborted connection 58 to db: 'prologdb' user: 'prologDBadmin' host: 'DESKTOP-TF6ACUU.bbrouter' (Got an error reading communication packets)
2025-10-03 17:00:53 60 [Warning] Aborted connection 60 to db: 'prologdb' user: 'prologDBadmin' host: 'DESKTOP-TF6ACUU.bbrouter' (Got an error reading communication packets)
2025-10-03 17:00:53 61 [Warning] Aborted connection 61 to db: 'prologdb' user: 'prologDBadmin' host: 'DESKTOP-TF6ACUU.bbrouter' (Got an error reading communication packets)
2025-10-03 17:12:29 63 [Warning] Aborted connection 63 to db: 'prologdb' user: 'prologDBadmin' host: 'DESKTOP-TF6ACUU.bbrouter' (Got an error reading communication packets)
2025-10-03 17:12:29 62 [Warning] Aborted connection 62 to db: 'prologdb' user: 'prologDBadmin' host: 'DESKTOP-TF6ACUU.bbrouter' (Got an error reading communication packets)
2025-10-03 17:18:02 64 [Warning] Aborted connection 64 to db: 'prologdb' user: 'prologDBadmin' host: 'DESKTOP-TF6ACUU.bbrouter' (Got an error reading communication packets)
2025-10-03 17:22:39 67 [Warning] Aborted connection 67 to db: 'prologdb' user: 'prologDBadmin' host: 'DESKTOP-TF6ACUU.bbrouter' (Got an error reading communication packets)
2025-10-03 17:22:39 65 [Warning] Aborted connection 65 to db: 'prologdb' user: 'prologDBadmin' host: 'DESKTOP-TF6ACUU.bbrouter' (Got an error reading communication packets)
2025-10-03 17:22:39 66 [Warning] Aborted connection 66 to db: 'prologdb' user: 'prologDBadmin' host: 'DESKTOP-TF6ACUU.bbrouter' (Got an error reading communication packets)
2025-10-03 17:29:51 70 [Warning] Aborted connection 70 to db: 'prologdb' user: 'prologDBadmin' host: 'vidupiyasa.bbrouter' (Got an error reading communication packets)
2025-10-03 17:29:51 71 [Warning] Aborted connection 71 to db: 'prologdb' user: 'prologDBadmin' host: 'vidupiyasa.bbrouter' (Got an error reading communication packets)
2025-10-03 17:31:32 68 [Warning] Aborted connection 68 to db: 'prologdb' user: 'prologDBadmin' host: 'DESKTOP-TF6ACUU.bbrouter' (Got an error reading communication packets)
2025-10-03 17:31:32 69 [Warning] Aborted connection 69 to db: 'prologdb' user: 'prologDBadmin' host: 'DESKTOP-TF6ACUU.bbrouter' (Got an error reading communication packets)
2025-10-03 17:43:07 74 [Warning] Aborted connection 74 to db: 'prologdb' user: 'prologDBadmin' host: 'DESKTOP-TF6ACUU.bbrouter' (Got an error reading communication packets)
2025-10-03 17:43:07 75 [Warning] Aborted connection 75 to db: 'prologdb' user: 'prologDBadmin' host: 'DESKTOP-TF6ACUU.bbrouter' (Got an error reading communication packets)
2025-10-03 18:20:20 76 [Warning] Aborted connection 76 to db: 'prologdb' user: 'prologDBadmin' host: 'vidupiyasa.bbrouter' (Got an error reading communication packets)
2025-10-03 18:20:20 77 [Warning] Aborted connection 77 to db: 'prologdb' user: 'prologDBadmin' host: 'vidupiyasa.bbrouter' (Got an error reading communication packets)
2025-10-04  8:06:52 78 [Warning] Aborted connection 78 to db: 'prologdb' user: 'prologDBadmin' host: 'vidupiyasa.bbrouter' (Got an error reading communication packets)
2025-10-04  8:06:52 79 [Warning] Aborted connection 79 to db: 'prologdb' user: 'prologDBadmin' host: 'vidupiyasa.bbrouter' (Got an error reading communication packets)
2025-10-04  9:58:38 80 [Warning] Aborted connection 80 to db: 'prologdb' user: 'prologDBadmin' host: 'DESKTOP-TF6ACUU.bbrouter' (Got an error reading communication packets)
2025-10-04  9:58:38 81 [Warning] Aborted connection 81 to db: 'prologdb' user: 'prologDBadmin' host: 'DESKTOP-TF6ACUU.bbrouter' (Got an error reading communication packets)
2025-10-04  9:58:38 82 [Warning] Aborted connection 82 to db: 'prologdb' user: 'prologDBadmin' host: 'DESKTOP-TF6ACUU.bbrouter' (Got an error reading communication packets)
2025-10-05 16:16:34 90 [Warning] Aborted connection 90 to db: 'prologdb' user: 'prologDBadmin' host: 'vidupiyasa' (Got an error reading communication packets)
2025-10-05 16:16:34 89 [Warning] Aborted connection 89 to db: 'prologdb' user: 'prologDBadmin' host: 'vidupiyasa' (Got an error reading communication packets)
2025-10-05 16:57:32 96 [Warning] Aborted connection 96 to db: 'prologdb' user: 'prologDBadmin' host: 'vidupiyasa.bbrouter' (Got an error reading communication packets)
2025-10-05 16:57:32 95 [Warning] Aborted connection 95 to db: 'prologdb' user: 'prologDBadmin' host: 'vidupiyasa.bbrouter' (Got an error reading communication packets)
2025-10-05 16:59:56 99 [Warning] Aborted connection 99 to db: 'prologdb' user: 'prologDBadmin' host: 'vidupiyasa.bbrouter' (Got an error reading communication packets)
2025-10-05 16:59:56 100 [Warning] Aborted connection 100 to db: 'prologdb' user: 'prologDBadmin' host: 'vidupiyasa.bbrouter' (Got an error reading communication packets)
2025-10-07  9:11:20 98 [Warning] Aborted connection 98 to db: 'prologdb' user: 'prologDBadmin' host: 'vidupiyasa.bbrouter' (Got timeout reading communication packets)
2025-10-07  9:11:20 97 [Warning] Aborted connection 97 to db: 'prologdb' user: 'prologDBadmin' host: 'vidupiyasa.bbrouter' (Got timeout reading communication packets)
2025-10-07 10:30:12 101 [Warning] Aborted connection 101 to db: 'prologdb' user: 'prologDBadmin' host: 'DESKTOP-TF6ACUU.bbrouter' (Got an error reading communication packets)
2025-10-07 10:30:12 102 [Warning] Aborted connection 102 to db: 'prologdb' user: 'prologDBadmin' host: 'DESKTOP-TF6ACUU.bbrouter' (Got an error reading communication packets)
2025-10-07 10:43:04 104 [Warning] Aborted connection 104 to db: 'prologdb' user: 'prologDBadmin' host: 'vidupiyasa.bbrouter' (Got an error reading communication packets)
2025-10-07 10:43:58 106 [Warning] Aborted connection 106 to db: 'unconnected' user: 'unauthenticated' host: 'vidupiyasa.bbrouter' (Got an error reading communication packets)
2025-10-07 10:43:58 106 [Warning] Aborted connection 106 to db: 'unconnected' user: 'unauthenticated' host: 'vidupiyasa.bbrouter' (This connection closed normally without authentication)
2025-10-07 10:48:46 107 [Warning] Aborted connection 107 to db: 'prologdb' user: 'prologDBadmin' host: 'DESKTOP-TF6ACUU.bbrouter' (Got an error reading communication packets)
2025-10-07 10:48:46 108 [Warning] Aborted connection 108 to db: 'prologdb' user: 'prologDBadmin' host: 'DESKTOP-TF6ACUU.bbrouter' (Got an error reading communication packets)
2025-10-07 11:05:13 112 [Warning] Aborted connection 112 to db: 'prologdb' user: 'prologDBadmin' host: 'DESKTOP-TF6ACUU.bbrouter' (Got an error reading communication packets)
2025-10-07 11:05:13 113 [Warning] Aborted connection 113 to db: 'prologdb' user: 'prologDBadmin' host: 'DESKTOP-TF6ACUU.bbrouter' (Got an error reading communication packets)
2025-10-07 11:52:35 119 [Warning] Aborted connection 119 to db: 'prologdb' user: 'prologDBadmin' host: 'DESKTOP-TF6ACUU.bbrouter' (Got an error reading communication packets)
2025-10-07 11:52:35 120 [Warning] Aborted connection 120 to db: 'prologdb' user: 'prologDBadmin' host: 'DESKTOP-TF6ACUU.bbrouter' (Got an error reading communication packets)
2025-10-07 12:17:13 122 [Warning] Aborted connection 122 to db: 'prologdb' user: 'prologDBadmin' host: 'vidupiyasa.bbrouter' (Got an error reading communication packets)
2025-10-07 12:18:50 123 [Warning] Aborted connection 123 to db: 'prologdb' user: 'prologDBadmin' host: 'vidupiyasa.bbrouter' (Got an error reading communication packets)
2025-10-07 12:26:46 127 [Warning] Aborted connection 127 to db: 'prologdb' user: 'prologDBadmin' host: 'vidupiyasa.bbrouter' (Got an error reading communication packets)
2025-10-07 12:26:46 126 [Warning] Aborted connection 126 to db: 'prologdb' user: 'prologDBadmin' host: 'vidupiyasa.bbrouter' (Got an error reading communication packets)
2025-10-07 12:43:10 103 [Warning] Aborted connection 103 to db: 'prologdb' user: 'prologDBadmin' host: 'vidupiyasa.bbrouter' (Got an error reading communication packets)
2025-10-07 12:52:45 128 [Warning] Aborted connection 128 to db: 'prologdb' user: 'prologDBadmin' host: 'DESKTOP-TF6ACUU.bbrouter' (Got an error reading communication packets)
2025-10-07 12:52:45 129 [Warning] Aborted connection 129 to db: 'prologdb' user: 'prologDBadmin' host: 'DESKTOP-TF6ACUU.bbrouter' (Got an error reading communication packets)
2025-10-07 12:56:13 130 [Warning] Aborted connection 130 to db: 'prologdb' user: 'prologDBadmin' host: 'DESKTOP-TF6ACUU.bbrouter' (Got an error reading communication packets)
2025-10-07 12:56:13 131 [Warning] Aborted connection 131 to db: 'prologdb' user: 'prologDBadmin' host: 'DESKTOP-TF6ACUU.bbrouter' (Got an error reading communication packets)
2025-10-07 13:47:33 135 [Warning] Aborted connection 135 to db: 'prologdb' user: 'prologDBadmin' host: 'DESKTOP-TF6ACUU.bbrouter' (Got an error reading communication packets)
2025-10-07 13:47:33 134 [Warning] Aborted connection 134 to db: 'prologdb' user: 'prologDBadmin' host: 'DESKTOP-TF6ACUU.bbrouter' (Got an error reading communication packets)
2025-10-07 14:17:31 124 [Warning] Aborted connection 124 to db: 'prologdb' user: 'prologDBadmin' host: 'vidupiyasa.bbrouter' (Got an error reading communication packets)
2025-10-07 14:17:32 125 [Warning] Aborted connection 125 to db: 'prologdb' user: 'prologDBadmin' host: 'vidupiyasa.bbrouter' (Got an error reading communication packets)
2025-10-07 14:57:05 147 [Warning] Aborted connection 147 to db: 'prologdb' user: 'prologDBadmin' host: 'DESKTOP-TF6ACUU.bbrouter' (Got an error reading communication packets)
2025-10-07 14:57:05 146 [Warning] Aborted connection 146 to db: 'prologdb' user: 'prologDBadmin' host: 'DESKTOP-TF6ACUU.bbrouter' (Got an error reading communication packets)
2025-10-07 15:42:02 152 [Warning] Aborted connection 152 to db: 'prologdb' user: 'prologDBadmin' host: 'DESKTOP-TF6ACUU.bbrouter' (Got an error reading communication packets)
2025-10-07 15:42:02 153 [Warning] Aborted connection 153 to db: 'prologdb' user: 'prologDBadmin' host: 'DESKTOP-TF6ACUU.bbrouter' (Got an error reading communication packets)
2025-10-07 17:05:19 161 [Warning] Aborted connection 161 to db: 'prologdb' user: 'prologDBadmin' host: 'vidupiyasa.bbrouter' (Got an error reading communication packets)
2025-10-07 17:05:19 160 [Warning] Aborted connection 160 to db: 'prologdb' user: 'prologDBadmin' host: 'vidupiyasa.bbrouter' (Got an error reading communication packets)
2025-10-07 18:24:09 0 [Note] Starting MariaDB 10.4.32-MariaDB source revision c4143f909528e3fab0677a28631d10389354c491 as process 3064
2025-10-07 18:24:09 0 [Note] mysqld.exe: Aria engine: starting recovery
recovered pages: 0% 15% 44% 58% 100% (0.0 seconds); tables to flush: 2 1 0
 (0.0 seconds); 
2025-10-07 18:24:09 0 [Note] mysqld.exe: Aria engine: recovery done
2025-10-07 18:24:09 0 [Note] InnoDB: Mutexes and rw_locks use Windows interlocked functions
2025-10-07 18:24:09 0 [Note] InnoDB: Uses event mutexes
2025-10-07 18:24:09 0 [Note] InnoDB: Compressed tables use zlib 1.3
2025-10-07 18:24:10 0 [Note] InnoDB: Number of pools: 1
2025-10-07 18:24:10 0 [Note] InnoDB: Using SSE2 crc32 instructions
2025-10-07 18:24:10 0 [Note] InnoDB: Initializing buffer pool, total size = 16M, instances = 1, chunk size = 16M
2025-10-07 18:24:10 0 [Note] InnoDB: Completed initialization of buffer pool
2025-10-07 18:24:10 0 [Note] InnoDB: Starting crash recovery from checkpoint LSN=1179730
2025-10-07 18:24:10 0 [Note] InnoDB: 128 out of 128 rollback segments are active.
2025-10-07 18:24:10 0 [Note] InnoDB: Removed temporary tablespace data file: "ibtmp1"
2025-10-07 18:24:10 0 [Note] InnoDB: Creating shared tablespace for temporary tables
2025-10-07 18:24:10 0 [Note] InnoDB: Setting file 'C:\xampp\mysql\data\ibtmp1' size to 12 MB. Physically writing the file full; Please wait ...
2025-10-07 18:24:10 0 [Note] InnoDB: File 'C:\xampp\mysql\data\ibtmp1' size is now 12 MB.
2025-10-07 18:24:10 0 [Note] InnoDB: Waiting for purge to start
2025-10-07 18:24:10 0 [Note] InnoDB: 10.4.32 started; log sequence number 1179739; transaction id 1725
2025-10-07 18:24:10 0 [Note] InnoDB: Loading buffer pool(s) from C:\xampp\mysql\data\ib_buffer_pool
2025-10-07 18:24:10 0 [Note] Plugin 'FEEDBACK' is disabled.
2025-10-07 18:24:10 0 [Note] Server socket created on IP: '::'.
2025-10-07 18:24:10 0 [Note] InnoDB: Buffer pool(s) load completed at 251007 18:24:10
2025-10-07 18:24:11 0 [Note] Reading of all Master_info entries succeeded
2025-10-07 18:24:11 0 [Note] Added new Master_info '' to hash table
2025-10-07 18:24:11 0 [Note] C:\xampp\mysql\bin\mysqld.exe: ready for connections.
Version: '10.4.32-MariaDB'  socket: ''  port: 3306  mariadb.org binary distribution
2025-10-08 11:35:25 0 [Note] Starting MariaDB 10.4.32-MariaDB source revision c4143f909528e3fab0677a28631d10389354c491 as process 3108
2025-10-08 11:35:25 0 [Note] InnoDB: Mutexes and rw_locks use Windows interlocked functions
2025-10-08 11:35:25 0 [Note] InnoDB: Uses event mutexes
2025-10-08 11:35:25 0 [Note] InnoDB: Compressed tables use zlib 1.3
2025-10-08 11:35:25 0 [Note] InnoDB: Number of pools: 1
2025-10-08 11:35:25 0 [Note] InnoDB: Using SSE2 crc32 instructions
2025-10-08 11:35:25 0 [Note] InnoDB: Initializing buffer pool, total size = 16M, instances = 1, chunk size = 16M
2025-10-08 11:35:25 0 [Note] InnoDB: Completed initialization of buffer pool
2025-10-08 11:35:25 0 [Note] InnoDB: Starting crash recovery from checkpoint LSN=1179748
2025-10-08 11:35:26 0 [Note] InnoDB: 128 out of 128 rollback segments are active.
2025-10-08 11:35:26 0 [Note] InnoDB: Removed temporary tablespace data file: "ibtmp1"
2025-10-08 11:35:26 0 [Note] InnoDB: Creating shared tablespace for temporary tables
2025-10-08 11:35:26 0 [Note] InnoDB: Setting file 'C:\xampp\mysql\data\ibtmp1' size to 12 MB. Physically writing the file full; Please wait ...
2025-10-08 11:35:26 0 [Note] InnoDB: File 'C:\xampp\mysql\data\ibtmp1' size is now 12 MB.
2025-10-08 11:35:26 0 [Note] InnoDB: Waiting for purge to start
2025-10-08 11:35:26 0 [Note] InnoDB: 10.4.32 started; log sequence number 1179757; transaction id 1725
2025-10-08 11:35:26 0 [Note] InnoDB: Loading buffer pool(s) from C:\xampp\mysql\data\ib_buffer_pool
2025-10-08 11:35:26 0 [Note] Plugin 'FEEDBACK' is disabled.
2025-10-08 11:35:26 0 [Note] Server socket created on IP: '::'.
2025-10-08 11:35:26 0 [Note] Reading of all Master_info entries succeeded
2025-10-08 11:35:26 0 [Note] Added new Master_info '' to hash table
2025-10-08 11:35:26 0 [Note] C:\xampp\mysql\bin\mysqld.exe: ready for connections.
Version: '10.4.32-MariaDB'  socket: ''  port: 3306  mariadb.org binary distribution
2025-10-08 11:35:26 0 [Note] InnoDB: Buffer pool(s) load completed at 251008 11:35:26
2025-10-08 11:46:38 8 [Warning] Aborted connection 8 to db: 'prologdb' user: 'prologDBadmin' host: 'vidupiyasa.bbrouter' (Got an error reading communication packets)
2025-10-08 11:46:38 9 [Warning] Aborted connection 9 to db: 'prologdb' user: 'prologDBadmin' host: 'vidupiyasa.bbrouter' (Got an error reading communication packets)
2025-10-08 11:46:38 10 [Warning] Aborted connection 10 to db: 'prologdb' user: 'prologDBadmin' host: 'vidupiyasa.bbrouter' (Got an error reading communication packets)
2025-10-08 12:36:11 11 [Warning] Aborted connection 11 to db: 'prologdb' user: 'prologDBadmin' host: 'vidupiyasa.bbrouter' (Got an error reading communication packets)
2025-10-08 12:36:11 12 [Warning] Aborted connection 12 to db: 'prologdb' user: 'prologDBadmin' host: 'vidupiyasa.bbrouter' (Got an error reading communication packets)
2025-10-08 13:43:31 16 [Warning] Aborted connection 16 to db: 'prologdb' user: 'prologDBadmin' host: 'vidupiyasa.bbrouter' (Got an error reading communication packets)
2025-10-08 13:43:31 15 [Warning] Aborted connection 15 to db: 'prologdb' user: 'prologDBadmin' host: 'vidupiyasa.bbrouter' (Got an error reading communication packets)
2025-10-08 18:57:03 0 [Note] Starting MariaDB 10.4.32-MariaDB source revision c4143f909528e3fab0677a28631d10389354c491 as process 2284
2025-10-08 18:57:03 0 [Note] InnoDB: Mutexes and rw_locks use Windows interlocked functions
2025-10-08 18:57:03 0 [Note] InnoDB: Uses event mutexes
2025-10-08 18:57:03 0 [Note] InnoDB: Compressed tables use zlib 1.3
2025-10-08 18:57:03 0 [Note] InnoDB: Number of pools: 1
2025-10-08 18:57:03 0 [Note] InnoDB: Using SSE2 crc32 instructions
2025-10-08 18:57:03 0 [Note] InnoDB: Initializing buffer pool, total size = 16M, instances = 1, chunk size = 16M
2025-10-08 18:57:03 0 [Note] InnoDB: Completed initialization of buffer pool
2025-10-08 18:57:03 0 [Note] InnoDB: Starting crash recovery from checkpoint LSN=1319335
2025-10-08 18:57:03 0 [Note] InnoDB: 128 out of 128 rollback segments are active.
2025-10-08 18:57:03 0 [Note] InnoDB: Removed temporary tablespace data file: "ibtmp1"
2025-10-08 18:57:03 0 [Note] InnoDB: Creating shared tablespace for temporary tables
2025-10-08 18:57:03 0 [Note] InnoDB: Setting file 'C:\xampp\mysql\data\ibtmp1' size to 12 MB. Physically writing the file full; Please wait ...
2025-10-08 18:57:03 0 [Note] InnoDB: File 'C:\xampp\mysql\data\ibtmp1' size is now 12 MB.
2025-10-08 18:57:03 0 [Note] InnoDB: Waiting for purge to start
2025-10-08 18:57:03 0 [Note] InnoDB: 10.4.32 started; log sequence number 1319344; transaction id 1926
2025-10-08 18:57:03 0 [Note] InnoDB: Loading buffer pool(s) from C:\xampp\mysql\data\ib_buffer_pool
2025-10-08 18:57:03 0 [Note] Plugin 'FEEDBACK' is disabled.
2025-10-08 18:57:04 0 [Note] Server socket created on IP: '::'.
2025-10-08 18:57:04 0 [Note] InnoDB: Buffer pool(s) load completed at 251008 18:57:04
2025-10-08 18:57:04 0 [Note] Reading of all Master_info entries succeeded
2025-10-08 18:57:04 0 [Note] Added new Master_info '' to hash table
2025-10-08 18:57:04 0 [Note] C:\xampp\mysql\bin\mysqld.exe: ready for connections.
Version: '10.4.32-MariaDB'  socket: ''  port: 3306  mariadb.org binary distribution
2025-10-08 20:21:56 10 [Warning] Aborted connection 10 to db: 'prologdb' user: 'prologDBadmin' host: 'DESKTOP-TF6ACUU.bbrouter' (Got an error reading communication packets)
2025-10-08 20:21:56 11 [Warning] Aborted connection 11 to db: 'prologdb' user: 'prologDBadmin' host: 'DESKTOP-TF6ACUU.bbrouter' (Got an error reading communication packets)
2025-10-08 20:21:56 12 [Warning] Aborted connection 12 to db: 'prologdb' user: 'prologDBadmin' host: 'DESKTOP-TF6ACUU.bbrouter' (Got an error reading communication packets)
2025-10-08 20:30:05 13 [Warning] Aborted connection 13 to db: 'prologdb' user: 'prologDBadmin' host: 'DESKTOP-TF6ACUU.bbrouter' (Got an error reading communication packets)
2025-10-08 20:30:05 14 [Warning] Aborted connection 14 to db: 'prologdb' user: 'prologDBadmin' host: 'DESKTOP-TF6ACUU.bbrouter' (Got an error reading communication packets)
2025-10-08 20:30:05 15 [Warning] Aborted connection 15 to db: 'prologdb' user: 'prologDBadmin' host: 'DESKTOP-TF6ACUU.bbrouter' (Got an error reading communication packets)
2025-10-08 20:30:15 8 [Warning] Aborted connection 8 to db: 'prologdb' user: 'prologDBadmin' host: 'vidupiyasa.bbrouter' (Got an error reading communication packets)
2025-10-08 20:30:15 9 [Warning] Aborted connection 9 to db: 'prologdb' user: 'prologDBadmin' host: 'vidupiyasa.bbrouter' (Got an error reading communication packets)
2025-10-08 20:31:33 16 [Warning] Aborted connection 16 to db: 'prologdb' user: 'prologDBadmin' host: 'vidupiyasa.bbrouter' (Got an error reading communication packets)
2025-10-08 20:31:33 17 [Warning] Aborted connection 17 to db: 'prologdb' user: 'prologDBadmin' host: 'vidupiyasa.bbrouter' (Got an error reading communication packets)
2025-10-09 16:00:34 20 [Warning] Aborted connection 20 to db: 'prologdb' user: 'prologDBadmin' host: 'DESKTOP-TF6ACUU.bbrouter' (Got an error reading communication packets)
2025-10-09 16:00:34 21 [Warning] Aborted connection 21 to db: 'prologdb' user: 'prologDBadmin' host: 'DESKTOP-TF6ACUU.bbrouter' (Got an error reading communication packets)
2025-10-09 16:00:34 22 [Warning] Aborted connection 22 to db: 'prologdb' user: 'prologDBadmin' host: 'DESKTOP-TF6ACUU.bbrouter' (Got an error reading communication packets)
2025-10-09 16:00:36 18 [Warning] Aborted connection 18 to db: 'prologdb' user: 'prologDBadmin' host: 'DESKTOP-TF6ACUU.bbrouter' (Got an error reading communication packets)
2025-10-09 16:00:36 19 [Warning] Aborted connection 19 to db: 'prologdb' user: 'prologDBadmin' host: 'DESKTOP-TF6ACUU.bbrouter' (Got an error reading communication packets)
2025-10-09 16:10:00 23 [Warning] Aborted connection 23 to db: 'prologdb' user: 'prologDBadmin' host: 'DESKTOP-TF6ACUU.bbrouter' (Got an error reading communication packets)
2025-10-09 16:10:00 24 [Warning] Aborted connection 24 to db: 'prologdb' user: 'prologDBadmin' host: 'DESKTOP-TF6ACUU.bbrouter' (Got an error reading communication packets)
2025-10-09 16:14:55 25 [Warning] Aborted connection 25 to db: 'prologdb' user: 'prologDBadmin' host: 'DESKTOP-TF6ACUU.bbrouter' (Got an error reading communication packets)
2025-10-09 16:14:55 26 [Warning] Aborted connection 26 to db: 'prologdb' user: 'prologDBadmin' host: 'DESKTOP-TF6ACUU.bbrouter' (Got an error reading communication packets)
2025-10-09 16:14:55 27 [Warning] Aborted connection 27 to db: 'prologdb' user: 'prologDBadmin' host: 'DESKTOP-TF6ACUU.bbrouter' (Got an error reading communication packets)
2025-10-09 16:15:25 28 [Warning] Aborted connection 28 to db: 'prologdb' user: 'prologDBadmin' host: 'DESKTOP-TF6ACUU.bbrouter' (Got an error reading communication packets)
2025-10-09 16:15:25 29 [Warning] Aborted connection 29 to db: 'prologdb' user: 'prologDBadmin' host: 'DESKTOP-TF6ACUU.bbrouter' (Got an error reading communication packets)
2025-10-09 17:24:24 0 [Note] C:\xampp\mysql\bin\mysqld.exe (initiated by: unknown): Normal shutdown
2025-10-09 17:24:24 0 [Note] Event Scheduler: Purging the queue. 0 events
2025-10-09 17:24:24 0 [Note] InnoDB: FTS optimize thread exiting.
2025-10-09 17:24:24 0 [Note] InnoDB: Starting shutdown...
2025-10-09 17:24:24 0 [Note] InnoDB: Dumping buffer pool(s) to C:\xampp\mysql\data\ib_buffer_pool
2025-10-09 17:24:24 0 [Note] InnoDB: Instance 0, restricted to 250 pages due to innodb_buf_pool_dump_pct=25
2025-10-09 17:24:24 0 [Note] InnoDB: Buffer pool(s) dump completed at 251009 17:24:24
2025-10-09 17:24:25 0 [Note] InnoDB: Removed temporary tablespace data file: "ibtmp1"
2025-10-09 17:24:25 0 [Note] InnoDB: Shutdown completed; log sequence number 1359677; transaction id 2012
2025-10-09 17:24:25 0 [Note] C:\xampp\mysql\bin\mysqld.exe: Shutdown complete

2025-10-09 19:21:07 0 [Note] Starting MariaDB 10.4.32-MariaDB source revision c4143f909528e3fab0677a28631d10389354c491 as process 3104
2025-10-09 19:21:07 0 [Note] InnoDB: Mutexes and rw_locks use Windows interlocked functions
2025-10-09 19:21:07 0 [Note] InnoDB: Uses event mutexes
2025-10-09 19:21:07 0 [Note] InnoDB: Compressed tables use zlib 1.3
2025-10-09 19:21:07 0 [Note] InnoDB: Number of pools: 1
2025-10-09 19:21:07 0 [Note] InnoDB: Using SSE2 crc32 instructions
2025-10-09 19:21:07 0 [Note] InnoDB: Initializing buffer pool, total size = 16M, instances = 1, chunk size = 16M
2025-10-09 19:21:07 0 [Note] InnoDB: Completed initialization of buffer pool
2025-10-09 19:21:08 0 [Note] InnoDB: 128 out of 128 rollback segments are active.
2025-10-09 19:21:08 0 [Note] InnoDB: Creating shared tablespace for temporary tables
2025-10-09 19:21:08 0 [Note] InnoDB: Setting file 'C:\xampp\mysql\data\ibtmp1' size to 12 MB. Physically writing the file full; Please wait ...
2025-10-09 19:21:08 0 [Note] InnoDB: File 'C:\xampp\mysql\data\ibtmp1' size is now 12 MB.
2025-10-09 19:21:08 0 [Note] InnoDB: Waiting for purge to start
2025-10-09 19:21:08 0 [Note] InnoDB: 10.4.32 started; log sequence number 1359677; transaction id 2007
2025-10-09 19:21:08 0 [Note] InnoDB: Loading buffer pool(s) from C:\xampp\mysql\data\ib_buffer_pool
2025-10-09 19:21:08 0 [Note] Plugin 'FEEDBACK' is disabled.
2025-10-09 19:21:08 0 [Note] Server socket created on IP: '::'.
2025-10-09 19:21:08 0 [Note] InnoDB: Buffer pool(s) load completed at 251009 19:21:08
2025-10-09 19:21:08 0 [Note] Reading of all Master_info entries succeeded
2025-10-09 19:21:08 0 [Note] Added new Master_info '' to hash table
2025-10-09 19:21:08 0 [Note] C:\xampp\mysql\bin\mysqld.exe: ready for connections.
Version: '10.4.32-MariaDB'  socket: ''  port: 3306  mariadb.org binary distribution
2025-10-09 19:22:38 10 [Warning] Aborted connection 10 to db: 'prologdb' user: 'prologDBadmin' host: 'DESKTOP-TF6ACUU.bbrouter' (Got an error reading communication packets)
2025-10-09 19:22:38 8 [Warning] Aborted connection 8 to db: 'prologdb' user: 'prologDBadmin' host: 'DESKTOP-TF6ACUU.bbrouter' (Got an error reading communication packets)
2025-10-09 19:22:38 9 [Warning] Aborted connection 9 to db: 'prologdb' user: 'prologDBadmin' host: 'DESKTOP-TF6ACUU.bbrouter' (Got an error reading communication packets)
2025-10-09 19:27:52 13 [Warning] Aborted connection 13 to db: 'prologdb' user: 'prologDBadmin' host: 'DESKTOP-TF6ACUU.bbrouter' (Got an error reading communication packets)
2025-10-09 19:27:52 11 [Warning] Aborted connection 11 to db: 'prologdb' user: 'prologDBadmin' host: 'DESKTOP-TF6ACUU.bbrouter' (Got an error reading communication packets)
2025-10-09 19:27:52 12 [Warning] Aborted connection 12 to db: 'prologdb' user: 'prologDBadmin' host: 'DESKTOP-TF6ACUU.bbrouter' (Got an error reading communication packets)
2025-10-09 19:32:37 14 [Warning] Aborted connection 14 to db: 'prologdb' user: 'prologDBadmin' host: 'vidupiyasa.bbrouter' (Got an error reading communication packets)
2025-10-09 19:32:37 15 [Warning] Aborted connection 15 to db: 'prologdb' user: 'prologDBadmin' host: 'vidupiyasa.bbrouter' (Got an error reading communication packets)
2025-10-09 19:43:18 0 [Note] C:\xampp\mysql\bin\mysqld.exe (initiated by: unknown): Normal shutdown
2025-10-09 19:43:18 0 [Note] Event Scheduler: Purging the queue. 0 events
2025-10-09 19:43:18 0 [Note] InnoDB: FTS optimize thread exiting.
2025-10-09 19:43:19 0 [Note] InnoDB: Starting shutdown...
2025-10-09 19:43:19 0 [Note] InnoDB: Dumping buffer pool(s) to C:\xampp\mysql\data\ib_buffer_pool
2025-10-09 19:43:19 0 [Note] InnoDB: Instance 0, restricted to 250 pages due to innodb_buf_pool_dump_pct=25
2025-10-09 19:43:19 0 [Note] InnoDB: Buffer pool(s) dump completed at 251009 19:43:19
2025-10-09 19:43:19 0 [Note] InnoDB: Removed temporary tablespace data file: "ibtmp1"
2025-10-09 19:43:19 0 [Note] InnoDB: Shutdown completed; log sequence number 1359686; transaction id 2024
2025-10-09 19:43:19 0 [Note] C:\xampp\mysql\bin\mysqld.exe: Shutdown complete

2025-10-10  8:35:29 0 [Note] Starting MariaDB 10.4.32-MariaDB source revision c4143f909528e3fab0677a28631d10389354c491 as process 3164
2025-10-10  8:35:29 0 [Note] InnoDB: Mutexes and rw_locks use Windows interlocked functions
2025-10-10  8:35:29 0 [Note] InnoDB: Uses event mutexes
2025-10-10  8:35:29 0 [Note] InnoDB: Compressed tables use zlib 1.3
2025-10-10  8:35:29 0 [Note] InnoDB: Number of pools: 1
2025-10-10  8:35:29 0 [Note] InnoDB: Using SSE2 crc32 instructions
2025-10-10  8:35:29 0 [Note] InnoDB: Initializing buffer pool, total size = 16M, instances = 1, chunk size = 16M
2025-10-10  8:35:29 0 [Note] InnoDB: Completed initialization of buffer pool
2025-10-10  8:35:30 0 [Note] InnoDB: 128 out of 128 rollback segments are active.
2025-10-10  8:35:30 0 [Note] InnoDB: Creating shared tablespace for temporary tables
2025-10-10  8:35:30 0 [Note] InnoDB: Setting file 'C:\xampp\mysql\data\ibtmp1' size to 12 MB. Physically writing the file full; Please wait ...
2025-10-10  8:35:30 0 [Note] InnoDB: File 'C:\xampp\mysql\data\ibtmp1' size is now 12 MB.
2025-10-10  8:35:30 0 [Note] InnoDB: Waiting for purge to start
2025-10-10  8:35:30 0 [Note] InnoDB: 10.4.32 started; log sequence number 1359686; transaction id 2007
2025-10-10  8:35:30 0 [Note] InnoDB: Loading buffer pool(s) from C:\xampp\mysql\data\ib_buffer_pool
2025-10-10  8:35:30 0 [Note] Plugin 'FEEDBACK' is disabled.
2025-10-10  8:35:30 0 [Note] Server socket created on IP: '::'.
2025-10-10  8:35:30 0 [Note] InnoDB: Buffer pool(s) load completed at 251010  8:35:30
2025-10-10  8:35:30 0 [Note] Reading of all Master_info entries succeeded
2025-10-10  8:35:30 0 [Note] Added new Master_info '' to hash table
2025-10-10  8:35:30 0 [Note] C:\xampp\mysql\bin\mysqld.exe: ready for connections.
Version: '10.4.32-MariaDB'  socket: ''  port: 3306  mariadb.org binary distribution
2025-10-10 10:02:43 9 [Warning] Aborted connection 9 to db: 'prologdb' user: 'prologDBadmin' host: 'vidupiyasa' (Got an error reading communication packets)
2025-10-10 10:02:43 8 [Warning] Aborted connection 8 to db: 'prologdb' user: 'prologDBadmin' host: 'vidupiyasa' (Got an error reading communication packets)
2025-10-10 10:04:21 10 [Warning] IP address '10.81.199.179' could not be resolved: No such host is known. 
2025-10-10 10:35:28 12 [Warning] Aborted connection 12 to db: 'prologdb' user: 'prologDBadmin' host: '10.81.199.179' (Got an error reading communication packets)
2025-10-10 10:35:28 13 [Warning] Aborted connection 13 to db: 'prologdb' user: 'prologDBadmin' host: '10.81.199.179' (Got an error reading communication packets)
2025-10-10 11:36:44 18 [Warning] Aborted connection 18 to db: 'prologdb' user: 'prologDBadmin' host: '10.81.199.179' (Got an error reading communication packets)
2025-10-10 11:36:44 19 [Warning] Aborted connection 19 to db: 'prologdb' user: 'prologDBadmin' host: '10.81.199.179' (Got an error reading communication packets)
2025-10-10 13:46:08 22 [Warning] Aborted connection 22 to db: 'prologdb' user: 'prologDBadmin' host: 'localhost' (Got an error reading communication packets)
2025-10-10 13:46:08 23 [Warning] Aborted connection 23 to db: 'prologdb' user: 'prologDBadmin' host: 'localhost' (Got an error reading communication packets)
2025-10-11  7:29:56 0 [Note] Starting MariaDB 10.4.32-MariaDB source revision c4143f909528e3fab0677a28631d10389354c491 as process 3076
2025-10-11  7:29:56 0 [Note] InnoDB: Mutexes and rw_locks use Windows interlocked functions
2025-10-11  7:29:56 0 [Note] InnoDB: Uses event mutexes
2025-10-11  7:29:56 0 [Note] InnoDB: Compressed tables use zlib 1.3
2025-10-11  7:29:56 0 [Note] InnoDB: Number of pools: 1
2025-10-11  7:29:56 0 [Note] InnoDB: Using SSE2 crc32 instructions
2025-10-11  7:29:56 0 [Note] InnoDB: Initializing buffer pool, total size = 16M, instances = 1, chunk size = 16M
2025-10-11  7:29:56 0 [Note] InnoDB: Completed initialization of buffer pool
2025-10-11  7:29:56 0 [Note] InnoDB: Starting crash recovery from checkpoint LSN=1835901
2025-10-11  7:29:56 0 [Note] InnoDB: 128 out of 128 rollback segments are active.
2025-10-11  7:29:56 0 [Note] InnoDB: Removed temporary tablespace data file: "ibtmp1"
2025-10-11  7:29:56 0 [Note] InnoDB: Creating shared tablespace for temporary tables
2025-10-11  7:29:56 0 [Note] InnoDB: Setting file 'C:\xampp\mysql\data\ibtmp1' size to 12 MB. Physically writing the file full; Please wait ...
2025-10-11  7:29:56 0 [Note] InnoDB: File 'C:\xampp\mysql\data\ibtmp1' size is now 12 MB.
2025-10-11  7:29:56 0 [Note] InnoDB: Waiting for purge to start
2025-10-11  7:29:56 0 [Note] InnoDB: 10.4.32 started; log sequence number 1835910; transaction id 2797
2025-10-11  7:29:56 0 [Note] InnoDB: Loading buffer pool(s) from C:\xampp\mysql\data\ib_buffer_pool
2025-10-11  7:29:56 0 [Note] Plugin 'FEEDBACK' is disabled.
2025-10-11  7:29:56 0 [Note] Server socket created on IP: '::'.
2025-10-11  7:29:57 0 [Note] InnoDB: Buffer pool(s) load completed at 251011  7:29:57
2025-10-11  7:29:57 0 [Note] Reading of all Master_info entries succeeded
2025-10-11  7:29:57 0 [Note] Added new Master_info '' to hash table
2025-10-11  7:29:57 0 [Note] C:\xampp\mysql\bin\mysqld.exe: ready for connections.
Version: '10.4.32-MariaDB'  socket: ''  port: 3306  mariadb.org binary distribution
2025-10-11 11:59:16 8 [Warning] Aborted connection 8 to db: 'prologdb' user: 'prologDBadmin' host: 'DESKTOP-TF6ACUU.bbrouter' (Got an error reading communication packets)
2025-10-11 11:59:24 10 [Warning] Aborted connection 10 to db: 'prologdb' user: 'prologDBadmin' host: 'DESKTOP-TF6ACUU.bbrouter' (Got an error reading communication packets)
2025-10-11 11:59:34 9 [Warning] Aborted connection 9 to db: 'prologdb' user: 'prologDBadmin' host: 'DESKTOP-TF6ACUU.bbrouter' (Got an error reading communication packets)
2025-10-11 12:00:16 13 [Warning] Aborted connection 13 to db: 'unconnected' user: 'unauthenticated' host: 'DESKTOP-TF6ACUU.bbrouter' (Got an error reading communication packets)
2025-10-11 12:00:16 13 [Warning] Aborted connection 13 to db: 'unconnected' user: 'unauthenticated' host: 'DESKTOP-TF6ACUU.bbrouter' (This connection closed normally without authentication)
2025-10-11 12:02:21 11 [Warning] Aborted connection 11 to db: 'prologdb' user: 'prologDBadmin' host: 'DESKTOP-TF6ACUU.bbrouter' (Got an error reading communication packets)
2025-10-11 12:02:21 14 [Warning] Aborted connection 14 to db: 'prologdb' user: 'prologDBadmin' host: 'DESKTOP-TF6ACUU.bbrouter' (Got an error reading communication packets)
2025-10-11 12:02:21 12 [Warning] Aborted connection 12 to db: 'prologdb' user: 'prologDBadmin' host: 'DESKTOP-TF6ACUU.bbrouter' (Got an error reading communication packets)
2025-10-11 12:05:36 15 [Warning] Aborted connection 15 to db: 'prologdb' user: 'prologDBadmin' host: 'DESKTOP-TF6ACUU.bbrouter' (Got an error reading communication packets)
2025-10-11 14:04:39 16 [Warning] Aborted connection 16 to db: 'prologdb' user: 'prologDBadmin' host: 'DESKTOP-TF6ACUU.bbrouter' (Got an error reading communication packets)
2025-10-11 14:04:39 17 [Warning] Aborted connection 17 to db: 'prologdb' user: 'prologDBadmin' host: 'DESKTOP-TF6ACUU.bbrouter' (Got an error reading communication packets)
2025-10-11 14:40:37 30 [Warning] Aborted connection 30 to db: 'prologdb' user: 'prologDBadmin' host: 'DESKTOP-TF6ACUU.bbrouter' (Got an error reading communication packets)
2025-10-11 14:49:11 31 [Warning] Aborted connection 31 to db: 'prologdb' user: 'prologDBadmin' host: 'DESKTOP-TF6ACUU.bbrouter' (Got an error reading communication packets)
2025-10-11 15:24:15 34 [Warning] Aborted connection 34 to db: 'prologdb' user: 'prologDBadmin' host: 'DESKTOP-TF6ACUU.bbrouter' (Got an error reading communication packets)
2025-10-12  8:50:44 42 [Warning] Aborted connection 42 to db: 'prologdb' user: 'prologDBadmin' host: 'DESKTOP-TF6ACUU.bbrouter' (Got timeout reading communication packets)
2025-10-12  8:50:44 39 [Warning] Aborted connection 39 to db: 'prologdb' user: 'prologDBadmin' host: 'DESKTOP-TF6ACUU.bbrouter' (Got timeout reading communication packets)
2025-10-12 13:52:56 45 [Warning] Aborted connection 45 to db: 'unconnected' user: 'unauthenticated' host: 'DESKTOP-TF6ACUU.bbrouter' (Got an error reading communication packets)
2025-10-12 13:52:56 45 [Warning] Aborted connection 45 to db: 'unconnected' user: 'unauthenticated' host: 'DESKTOP-TF6ACUU.bbrouter' (This connection closed normally without authentication)
2025-10-12 13:53:10 46 [Warning] Aborted connection 46 to db: 'unconnected' user: 'unauthenticated' host: 'DESKTOP-TF6ACUU.bbrouter' (Got an error reading communication packets)
2025-10-12 13:53:10 46 [Warning] Aborted connection 46 to db: 'unconnected' user: 'unauthenticated' host: 'DESKTOP-TF6ACUU.bbrouter' (This connection closed normally without authentication)
2025-10-12 13:53:36 47 [Warning] Aborted connection 47 to db: 'unconnected' user: 'unauthenticated' host: 'DESKTOP-TF6ACUU.bbrouter' (Got an error reading communication packets)
2025-10-12 13:53:36 47 [Warning] Aborted connection 47 to db: 'unconnected' user: 'unauthenticated' host: 'DESKTOP-TF6ACUU.bbrouter' (This connection closed normally without authentication)
2025-10-12 13:53:45 43 [Warning] Aborted connection 43 to db: 'prologdb' user: 'prologDBadmin' host: 'DESKTOP-TF6ACUU.bbrouter' (Got an error reading communication packets)
2025-10-12 13:58:29 44 [Warning] Aborted connection 44 to db: 'prologdb' user: 'prologDBadmin' host: 'DESKTOP-TF6ACUU.bbrouter' (Got an error reading communication packets)
2025-10-12 14:20:51 54 [Warning] Aborted connection 54 to db: 'prologdb' user: 'prologDBadmin' host: 'DESKTOP-TF6ACUU.bbrouter' (Got an error reading communication packets)
2025-10-12 14:20:51 48 [Warning] Aborted connection 48 to db: 'prologdb' user: 'prologDBadmin' host: 'DESKTOP-TF6ACUU.bbrouter' (Got an error reading communication packets)
2025-10-12 14:20:51 53 [Warning] Aborted connection 53 to db: 'prologdb' user: 'prologDBadmin' host: 'DESKTOP-TF6ACUU.bbrouter' (Got an error reading communication packets)
2025-10-14 14:28:45 55 [Warning] Aborted connection 55 to db: 'prologdb' user: 'prologDBadmin' host: 'DESKTOP-TF6ACUU.bbrouter' (Got an error reading communication packets)
2025-10-14 14:28:45 56 [Warning] Aborted connection 56 to db: 'prologdb' user: 'prologDBadmin' host: 'DESKTOP-TF6ACUU.bbrouter' (Got an error reading communication packets)
2025-10-14 16:05:43 0 [Note] Starting MariaDB 10.4.32-MariaDB source revision c4143f909528e3fab0677a28631d10389354c491 as process 3092
2025-10-14 16:05:43 0 [Note] InnoDB: Mutexes and rw_locks use Windows interlocked functions
2025-10-14 16:05:43 0 [Note] InnoDB: Uses event mutexes
2025-10-14 16:05:43 0 [Note] InnoDB: Compressed tables use zlib 1.3
2025-10-14 16:05:43 0 [Note] InnoDB: Number of pools: 1
2025-10-14 16:05:43 0 [Note] InnoDB: Using SSE2 crc32 instructions
2025-10-14 16:05:43 0 [Note] InnoDB: Initializing buffer pool, total size = 16M, instances = 1, chunk size = 16M
2025-10-14 16:05:43 0 [Note] InnoDB: Completed initialization of buffer pool
2025-10-14 16:05:43 0 [Note] InnoDB: Starting crash recovery from checkpoint LSN=2034518
2025-10-14 16:05:44 0 [Note] InnoDB: 128 out of 128 rollback segments are active.
2025-10-14 16:05:44 0 [Note] InnoDB: Removed temporary tablespace data file: "ibtmp1"
2025-10-14 16:05:44 0 [Note] InnoDB: Creating shared tablespace for temporary tables
2025-10-14 16:05:44 0 [Note] InnoDB: Setting file 'C:\xampp\mysql\data\ibtmp1' size to 12 MB. Physically writing the file full; Please wait ...
2025-10-14 16:05:44 0 [Note] InnoDB: File 'C:\xampp\mysql\data\ibtmp1' size is now 12 MB.
2025-10-14 16:05:44 0 [Note] InnoDB: Waiting for purge to start
2025-10-14 16:05:44 0 [Note] InnoDB: 10.4.32 started; log sequence number 2034527; transaction id 3166
2025-10-14 16:05:44 0 [Note] InnoDB: Loading buffer pool(s) from C:\xampp\mysql\data\ib_buffer_pool
2025-10-14 16:05:44 0 [Note] Plugin 'FEEDBACK' is disabled.
2025-10-14 16:05:44 0 [Note] Server socket created on IP: '::'.
2025-10-14 16:05:44 0 [Note] InnoDB: Buffer pool(s) load completed at 251014 16:05:44
2025-10-14 16:05:44 0 [Note] Reading of all Master_info entries succeeded
2025-10-14 16:05:44 0 [Note] Added new Master_info '' to hash table
2025-10-14 16:05:44 0 [Note] C:\xampp\mysql\bin\mysqld.exe: ready for connections.
Version: '10.4.32-MariaDB'  socket: ''  port: 3306  mariadb.org binary distribution
2025-10-14 16:15:35 0 [Note] Starting MariaDB 10.4.32-MariaDB source revision c4143f909528e3fab0677a28631d10389354c491 as process 2760
2025-10-14 16:15:35 0 [Note] InnoDB: Mutexes and rw_locks use Windows interlocked functions
2025-10-14 16:15:35 0 [Note] InnoDB: Uses event mutexes
2025-10-14 16:15:35 0 [Note] InnoDB: Compressed tables use zlib 1.3
2025-10-14 16:15:35 0 [Note] InnoDB: Number of pools: 1
2025-10-14 16:15:35 0 [Note] InnoDB: Using SSE2 crc32 instructions
2025-10-14 16:15:35 0 [Note] InnoDB: Initializing buffer pool, total size = 16M, instances = 1, chunk size = 16M
2025-10-14 16:15:35 0 [Note] InnoDB: Completed initialization of buffer pool
2025-10-14 16:15:35 0 [Note] InnoDB: Starting crash recovery from checkpoint LSN=2034536
2025-10-14 16:15:35 0 [Note] InnoDB: 128 out of 128 rollback segments are active.
2025-10-14 16:15:35 0 [Note] InnoDB: Removed temporary tablespace data file: "ibtmp1"
2025-10-14 16:15:35 0 [Note] InnoDB: Creating shared tablespace for temporary tables
2025-10-14 16:15:35 0 [Note] InnoDB: Setting file 'C:\xampp\mysql\data\ibtmp1' size to 12 MB. Physically writing the file full; Please wait ...
2025-10-14 16:15:35 0 [Note] InnoDB: File 'C:\xampp\mysql\data\ibtmp1' size is now 12 MB.
2025-10-14 16:15:35 0 [Note] InnoDB: Waiting for purge to start
2025-10-14 16:15:36 0 [Note] InnoDB: 10.4.32 started; log sequence number 2034545; transaction id 3166
2025-10-14 16:15:36 0 [Note] InnoDB: Loading buffer pool(s) from C:\xampp\mysql\data\ib_buffer_pool
2025-10-14 16:15:36 0 [Note] Plugin 'FEEDBACK' is disabled.
2025-10-14 16:15:36 0 [Note] Server socket created on IP: '::'.
2025-10-14 16:15:36 0 [Note] InnoDB: Buffer pool(s) load completed at 251014 16:15:36
2025-10-14 16:15:36 0 [Note] Reading of all Master_info entries succeeded
2025-10-14 16:15:36 0 [Note] Added new Master_info '' to hash table
2025-10-14 16:15:36 0 [Note] C:\xampp\mysql\bin\mysqld.exe: ready for connections.
Version: '10.4.32-MariaDB'  socket: ''  port: 3306  mariadb.org binary distribution
2025-10-15 14:14:02 0 [Note] Starting MariaDB 10.4.32-MariaDB source revision c4143f909528e3fab0677a28631d10389354c491 as process 3084
2025-10-15 14:14:02 0 [Note] InnoDB: Mutexes and rw_locks use Windows interlocked functions
2025-10-15 14:14:02 0 [Note] InnoDB: Uses event mutexes
2025-10-15 14:14:02 0 [Note] InnoDB: Compressed tables use zlib 1.3
2025-10-15 14:14:02 0 [Note] InnoDB: Number of pools: 1
2025-10-15 14:14:02 0 [Note] InnoDB: Using SSE2 crc32 instructions
2025-10-15 14:14:02 0 [Note] InnoDB: Initializing buffer pool, total size = 16M, instances = 1, chunk size = 16M
2025-10-15 14:14:02 0 [Note] InnoDB: Completed initialization of buffer pool
2025-10-15 14:14:02 0 [Note] InnoDB: Starting crash recovery from checkpoint LSN=2034554
2025-10-15 14:14:03 0 [Note] InnoDB: 128 out of 128 rollback segments are active.
2025-10-15 14:14:03 0 [Note] InnoDB: Removed temporary tablespace data file: "ibtmp1"
2025-10-15 14:14:03 0 [Note] InnoDB: Creating shared tablespace for temporary tables
2025-10-15 14:14:03 0 [Note] InnoDB: Setting file 'C:\xampp\mysql\data\ibtmp1' size to 12 MB. Physically writing the file full; Please wait ...
2025-10-15 14:14:03 0 [Note] InnoDB: File 'C:\xampp\mysql\data\ibtmp1' size is now 12 MB.
2025-10-15 14:14:03 0 [Note] InnoDB: Waiting for purge to start
2025-10-15 14:14:03 0 [Note] InnoDB: 10.4.32 started; log sequence number 2034563; transaction id 3166
2025-10-15 14:14:03 0 [Note] InnoDB: Loading buffer pool(s) from C:\xampp\mysql\data\ib_buffer_pool
2025-10-15 14:14:03 0 [Note] Plugin 'FEEDBACK' is disabled.
2025-10-15 14:14:03 0 [Note] InnoDB: Buffer pool(s) load completed at 251015 14:14:03
2025-10-15 14:14:03 0 [Note] Server socket created on IP: '::'.
2025-10-15 14:14:03 0 [Note] Reading of all Master_info entries succeeded
2025-10-15 14:14:03 0 [Note] Added new Master_info '' to hash table
2025-10-15 14:14:03 0 [Note] C:\xampp\mysql\bin\mysqld.exe: ready for connections.
Version: '10.4.32-MariaDB'  socket: ''  port: 3306  mariadb.org binary distribution
2025-10-16  9:59:50 8 [Warning] Aborted connection 8 to db: 'prologdb' user: 'prologDBadmin' host: 'vidupiyasa.bbrouter' (Got an error reading communication packets)
2025-10-16  9:59:50 9 [Warning] Aborted connection 9 to db: 'prologdb' user: 'prologDBadmin' host: 'vidupiyasa.bbrouter' (Got an error reading communication packets)
2025-10-16 13:32:48 25 [Warning] Aborted connection 25 to db: 'prologdb' user: 'prologDBadmin' host: 'vidupiyasa.bbrouter' (Got an error reading communication packets)
2025-10-16 13:32:48 24 [Warning] Aborted connection 24 to db: 'prologdb' user: 'prologDBadmin' host: 'vidupiyasa.bbrouter' (Got an error reading communication packets)
2025-10-16 15:04:39 29 [Warning] Aborted connection 29 to db: 'prologdb' user: 'prologDBadmin' host: 'vidupiyasa.bbrouter' (Got an error reading communication packets)
2025-10-16 15:04:39 28 [Warning] Aborted connection 28 to db: 'prologdb' user: 'prologDBadmin' host: 'vidupiyasa.bbrouter' (Got an error reading communication packets)
2025-10-16 15:14:01 0 [Note] Starting MariaDB 10.4.32-MariaDB source revision c4143f909528e3fab0677a28631d10389354c491 as process 3016
2025-10-16 15:14:01 0 [Note] InnoDB: Mutexes and rw_locks use Windows interlocked functions
2025-10-16 15:14:01 0 [Note] InnoDB: Uses event mutexes
2025-10-16 15:14:01 0 [Note] InnoDB: Compressed tables use zlib 1.3
2025-10-16 15:14:01 0 [Note] InnoDB: Number of pools: 1
2025-10-16 15:14:01 0 [Note] InnoDB: Using SSE2 crc32 instructions
2025-10-16 15:14:01 0 [Note] InnoDB: Initializing buffer pool, total size = 16M, instances = 1, chunk size = 16M
2025-10-16 15:14:01 0 [Note] InnoDB: Completed initialization of buffer pool
2025-10-16 15:14:01 0 [Note] InnoDB: Starting crash recovery from checkpoint LSN=2093246
2025-10-16 15:14:01 0 [Note] InnoDB: 128 out of 128 rollback segments are active.
2025-10-16 15:14:01 0 [Note] InnoDB: Removed temporary tablespace data file: "ibtmp1"
2025-10-16 15:14:01 0 [Note] InnoDB: Creating shared tablespace for temporary tables
2025-10-16 15:14:01 0 [Note] InnoDB: Setting file 'C:\xampp\mysql\data\ibtmp1' size to 12 MB. Physically writing the file full; Please wait ...
2025-10-16 15:14:01 0 [Note] InnoDB: File 'C:\xampp\mysql\data\ibtmp1' size is now 12 MB.
2025-10-16 15:14:01 0 [Note] InnoDB: Waiting for purge to start
2025-10-16 15:14:01 0 [Note] InnoDB: 10.4.32 started; log sequence number 2093255; transaction id 3308
2025-10-16 15:14:01 0 [Note] InnoDB: Loading buffer pool(s) from C:\xampp\mysql\data\ib_buffer_pool
2025-10-16 15:14:01 0 [Note] Plugin 'FEEDBACK' is disabled.
C:\xampp\mysql\bin\mysqld.exe: Too many arguments (first extra is 'mysql').
2025-10-16 15:14:01 0 [ERROR] Aborting
2025-10-16 15:14:32 0 [Note] Starting MariaDB 10.4.32-MariaDB source revision c4143f909528e3fab0677a28631d10389354c491 as process 3004
2025-10-16 15:14:32 0 [Note] InnoDB: Mutexes and rw_locks use Windows interlocked functions
2025-10-16 15:14:32 0 [Note] InnoDB: Uses event mutexes
2025-10-16 15:14:32 0 [Note] InnoDB: Compressed tables use zlib 1.3
2025-10-16 15:14:32 0 [Note] InnoDB: Number of pools: 1
2025-10-16 15:14:32 0 [Note] InnoDB: Using SSE2 crc32 instructions
2025-10-16 15:14:32 0 [Note] InnoDB: Initializing buffer pool, total size = 16M, instances = 1, chunk size = 16M
2025-10-16 15:14:32 0 [Note] InnoDB: Completed initialization of buffer pool
2025-10-16 15:14:32 0 [Note] InnoDB: 128 out of 128 rollback segments are active.
2025-10-16 15:14:32 0 [Note] InnoDB: Creating shared tablespace for temporary tables
2025-10-16 15:14:32 0 [Note] InnoDB: Setting file 'C:\xampp\mysql\data\ibtmp1' size to 12 MB. Physically writing the file full; Please wait ...
2025-10-16 15:14:32 0 [Note] InnoDB: File 'C:\xampp\mysql\data\ibtmp1' size is now 12 MB.
2025-10-16 15:14:32 0 [Note] InnoDB: Waiting for purge to start
2025-10-16 15:14:32 0 [Note] InnoDB: 10.4.32 started; log sequence number 2093264; transaction id 3308
2025-10-16 15:14:33 0 [Note] InnoDB: Loading buffer pool(s) from C:\xampp\mysql\data\ib_buffer_pool
2025-10-16 15:14:33 0 [Note] Plugin 'FEEDBACK' is disabled.
2025-10-16 15:14:33 0 [Note] Server socket created on IP: '::'.
2025-10-16 15:14:33 0 [Note] InnoDB: Buffer pool(s) load completed at 251016 15:14:33
2025-10-16 15:14:33 0 [Note] Reading of all Master_info entries succeeded
2025-10-16 15:14:33 0 [Note] Added new Master_info '' to hash table
2025-10-16 15:14:33 0 [Note] C:\xampp\mysql\bin\mysqld.exe: ready for connections.
Version: '10.4.32-MariaDB'  socket: ''  port: 3306  mariadb.org binary distribution
2025-10-16 17:00:30 8 [Warning] Aborted connection 8 to db: 'prologdb' user: 'prologDBadmin' host: 'vidupiyasa.bbrouter' (Got an error reading communication packets)
2025-10-16 17:00:30 9 [Warning] Aborted connection 9 to db: 'prologdb' user: 'prologDBadmin' host: 'vidupiyasa.bbrouter' (Got an error reading communication packets)
2025-10-18  8:32:23 12 [Warning] Aborted connection 12 to db: 'prologdb' user: 'prologDBadmin' host: 'DESKTOP-TF6ACUU.bbrouter' (Got an error reading communication packets)
2025-10-18 10:47:20 29 [Warning] Aborted connection 29 to db: 'prologdb' user: 'prologDBadmin' host: 'vidupiyasa.bbrouter' (Got an error reading communication packets)
2025-10-18 10:47:20 30 [Warning] Aborted connection 30 to db: 'prologdb' user: 'prologDBadmin' host: 'vidupiyasa.bbrouter' (Got an error reading communication packets)
2025-10-18 11:31:40 24 [Warning] Aborted connection 24 to db: 'prologdb' user: 'prologDBadmin' host: 'DESKTOP-TF6ACUU.bbrouter' (Got an error reading communication packets)
2025-10-18 11:46:07 40 [Warning] Aborted connection 40 to db: 'prologdb' user: 'prologDBadmin' host: 'DESKTOP-TF6ACUU.bbrouter' (Got an error reading communication packets)
2025-10-18 11:46:07 38 [Warning] Aborted connection 38 to db: 'prologdb' user: 'prologDBadmin' host: 'DESKTOP-TF6ACUU.bbrouter' (Got an error reading communication packets)
2025-10-18 11:46:07 39 [Warning] Aborted connection 39 to db: 'prologdb' user: 'prologDBadmin' host: 'DESKTOP-TF6ACUU.bbrouter' (Got an error reading communication packets)
2025-10-18 11:51:33 23 [Warning] Aborted connection 23 to db: 'prologdb' user: 'prologDBadmin' host: 'DESKTOP-TF6ACUU.bbrouter' (Got an error reading communication packets)
2025-10-18 11:56:23 45 [Warning] Aborted connection 45 to db: 'prologdb' user: 'prologDBadmin' host: 'vidupiyasa.bbrouter' (Got an error reading communication packets)
2025-10-18 11:56:23 44 [Warning] Aborted connection 44 to db: 'prologdb' user: 'prologDBadmin' host: 'vidupiyasa.bbrouter' (Got an error reading communication packets)
2025-10-18 13:18:12 34 [Warning] Aborted connection 34 to db: 'prologdb' user: 'prologDBadmin' host: 'DESKTOP-TF6ACUU.bbrouter' (Got an error reading communication packets)
2025-10-18 13:32:43 33 [Warning] Aborted connection 33 to db: 'prologdb' user: 'prologDBadmin' host: 'DESKTOP-TF6ACUU.bbrouter' (Got an error reading communication packets)
2025-10-18 16:06:18 66 [Warning] Aborted connection 66 to db: 'prologdb' user: 'prologDBadmin' host: 'DESKTOP-TF6ACUU.bbrouter' (Got an error reading communication packets)
2025-10-18 16:11:33 65 [Warning] Aborted connection 65 to db: 'prologdb' user: 'prologDBadmin' host: 'DESKTOP-TF6ACUU.bbrouter' (Got an error reading communication packets)
2025-10-19  8:11:57 0 [Note] Starting MariaDB 10.4.32-MariaDB source revision c4143f909528e3fab0677a28631d10389354c491 as process 2276
2025-10-19  8:11:57 0 [Note] InnoDB: Mutexes and rw_locks use Windows interlocked functions
2025-10-19  8:11:57 0 [Note] InnoDB: Uses event mutexes
2025-10-19  8:11:57 0 [Note] InnoDB: Compressed tables use zlib 1.3
2025-10-19  8:11:57 0 [Note] InnoDB: Number of pools: 1
2025-10-19  8:11:57 0 [Note] InnoDB: Using SSE2 crc32 instructions
2025-10-19  8:11:57 0 [Note] InnoDB: Initializing buffer pool, total size = 16M, instances = 1, chunk size = 16M
2025-10-19  8:11:57 0 [Note] InnoDB: Completed initialization of buffer pool
2025-10-19  8:11:57 0 [Note] InnoDB: Starting crash recovery from checkpoint LSN=2562530
2025-10-19  8:11:58 0 [Note] InnoDB: 128 out of 128 rollback segments are active.
2025-10-19  8:11:58 0 [Note] InnoDB: Removed temporary tablespace data file: "ibtmp1"
2025-10-19  8:11:58 0 [Note] InnoDB: Creating shared tablespace for temporary tables
2025-10-19  8:11:58 0 [Note] InnoDB: Setting file 'C:\xampp\mysql\data\ibtmp1' size to 12 MB. Physically writing the file full; Please wait ...
2025-10-19  8:11:58 0 [Note] InnoDB: File 'C:\xampp\mysql\data\ibtmp1' size is now 12 MB.
2025-10-19  8:11:58 0 [Note] InnoDB: Waiting for purge to start
2025-10-19  8:11:58 0 [Note] InnoDB: 10.4.32 started; log sequence number 2562539; transaction id 4219
2025-10-19  8:11:58 0 [Note] InnoDB: Loading buffer pool(s) from C:\xampp\mysql\data\ib_buffer_pool
2025-10-19  8:11:58 0 [Note] InnoDB: Buffer pool(s) load completed at 251019  8:11:58
2025-10-19  8:11:58 0 [Note] Plugin 'FEEDBACK' is disabled.
2025-10-19  8:11:58 0 [Note] Server socket created on IP: '::'.
2025-10-19  8:11:59 0 [Note] Reading of all Master_info entries succeeded
2025-10-19  8:11:59 0 [Note] Added new Master_info '' to hash table
2025-10-19  8:11:59 0 [Note] C:\xampp\mysql\bin\mysqld.exe: ready for connections.
Version: '10.4.32-MariaDB'  socket: ''  port: 3306  mariadb.org binary distribution
2025-10-19 11:43:52 8 [Warning] Aborted connection 8 to db: 'prologdb' user: 'prologDBadmin' host: 'vidupiyasa.bbrouter' (Got an error reading communication packets)
2025-10-19 11:43:52 9 [Warning] Aborted connection 9 to db: 'prologdb' user: 'prologDBadmin' host: 'vidupiyasa.bbrouter' (Got an error reading communication packets)
2025-10-19 12:03:58 12 [Warning] Aborted connection 12 to db: 'prologdb' user: 'prologDBadmin' host: 'vidupiyasa.bbrouter' (Got an error reading communication packets)
2025-10-19 12:03:58 13 [Warning] Aborted connection 13 to db: 'prologdb' user: 'prologDBadmin' host: 'vidupiyasa.bbrouter' (Got an error reading communication packets)
2025-10-19 12:15:09 19 [Warning] Aborted connection 19 to db: 'prologdb' user: 'prologDBadmin' host: 'DESKTOP-TF6ACUU.bbrouter' (Got an error reading communication packets)
2025-10-19 12:15:09 18 [Warning] Aborted connection 18 to db: 'prologdb' user: 'prologDBadmin' host: 'DESKTOP-TF6ACUU.bbrouter' (Got an error reading communication packets)
2025-10-19 12:20:53 20 [Warning] Aborted connection 20 to db: 'prologdb' user: 'prologDBadmin' host: 'DESKTOP-TF6ACUU.bbrouter' (Got an error reading communication packets)
2025-10-19 12:20:53 21 [Warning] Aborted connection 21 to db: 'prologdb' user: 'prologDBadmin' host: 'DESKTOP-TF6ACUU.bbrouter' (Got an error reading communication packets)
2025-10-19 12:20:53 22 [Warning] Aborted connection 22 to db: 'prologdb' user: 'prologDBadmin' host: 'DESKTOP-TF6ACUU.bbrouter' (Got an error reading communication packets)
2025-10-19 12:25:29 24 [Warning] Aborted connection 24 to db: 'prologdb' user: 'prologDBadmin' host: 'DESKTOP-TF6ACUU.bbrouter' (Got an error reading communication packets)
2025-10-19 12:25:29 25 [Warning] Aborted connection 25 to db: 'prologdb' user: 'prologDBadmin' host: 'DESKTOP-TF6ACUU.bbrouter' (Got an error reading communication packets)
2025-10-19 12:25:29 23 [Warning] Aborted connection 23 to db: 'prologdb' user: 'prologDBadmin' host: 'DESKTOP-TF6ACUU.bbrouter' (Got an error reading communication packets)
2025-10-19 12:27:43 27 [Warning] Aborted connection 27 to db: 'prologdb' user: 'prologDBadmin' host: 'DESKTOP-TF6ACUU.bbrouter' (Got an error reading communication packets)
2025-10-19 12:27:43 28 [Warning] Aborted connection 28 to db: 'prologdb' user: 'prologDBadmin' host: 'DESKTOP-TF6ACUU.bbrouter' (Got an error reading communication packets)
2025-10-19 12:27:43 26 [Warning] Aborted connection 26 to db: 'prologdb' user: 'prologDBadmin' host: 'DESKTOP-TF6ACUU.bbrouter' (Got an error reading communication packets)
2025-10-19 12:57:13 34 [Warning] Aborted connection 34 to db: 'prologdb' user: 'prologDBadmin' host: 'DESKTOP-TF6ACUU.bbrouter' (Got an error reading communication packets)
2025-10-19 12:57:32 37 [Warning] Aborted connection 37 to db: 'prologdb' user: 'prologDBadmin' host: 'DESKTOP-TF6ACUU.bbrouter' (Got an error reading communication packets)
2025-10-19 13:02:20 32 [Warning] Aborted connection 32 to db: 'prologdb' user: 'prologDBadmin' host: 'vidupiyasa.bbrouter' (Got an error reading communication packets)
2025-10-19 13:02:20 33 [Warning] Aborted connection 33 to db: 'prologdb' user: 'prologDBadmin' host: 'vidupiyasa.bbrouter' (Got an error reading communication packets)
2025-10-19 13:10:45 41 [Warning] Aborted connection 41 to db: 'prologdb' user: 'prologDBadmin' host: 'vidupiyasa.bbrouter' (Got an error reading communication packets)
2025-10-19 13:10:45 42 [Warning] Aborted connection 42 to db: 'prologdb' user: 'prologDBadmin' host: 'vidupiyasa.bbrouter' (Got an error reading communication packets)
2025-10-19 13:48:09 50 [Warning] Aborted connection 50 to db: 'prologdb' user: 'prologDBadmin' host: 'vidupiyasa.bbrouter' (Got an error reading communication packets)
2025-10-19 13:48:09 52 [Warning] Aborted connection 52 to db: 'prologdb' user: 'prologDBadmin' host: 'vidupiyasa.bbrouter' (Got an error reading communication packets)
2025-10-19 13:49:46 53 [Warning] Aborted connection 53 to db: 'prologdb' user: 'prologDBadmin' host: 'vidupiyasa.bbrouter' (Got an error reading communication packets)
2025-10-19 13:49:46 54 [Warning] Aborted connection 54 to db: 'prologdb' user: 'prologDBadmin' host: 'vidupiyasa.bbrouter' (Got an error reading communication packets)
2025-10-19 13:56:58 48 [Warning] Aborted connection 48 to db: 'prologdb' user: 'prologDBadmin' host: 'DESKTOP-TF6ACUU.bbrouter' (Got an error reading communication packets)
2025-10-19 13:57:17 51 [Warning] Aborted connection 51 to db: 'prologdb' user: 'prologDBadmin' host: 'DESKTOP-TF6ACUU.bbrouter' (Got an error reading communication packets)
2025-10-19 13:57:29 55 [Warning] Aborted connection 55 to db: 'unconnected' user: 'unauthenticated' host: 'DESKTOP-TF6ACUU.bbrouter' (Got an error reading communication packets)
2025-10-19 13:57:29 55 [Warning] Aborted connection 55 to db: 'unconnected' user: 'unauthenticated' host: 'DESKTOP-TF6ACUU.bbrouter' (This connection closed normally without authentication)
2025-10-19 13:57:31 29 [Warning] Aborted connection 29 to db: 'prologdb' user: 'prologDBadmin' host: 'DESKTOP-TF6ACUU.bbrouter' (Got an error reading communication packets)
2025-10-19 13:57:31 30 [Warning] Aborted connection 30 to db: 'prologdb' user: 'prologDBadmin' host: 'DESKTOP-TF6ACUU.bbrouter' (Got an error reading communication packets)
2025-10-19 13:57:31 31 [Warning] Aborted connection 31 to db: 'prologdb' user: 'prologDBadmin' host: 'DESKTOP-TF6ACUU.bbrouter' (Got an error reading communication packets)
2025-10-19 16:27:28 60 [Warning] Aborted connection 60 to db: 'prologdb' user: 'prologDBadmin' host: 'DESKTOP-TF6ACUU.bbrouter' (Got an error reading communication packets)
2025-10-19 16:40:49 59 [Warning] Aborted connection 59 to db: 'prologdb' user: 'prologDBadmin' host: 'DESKTOP-TF6ACUU.bbrouter' (Got an error reading communication packets)
2025-10-21 12:31:11 61 [Warning] Aborted connection 61 to db: 'prologdb' user: 'prologDBadmin' host: 'DESKTOP-TF6ACUU.bbrouter' (Got an error reading communication packets)
2025-10-21 12:31:11 62 [Warning] Aborted connection 62 to db: 'prologdb' user: 'prologDBadmin' host: 'DESKTOP-TF6ACUU.bbrouter' (Got an error reading communication packets)
2025-10-21 14:32:41 0 [Note] Starting MariaDB 10.4.32-MariaDB source revision c4143f909528e3fab0677a28631d10389354c491 as process 2100
2025-10-21 14:32:41 0 [Note] InnoDB: Mutexes and rw_locks use Windows interlocked functions
2025-10-21 14:32:41 0 [Note] InnoDB: Uses event mutexes
2025-10-21 14:32:41 0 [Note] InnoDB: Compressed tables use zlib 1.3
2025-10-21 14:32:41 0 [Note] InnoDB: Number of pools: 1
2025-10-21 14:32:41 0 [Note] InnoDB: Using SSE2 crc32 instructions
2025-10-21 14:32:41 0 [Note] InnoDB: Initializing buffer pool, total size = 16M, instances = 1, chunk size = 16M
2025-10-21 14:32:41 0 [Note] InnoDB: Completed initialization of buffer pool
2025-10-21 14:32:41 0 [Note] InnoDB: Starting crash recovery from checkpoint LSN=2734767
2025-10-21 14:32:42 0 [Note] InnoDB: 128 out of 128 rollback segments are active.
2025-10-21 14:32:42 0 [Note] InnoDB: Removed temporary tablespace data file: "ibtmp1"
2025-10-21 14:32:42 0 [Note] InnoDB: Creating shared tablespace for temporary tables
2025-10-21 14:32:42 0 [Note] InnoDB: Setting file 'C:\xampp\mysql\data\ibtmp1' size to 12 MB. Physically writing the file full; Please wait ...
2025-10-21 14:32:42 0 [Note] InnoDB: File 'C:\xampp\mysql\data\ibtmp1' size is now 12 MB.
2025-10-21 14:32:42 0 [Note] InnoDB: Waiting for purge to start
2025-10-21 14:32:42 0 [Note] InnoDB: 10.4.32 started; log sequence number 2734776; transaction id 4657
2025-10-21 14:32:42 0 [Note] InnoDB: Loading buffer pool(s) from C:\xampp\mysql\data\ib_buffer_pool
2025-10-21 14:32:42 0 [Note] Plugin 'FEEDBACK' is disabled.
2025-10-21 14:32:42 0 [Note] Server socket created on IP: '::'.
2025-10-21 14:32:42 0 [Note] InnoDB: Buffer pool(s) load completed at 251021 14:32:42
2025-10-21 14:32:42 0 [Note] Reading of all Master_info entries succeeded
2025-10-21 14:32:42 0 [Note] Added new Master_info '' to hash table
2025-10-21 14:32:42 0 [Note] C:\xampp\mysql\bin\mysqld.exe: ready for connections.
Version: '10.4.32-MariaDB'  socket: ''  port: 3306  mariadb.org binary distribution
2025-10-21 15:35:30 12 [Warning] Aborted connection 12 to db: 'prologdb' user: 'prologDBadmin' host: 'vidupiyasa.bbrouter' (Got an error reading communication packets)
2025-10-21 15:35:30 13 [Warning] Aborted connection 13 to db: 'prologdb' user: 'prologDBadmin' host: 'vidupiyasa.bbrouter' (Got an error reading communication packets)
2025-10-23 14:51:02 0 [Note] Starting MariaDB 10.4.32-MariaDB source revision c4143f909528e3fab0677a28631d10389354c491 as process 3076
2025-10-23 14:51:02 0 [Note] InnoDB: Mutexes and rw_locks use Windows interlocked functions
2025-10-23 14:51:02 0 [Note] InnoDB: Uses event mutexes
2025-10-23 14:51:02 0 [Note] InnoDB: Compressed tables use zlib 1.3
2025-10-23 14:51:02 0 [Note] InnoDB: Number of pools: 1
2025-10-23 14:51:02 0 [Note] InnoDB: Using SSE2 crc32 instructions
2025-10-23 14:51:02 0 [Note] InnoDB: Initializing buffer pool, total size = 16M, instances = 1, chunk size = 16M
2025-10-23 14:51:02 0 [Note] InnoDB: Completed initialization of buffer pool
2025-10-23 14:51:02 0 [Note] InnoDB: Starting crash recovery from checkpoint LSN=2740821
2025-10-23 14:51:03 0 [Note] InnoDB: 128 out of 128 rollback segments are active.
2025-10-23 14:51:03 0 [Note] InnoDB: Removed temporary tablespace data file: "ibtmp1"
2025-10-23 14:51:03 0 [Note] InnoDB: Creating shared tablespace for temporary tables
2025-10-23 14:51:03 0 [Note] InnoDB: Setting file 'C:\xampp\mysql\data\ibtmp1' size to 12 MB. Physically writing the file full; Please wait ...
2025-10-23 14:51:03 0 [Note] InnoDB: File 'C:\xampp\mysql\data\ibtmp1' size is now 12 MB.
2025-10-23 14:51:03 0 [Note] InnoDB: Waiting for purge to start
2025-10-23 14:51:03 0 [Note] InnoDB: 10.4.32 started; log sequence number 2740830; transaction id 4702
2025-10-23 14:51:03 0 [Note] InnoDB: Loading buffer pool(s) from C:\xampp\mysql\data\ib_buffer_pool
2025-10-23 14:51:03 0 [Note] Plugin 'FEEDBACK' is disabled.
2025-10-23 14:51:03 0 [Note] Server socket created on IP: '::'.
2025-10-23 14:51:04 0 [Note] InnoDB: Buffer pool(s) load completed at 251023 14:51:04
2025-10-23 14:51:04 0 [Note] Reading of all Master_info entries succeeded
2025-10-23 14:51:04 0 [Note] Added new Master_info '' to hash table
2025-10-23 14:51:04 0 [Note] C:\xampp\mysql\bin\mysqld.exe: ready for connections.
Version: '10.4.32-MariaDB'  socket: ''  port: 3306  mariadb.org binary distribution
2025-10-23 14:55:23 0 [Note] Starting MariaDB 10.4.32-MariaDB source revision c4143f909528e3fab0677a28631d10389354c491 as process 3104
2025-10-23 14:55:23 0 [Note] InnoDB: Mutexes and rw_locks use Windows interlocked functions
2025-10-23 14:55:23 0 [Note] InnoDB: Uses event mutexes
2025-10-23 14:55:23 0 [Note] InnoDB: Compressed tables use zlib 1.3
2025-10-23 14:55:23 0 [Note] InnoDB: Number of pools: 1
2025-10-23 14:55:23 0 [Note] InnoDB: Using SSE2 crc32 instructions
2025-10-23 14:55:23 0 [Note] InnoDB: Initializing buffer pool, total size = 16M, instances = 1, chunk size = 16M
2025-10-23 14:55:23 0 [Note] InnoDB: Completed initialization of buffer pool
2025-10-23 14:55:23 0 [Note] InnoDB: Starting crash recovery from checkpoint LSN=2740839
2025-10-23 14:55:24 0 [Note] InnoDB: 128 out of 128 rollback segments are active.
2025-10-23 14:55:24 0 [Note] InnoDB: Removed temporary tablespace data file: "ibtmp1"
2025-10-23 14:55:24 0 [Note] InnoDB: Creating shared tablespace for temporary tables
2025-10-23 14:55:24 0 [Note] InnoDB: Setting file 'C:\xampp\mysql\data\ibtmp1' size to 12 MB. Physically writing the file full; Please wait ...
2025-10-23 14:55:24 0 [Note] InnoDB: File 'C:\xampp\mysql\data\ibtmp1' size is now 12 MB.
2025-10-23 14:55:24 0 [Note] InnoDB: Waiting for purge to start
2025-10-23 14:55:24 0 [Note] InnoDB: 10.4.32 started; log sequence number 2740848; transaction id 4702
2025-10-23 14:55:24 0 [Note] InnoDB: Loading buffer pool(s) from C:\xampp\mysql\data\ib_buffer_pool
2025-10-23 14:55:24 0 [Note] Plugin 'FEEDBACK' is disabled.
2025-10-23 14:55:24 0 [Note] Server socket created on IP: '::'.
2025-10-23 14:55:24 0 [Note] InnoDB: Buffer pool(s) load completed at 251023 14:55:24
2025-10-23 14:55:24 0 [Note] Reading of all Master_info entries succeeded
2025-10-23 14:55:24 0 [Note] Added new Master_info '' to hash table
2025-10-23 14:55:24 0 [Note] C:\xampp\mysql\bin\mysqld.exe: ready for connections.
Version: '10.4.32-MariaDB'  socket: ''  port: 3306  mariadb.org binary distribution
2025-10-23 15:47:00 0 [Note] Starting MariaDB 10.4.32-MariaDB source revision c4143f909528e3fab0677a28631d10389354c491 as process 3044
2025-10-23 15:47:00 0 [Note] InnoDB: Mutexes and rw_locks use Windows interlocked functions
2025-10-23 15:47:00 0 [Note] InnoDB: Uses event mutexes
2025-10-23 15:47:00 0 [Note] InnoDB: Compressed tables use zlib 1.3
2025-10-23 15:47:00 0 [Note] InnoDB: Number of pools: 1
2025-10-23 15:47:00 0 [Note] InnoDB: Using SSE2 crc32 instructions
2025-10-23 15:47:00 0 [Note] InnoDB: Initializing buffer pool, total size = 16M, instances = 1, chunk size = 16M
2025-10-23 15:47:00 0 [Note] InnoDB: Completed initialization of buffer pool
2025-10-23 15:47:00 0 [Note] InnoDB: Starting crash recovery from checkpoint LSN=2740857
2025-10-23 15:47:00 0 [Note] InnoDB: 128 out of 128 rollback segments are active.
2025-10-23 15:47:00 0 [Note] InnoDB: Removed temporary tablespace data file: "ibtmp1"
2025-10-23 15:47:00 0 [Note] InnoDB: Creating shared tablespace for temporary tables
2025-10-23 15:47:00 0 [Note] InnoDB: Setting file 'C:\xampp\mysql\data\ibtmp1' size to 12 MB. Physically writing the file full; Please wait ...
2025-10-23 15:47:00 0 [Note] InnoDB: File 'C:\xampp\mysql\data\ibtmp1' size is now 12 MB.
2025-10-23 15:47:00 0 [Note] InnoDB: Waiting for purge to start
2025-10-23 15:47:00 0 [Note] InnoDB: 10.4.32 started; log sequence number 2740866; transaction id 4702
2025-10-23 15:47:01 0 [Note] InnoDB: Loading buffer pool(s) from C:\xampp\mysql\data\ib_buffer_pool
2025-10-23 15:47:01 0 [Note] Plugin 'FEEDBACK' is disabled.
2025-10-23 15:47:01 0 [Note] Server socket created on IP: '::'.
2025-10-23 15:47:01 0 [Note] InnoDB: Buffer pool(s) load completed at 251023 15:47:01
2025-10-23 15:47:01 0 [Note] Reading of all Master_info entries succeeded
2025-10-23 15:47:01 0 [Note] Added new Master_info '' to hash table
2025-10-23 15:47:01 0 [Note] C:\xampp\mysql\bin\mysqld.exe: ready for connections.
Version: '10.4.32-MariaDB'  socket: ''  port: 3306  mariadb.org binary distribution
2025-10-23 17:41:49 0 [Note] Starting MariaDB 10.4.32-MariaDB source revision c4143f909528e3fab0677a28631d10389354c491 as process 2664
2025-10-23 17:41:49 0 [Note] InnoDB: Mutexes and rw_locks use Windows interlocked functions
2025-10-23 17:41:49 0 [Note] InnoDB: Uses event mutexes
2025-10-23 17:41:49 0 [Note] InnoDB: Compressed tables use zlib 1.3
2025-10-23 17:41:49 0 [Note] InnoDB: Number of pools: 1
2025-10-23 17:41:49 0 [Note] InnoDB: Using SSE2 crc32 instructions
2025-10-23 17:41:49 0 [Note] InnoDB: Initializing buffer pool, total size = 16M, instances = 1, chunk size = 16M
2025-10-23 17:41:49 0 [Note] InnoDB: Completed initialization of buffer pool
2025-10-23 17:41:49 0 [Note] InnoDB: Starting crash recovery from checkpoint LSN=2740875
2025-10-23 17:41:50 0 [Note] InnoDB: 128 out of 128 rollback segments are active.
2025-10-23 17:41:50 0 [Note] InnoDB: Removed temporary tablespace data file: "ibtmp1"
2025-10-23 17:41:50 0 [Note] InnoDB: Creating shared tablespace for temporary tables
2025-10-23 17:41:50 0 [Note] InnoDB: Setting file 'C:\xampp\mysql\data\ibtmp1' size to 12 MB. Physically writing the file full; Please wait ...
2025-10-23 17:41:50 0 [Note] InnoDB: File 'C:\xampp\mysql\data\ibtmp1' size is now 12 MB.
2025-10-23 17:41:50 0 [Note] InnoDB: Waiting for purge to start
2025-10-23 17:41:50 0 [Note] InnoDB: 10.4.32 started; log sequence number 2740884; transaction id 4702
2025-10-23 17:41:50 0 [Note] InnoDB: Loading buffer pool(s) from C:\xampp\mysql\data\ib_buffer_pool
2025-10-23 17:41:50 0 [Note] Plugin 'FEEDBACK' is disabled.
2025-10-23 17:41:50 0 [Note] InnoDB: Buffer pool(s) load completed at 251023 17:41:50
2025-10-23 17:41:50 0 [Note] Server socket created on IP: '::'.
2025-10-23 17:41:50 0 [Note] Reading of all Master_info entries succeeded
2025-10-23 17:41:50 0 [Note] Added new Master_info '' to hash table
2025-10-23 17:41:50 0 [Note] C:\xampp\mysql\bin\mysqld.exe: ready for connections.
Version: '10.4.32-MariaDB'  socket: ''  port: 3306  mariadb.org binary distribution
2025-10-25 17:24:08 8 [Warning] Aborted connection 8 to db: 'prologdb' user: 'prologDBadmin' host: 'vidupiyasa.bbrouter' (Got an error reading communication packets)
2025-10-25 17:24:08 9 [Warning] Aborted connection 9 to db: 'prologdb' user: 'prologDBadmin' host: 'vidupiyasa.bbrouter' (Got an error reading communication packets)
2025-10-25 17:29:53 10 [Warning] Aborted connection 10 to db: 'prologdb' user: 'prologDBadmin' host: 'vidupiyasa.bbrouter' (Got an error reading communication packets)
2025-10-25 17:29:53 11 [Warning] Aborted connection 11 to db: 'prologdb' user: 'prologDBadmin' host: 'vidupiyasa.bbrouter' (Got an error reading communication packets)
2025-10-26  8:13:42 13 [Warning] Aborted connection 13 to db: 'prologdb' user: 'prologDBadmin' host: 'DESKTOP-TF6ACUU.bbrouter' (Got timeout reading communication packets)
2025-10-26  8:13:42 12 [Warning] Aborted connection 12 to db: 'prologdb' user: 'prologDBadmin' host: 'DESKTOP-TF6ACUU.bbrouter' (Got timeout reading communication packets)
2025-10-26  9:37:16 25 [Warning] Aborted connection 25 to db: 'prologdb' user: 'prologDBadmin' host: 'vidupiyasa.bbrouter' (Got an error reading communication packets)
2025-10-26  9:37:16 20 [Warning] Aborted connection 20 to db: 'prologdb' user: 'prologDBadmin' host: 'DESKTOP-TF6ACUU.bbrouter' (Got an error reading communication packets)
2025-10-26  9:37:16 24 [Warning] Aborted connection 24 to db: 'prologdb' user: 'prologDBadmin' host: 'vidupiyasa.bbrouter' (Got an error reading communication packets)
2025-10-26  9:37:16 21 [Warning] Aborted connection 21 to db: 'prologdb' user: 'prologDBadmin' host: 'DESKTOP-TF6ACUU.bbrouter' (Got an error reading communication packets)
2025-10-26  9:37:16 23 [Warning] Aborted connection 23 to db: 'prologdb' user: 'prologDBadmin' host: 'vidupiyasa.bbrouter' (Got an error reading communication packets)
2025-10-26  9:44:06 26 [Warning] Aborted connection 26 to db: 'prologdb' user: 'prologDBadmin' host: 'vidupiyasa.bbrouter' (Got an error reading communication packets)
2025-10-26  9:44:06 27 [Warning] Aborted connection 27 to db: 'prologdb' user: 'prologDBadmin' host: 'vidupiyasa.bbrouter' (Got an error reading communication packets)
2025-10-26 11:06:57 47 [Warning] Aborted connection 47 to db: 'prologdb' user: 'prologDBadmin' host: 'vidupiyasa.bbrouter' (Got an error reading communication packets)
2025-10-26 11:06:57 48 [Warning] Aborted connection 48 to db: 'prologdb' user: 'prologDBadmin' host: 'vidupiyasa.bbrouter' (Got an error reading communication packets)
2025-10-26 11:26:07 45 [Warning] Aborted connection 45 to db: 'prologdb' user: 'prologDBadmin' host: 'DESKTOP-TF6ACUU.bbrouter' (Got an error reading communication packets)
2025-10-26 11:26:07 52 [Warning] Aborted connection 52 to db: 'prologdb' user: 'prologDBadmin' host: 'DESKTOP-TF6ACUU.bbrouter' (Got an error reading communication packets)
2025-10-26 11:26:07 51 [Warning] Aborted connection 51 to db: 'prologdb' user: 'prologDBadmin' host: 'DESKTOP-TF6ACUU.bbrouter' (Got an error reading communication packets)
2025-10-26 11:38:13 30 [Warning] Aborted connection 30 to db: 'prologdb' user: 'prologDBadmin' host: 'DESKTOP-TF6ACUU.bbrouter' (Got an error reading communication packets)
2025-10-26 11:38:13 29 [Warning] Aborted connection 29 to db: 'prologdb' user: 'prologDBadmin' host: 'DESKTOP-TF6ACUU.bbrouter' (Got an error reading communication packets)
2025-10-26 11:39:19 28 [Warning] Aborted connection 28 to db: 'prologdb' user: 'prologDBadmin' host: 'DESKTOP-TF6ACUU.bbrouter' (Got an error reading communication packets)
2025-10-26 12:05:59 36 [Warning] Aborted connection 36 to db: 'prologdb' user: 'prologDBadmin' host: 'DESKTOP-TF6ACUU.bbrouter' (Got an error reading communication packets)
2025-10-26 12:10:00 37 [Warning] Aborted connection 37 to db: 'prologdb' user: 'prologDBadmin' host: 'DESKTOP-TF6ACUU.bbrouter' (Got an error reading communication packets)
2025-10-26 12:14:50 35 [Warning] Aborted connection 35 to db: 'prologdb' user: 'prologDBadmin' host: 'DESKTOP-TF6ACUU.bbrouter' (Got an error reading communication packets)
2025-10-27 10:11:27 53 [Warning] Aborted connection 53 to db: 'prologdb' user: 'prologDBadmin' host: 'vidupiyasa.bbrouter' (Got an error reading communication packets)
2025-10-27 10:11:27 54 [Warning] Aborted connection 54 to db: 'prologdb' user: 'prologDBadmin' host: 'vidupiyasa.bbrouter' (Got an error reading communication packets)
2025-10-27 10:18:55 56 [Warning] Aborted connection 56 to db: 'prologdb' user: 'prologDBadmin' host: 'DESKTOP-TF6ACUU.bbrouter' (Got an error reading communication packets)
2025-10-27 10:18:55 55 [Warning] Aborted connection 55 to db: 'prologdb' user: 'prologDBadmin' host: 'DESKTOP-TF6ACUU.bbrouter' (Got an error reading communication packets)
2025-10-27 10:20:23 59 [Warning] Aborted connection 59 to db: 'prologdb' user: 'prologDBadmin' host: 'DESKTOP-TF6ACUU.bbrouter' (Got an error reading communication packets)
2025-10-27 10:20:23 58 [Warning] Aborted connection 58 to db: 'prologdb' user: 'prologDBadmin' host: 'DESKTOP-TF6ACUU.bbrouter' (Got an error reading communication packets)
2025-10-27 15:23:59 0 [Note] Starting MariaDB 10.4.32-MariaDB source revision c4143f909528e3fab0677a28631d10389354c491 as process 3240
2025-10-27 15:23:59 0 [Note] InnoDB: Mutexes and rw_locks use Windows interlocked functions
2025-10-27 15:23:59 0 [Note] InnoDB: Uses event mutexes
2025-10-27 15:23:59 0 [Note] InnoDB: Compressed tables use zlib 1.3
2025-10-27 15:23:59 0 [Note] InnoDB: Number of pools: 1
2025-10-27 15:23:59 0 [Note] InnoDB: Using SSE2 crc32 instructions
2025-10-27 15:23:59 0 [Note] InnoDB: Initializing buffer pool, total size = 16M, instances = 1, chunk size = 16M
2025-10-27 15:23:59 0 [Note] InnoDB: Completed initialization of buffer pool
2025-10-27 15:23:59 0 [Note] InnoDB: Starting crash recovery from checkpoint LSN=2740911
2025-10-27 15:24:00 0 [Note] InnoDB: 128 out of 128 rollback segments are active.
2025-10-27 15:24:00 0 [Note] InnoDB: Removed temporary tablespace data file: "ibtmp1"
2025-10-27 15:24:00 0 [Note] InnoDB: Creating shared tablespace for temporary tables
2025-10-27 15:24:00 0 [Note] InnoDB: Setting file 'C:\xampp\mysql\data\ibtmp1' size to 12 MB. Physically writing the file full; Please wait ...
2025-10-27 15:24:00 0 [Note] InnoDB: File 'C:\xampp\mysql\data\ibtmp1' size is now 12 MB.
2025-10-27 15:24:00 0 [Note] InnoDB: Waiting for purge to start
2025-10-27 15:24:00 0 [Note] InnoDB: 10.4.32 started; log sequence number 2740920; transaction id 4702
2025-10-27 15:24:00 0 [Note] InnoDB: Loading buffer pool(s) from C:\xampp\mysql\data\ib_buffer_pool
2025-10-27 15:24:00 0 [Note] Plugin 'FEEDBACK' is disabled.
2025-10-27 15:24:00 0 [Note] Server socket created on IP: '::'.
2025-10-27 15:24:00 0 [Note] InnoDB: Buffer pool(s) load completed at 251027 15:24:00
2025-10-27 15:24:00 0 [Note] Reading of all Master_info entries succeeded
2025-10-27 15:24:00 0 [Note] Added new Master_info '' to hash table
2025-10-27 15:24:00 0 [Note] C:\xampp\mysql\bin\mysqld.exe: ready for connections.
Version: '10.4.32-MariaDB'  socket: ''  port: 3306  mariadb.org binary distribution
2025-10-31  9:39:58 8 [Warning] Aborted connection 8 to db: 'prologdb' user: 'prologDBadmin' host: 'vidupiyasa.bbrouter' (Got an error reading communication packets)
2025-10-31  9:39:58 9 [Warning] Aborted connection 9 to db: 'prologdb' user: 'prologDBadmin' host: 'vidupiyasa.bbrouter' (Got an error reading communication packets)
2025-10-31  9:50:04 10 [Warning] Aborted connection 10 to db: 'prologdb' user: 'prologDBadmin' host: 'vidupiyasa.bbrouter' (Got an error reading communication packets)
2025-10-31  9:50:04 11 [Warning] Aborted connection 11 to db: 'prologdb' user: 'prologDBadmin' host: 'vidupiyasa.bbrouter' (Got an error reading communication packets)
2025-10-31  9:59:48 12 [Warning] Aborted connection 12 to db: 'prologdb' user: 'prologDBadmin' host: 'vidupiyasa.bbrouter' (Got an error reading communication packets)
2025-10-31  9:59:48 13 [Warning] Aborted connection 13 to db: 'prologdb' user: 'prologDBadmin' host: 'vidupiyasa.bbrouter' (Got an error reading communication packets)
2025-10-31 10:35:07 0 [Note] Starting MariaDB 10.4.32-MariaDB source revision c4143f909528e3fab0677a28631d10389354c491 as process 588
2025-10-31 10:35:07 0 [Note] InnoDB: Mutexes and rw_locks use Windows interlocked functions
2025-10-31 10:35:07 0 [Note] InnoDB: Uses event mutexes
2025-10-31 10:35:07 0 [Note] InnoDB: Compressed tables use zlib 1.3
2025-10-31 10:35:07 0 [Note] InnoDB: Number of pools: 1
2025-10-31 10:35:07 0 [Note] InnoDB: Using SSE2 crc32 instructions
2025-10-31 10:35:07 0 [Note] InnoDB: Initializing buffer pool, total size = 16M, instances = 1, chunk size = 16M
2025-10-31 10:35:07 0 [Note] InnoDB: Completed initialization of buffer pool
2025-10-31 10:35:07 0 [Note] InnoDB: Starting crash recovery from checkpoint LSN=2747071
2025-10-31 10:35:08 0 [Note] InnoDB: 128 out of 128 rollback segments are active.
2025-10-31 10:35:08 0 [Note] InnoDB: Removed temporary tablespace data file: "ibtmp1"
2025-10-31 10:35:08 0 [Note] InnoDB: Creating shared tablespace for temporary tables
2025-10-31 10:35:08 0 [Note] InnoDB: Setting file 'C:\xampp\mysql\data\ibtmp1' size to 12 MB. Physically writing the file full; Please wait ...
2025-10-31 10:35:08 0 [Note] InnoDB: File 'C:\xampp\mysql\data\ibtmp1' size is now 12 MB.
2025-10-31 10:35:08 0 [Note] InnoDB: Waiting for purge to start
2025-10-31 10:35:08 0 [Note] InnoDB: 10.4.32 started; log sequence number 2747080; transaction id 4743
2025-10-31 10:35:08 0 [Note] InnoDB: Loading buffer pool(s) from C:\xampp\mysql\data\ib_buffer_pool
2025-10-31 10:35:08 0 [Note] InnoDB: Buffer pool(s) load completed at 251031 10:35:08
2025-10-31 10:35:08 0 [Note] Plugin 'FEEDBACK' is disabled.
2025-10-31 10:35:08 0 [Note] Server socket created on IP: '::'.
2025-10-31 10:35:08 0 [Note] Reading of all Master_info entries succeeded
2025-10-31 10:35:08 0 [Note] Added new Master_info '' to hash table
2025-10-31 10:35:08 0 [Note] C:\xampp\mysql\bin\mysqld.exe: ready for connections.
Version: '10.4.32-MariaDB'  socket: ''  port: 3306  mariadb.org binary distribution
2025-10-31 11:01:45 8 [Warning] Aborted connection 8 to db: 'prologdb' user: 'prologDBadmin' host: 'vidupiyasa.bbrouter' (Got an error reading communication packets)
2025-10-31 11:01:45 9 [Warning] Aborted connection 9 to db: 'prologdb' user: 'prologDBadmin' host: 'vidupiyasa.bbrouter' (Got an error reading communication packets)
2025-10-31 11:32:05 15 [Warning] Aborted connection 15 to db: 'prologdb' user: 'prologDBadmin' host: 'vidupiyasa.bbrouter' (Got an error reading communication packets)
2025-10-31 11:32:05 16 [Warning] Aborted connection 16 to db: 'prologdb' user: 'prologDBadmin' host: 'vidupiyasa.bbrouter' (Got an error reading communication packets)
2025-10-31 13:16:15 13 [Warning] Aborted connection 13 to db: 'prologdb' user: 'prologDBadmin' host: 'DESKTOP-TF6ACUU.bbrouter' (Got an error reading communication packets)
2025-10-31 13:17:15 14 [Warning] Aborted connection 14 to db: 'prologdb' user: 'prologDBadmin' host: 'DESKTOP-TF6ACUU.bbrouter' (Got an error reading communication packets)
2025-10-31 13:19:31 10 [Warning] Aborted connection 10 to db: 'prologdb' user: 'prologDBadmin' host: 'DESKTOP-TF6ACUU.bbrouter' (Got an error reading communication packets)
2025-10-31 13:25:32 0 [Note] Starting MariaDB 10.4.32-MariaDB source revision c4143f909528e3fab0677a28631d10389354c491 as process 3172
2025-10-31 13:25:32 0 [Note] InnoDB: Mutexes and rw_locks use Windows interlocked functions
2025-10-31 13:25:32 0 [Note] InnoDB: Uses event mutexes
2025-10-31 13:25:32 0 [Note] InnoDB: Compressed tables use zlib 1.3
2025-10-31 13:25:32 0 [Note] InnoDB: Number of pools: 1
2025-10-31 13:25:32 0 [Note] InnoDB: Using SSE2 crc32 instructions
2025-10-31 13:25:32 0 [Note] InnoDB: Initializing buffer pool, total size = 16M, instances = 1, chunk size = 16M
2025-10-31 13:25:32 0 [Note] InnoDB: Completed initialization of buffer pool
2025-10-31 13:25:33 0 [Note] InnoDB: Starting crash recovery from checkpoint LSN=2811595
2025-10-31 13:25:33 0 [Note] InnoDB: 128 out of 128 rollback segments are active.
2025-10-31 13:25:33 0 [Note] InnoDB: Removed temporary tablespace data file: "ibtmp1"
2025-10-31 13:25:33 0 [Note] InnoDB: Creating shared tablespace for temporary tables
2025-10-31 13:25:33 0 [Note] InnoDB: Setting file 'C:\xampp\mysql\data\ibtmp1' size to 12 MB. Physically writing the file full; Please wait ...
2025-10-31 13:25:33 0 [Note] InnoDB: File 'C:\xampp\mysql\data\ibtmp1' size is now 12 MB.
2025-10-31 13:25:33 0 [Note] InnoDB: Waiting for purge to start
2025-10-31 13:25:33 0 [Note] InnoDB: 10.4.32 started; log sequence number 2811604; transaction id 4879
2025-10-31 13:25:33 0 [Note] InnoDB: Loading buffer pool(s) from C:\xampp\mysql\data\ib_buffer_pool
2025-10-31 13:25:33 0 [Note] Plugin 'FEEDBACK' is disabled.
2025-10-31 13:25:33 0 [Note] Server socket created on IP: '::'.
2025-10-31 13:25:33 0 [Note] InnoDB: Buffer pool(s) load completed at 251031 13:25:33
2025-10-31 13:25:33 0 [Note] Reading of all Master_info entries succeeded
2025-10-31 13:25:33 0 [Note] Added new Master_info '' to hash table
2025-10-31 13:25:33 0 [Note] C:\xampp\mysql\bin\mysqld.exe: ready for connections.
Version: '10.4.32-MariaDB'  socket: ''  port: 3306  mariadb.org binary distribution
2025-10-31 14:04:39 0 [Note] Starting MariaDB 10.4.32-MariaDB source revision c4143f909528e3fab0677a28631d10389354c491 as process 3244
2025-10-31 14:04:39 0 [Note] InnoDB: Mutexes and rw_locks use Windows interlocked functions
2025-10-31 14:04:39 0 [Note] InnoDB: Uses event mutexes
2025-10-31 14:04:39 0 [Note] InnoDB: Compressed tables use zlib 1.3
2025-10-31 14:04:39 0 [Note] InnoDB: Number of pools: 1
2025-10-31 14:04:39 0 [Note] InnoDB: Using SSE2 crc32 instructions
2025-10-31 14:04:39 0 [Note] InnoDB: Initializing buffer pool, total size = 16M, instances = 1, chunk size = 16M
2025-10-31 14:04:40 0 [Note] InnoDB: Completed initialization of buffer pool
2025-10-31 14:04:40 0 [Note] InnoDB: Starting crash recovery from checkpoint LSN=2811613
2025-10-31 14:04:40 0 [Note] InnoDB: 128 out of 128 rollback segments are active.
2025-10-31 14:04:40 0 [Note] InnoDB: Removed temporary tablespace data file: "ibtmp1"
2025-10-31 14:04:40 0 [Note] InnoDB: Creating shared tablespace for temporary tables
2025-10-31 14:04:40 0 [Note] InnoDB: Setting file 'C:\xampp\mysql\data\ibtmp1' size to 12 MB. Physically writing the file full; Please wait ...
2025-10-31 14:04:40 0 [Note] InnoDB: File 'C:\xampp\mysql\data\ibtmp1' size is now 12 MB.
2025-10-31 14:04:40 0 [Note] InnoDB: Waiting for purge to start
2025-10-31 14:04:40 0 [Note] InnoDB: 10.4.32 started; log sequence number 2811622; transaction id 4879
2025-10-31 14:04:40 0 [Note] InnoDB: Loading buffer pool(s) from C:\xampp\mysql\data\ib_buffer_pool
2025-10-31 14:04:40 0 [Note] Plugin 'FEEDBACK' is disabled.
2025-10-31 14:04:40 0 [Note] Server socket created on IP: '::'.
2025-10-31 14:04:40 0 [Note] InnoDB: Buffer pool(s) load completed at 251031 14:04:40
2025-10-31 14:04:40 0 [Note] Reading of all Master_info entries succeeded
2025-10-31 14:04:40 0 [Note] Added new Master_info '' to hash table
2025-10-31 14:04:40 0 [Note] C:\xampp\mysql\bin\mysqld.exe: ready for connections.
Version: '10.4.32-MariaDB'  socket: ''  port: 3306  mariadb.org binary distribution
2025-10-31 20:17:20 8 [Warning] Aborted connection 8 to db: 'prologdb' user: 'prologDBadmin' host: 'vidupiyasa.bbrouter' (Got an error reading communication packets)
2025-10-31 20:17:20 9 [Warning] Aborted connection 9 to db: 'prologdb' user: 'prologDBadmin' host: 'vidupiyasa.bbrouter' (Got an error reading communication packets)
2025-11-01 16:49:06 10 [Warning] Aborted connection 10 to db: 'prologdb' user: 'prologDBadmin' host: 'vidupiyasa.bbrouter' (Got an error reading communication packets)
2025-11-01 16:49:06 11 [Warning] Aborted connection 11 to db: 'prologdb' user: 'prologDBadmin' host: 'vidupiyasa.bbrouter' (Got an error reading communication packets)
2025-11-02  9:26:08 12 [Warning] Aborted connection 12 to db: 'prologdb' user: 'prologDBadmin' host: 'vidupiyasa.bbrouter' (Got an error reading communication packets)
2025-11-02  9:26:08 13 [Warning] Aborted connection 13 to db: 'prologdb' user: 'prologDBadmin' host: 'vidupiyasa.bbrouter' (Got an error reading communication packets)
2025-11-02 10:09:55 0 [Note] Starting MariaDB 10.4.32-MariaDB source revision c4143f909528e3fab0677a28631d10389354c491 as process 2256
2025-11-02 10:09:55 0 [Note] InnoDB: Mutexes and rw_locks use Windows interlocked functions
2025-11-02 10:09:55 0 [Note] InnoDB: Uses event mutexes
2025-11-02 10:09:55 0 [Note] InnoDB: Compressed tables use zlib 1.3
2025-11-02 10:09:55 0 [Note] InnoDB: Number of pools: 1
2025-11-02 10:09:55 0 [Note] InnoDB: Using SSE2 crc32 instructions
2025-11-02 10:09:55 0 [Note] InnoDB: Initializing buffer pool, total size = 16M, instances = 1, chunk size = 16M
2025-11-02 10:09:55 0 [Note] InnoDB: Completed initialization of buffer pool
2025-11-02 10:09:55 0 [Note] InnoDB: Starting crash recovery from checkpoint LSN=2812962
2025-11-02 10:09:56 0 [Note] InnoDB: 128 out of 128 rollback segments are active.
2025-11-02 10:09:56 0 [Note] InnoDB: Removed temporary tablespace data file: "ibtmp1"
2025-11-02 10:09:56 0 [Note] InnoDB: Creating shared tablespace for temporary tables
2025-11-02 10:09:56 0 [Note] InnoDB: Setting file 'C:\xampp\mysql\data\ibtmp1' size to 12 MB. Physically writing the file full; Please wait ...
2025-11-02 10:09:56 0 [Note] InnoDB: File 'C:\xampp\mysql\data\ibtmp1' size is now 12 MB.
2025-11-02 10:09:56 0 [Note] InnoDB: Waiting for purge to start
2025-11-02 10:09:56 0 [Note] InnoDB: 10.4.32 started; log sequence number 2812971; transaction id 4905
2025-11-02 10:09:56 0 [Note] InnoDB: Loading buffer pool(s) from C:\xampp\mysql\data\ib_buffer_pool
2025-11-02 10:09:56 0 [Note] Plugin 'FEEDBACK' is disabled.
2025-11-02 10:09:56 0 [Note] Server socket created on IP: '::'.
2025-11-02 10:09:56 0 [Note] InnoDB: Buffer pool(s) load completed at 251102 10:09:56
2025-11-02 10:09:56 0 [Note] Reading of all Master_info entries succeeded
2025-11-02 10:09:56 0 [Note] Added new Master_info '' to hash table
2025-11-02 10:09:56 0 [Note] C:\xampp\mysql\bin\mysqld.exe: ready for connections.
Version: '10.4.32-MariaDB'  socket: ''  port: 3306  mariadb.org binary distribution
2025-11-03 12:48:23 0 [Note] Starting MariaDB 10.4.32-MariaDB source revision c4143f909528e3fab0677a28631d10389354c491 as process 572
2025-11-03 12:48:23 0 [Note] InnoDB: Mutexes and rw_locks use Windows interlocked functions
2025-11-03 12:48:23 0 [Note] InnoDB: Uses event mutexes
2025-11-03 12:48:23 0 [Note] InnoDB: Compressed tables use zlib 1.3
2025-11-03 12:48:23 0 [Note] InnoDB: Number of pools: 1
2025-11-03 12:48:23 0 [Note] InnoDB: Using SSE2 crc32 instructions
2025-11-03 12:48:23 0 [Note] InnoDB: Initializing buffer pool, total size = 16M, instances = 1, chunk size = 16M
2025-11-03 12:48:23 0 [Note] InnoDB: Completed initialization of buffer pool
2025-11-03 12:48:23 0 [Note] InnoDB: Starting crash recovery from checkpoint LSN=2812980
2025-11-03 12:48:24 0 [Note] InnoDB: 128 out of 128 rollback segments are active.
2025-11-03 12:48:24 0 [Note] InnoDB: Removed temporary tablespace data file: "ibtmp1"
2025-11-03 12:48:24 0 [Note] InnoDB: Creating shared tablespace for temporary tables
2025-11-03 12:48:24 0 [Note] InnoDB: Setting file 'C:\xampp\mysql\data\ibtmp1' size to 12 MB. Physically writing the file full; Please wait ...
2025-11-03 12:48:24 0 [Note] InnoDB: File 'C:\xampp\mysql\data\ibtmp1' size is now 12 MB.
2025-11-03 12:48:24 0 [Note] InnoDB: Waiting for purge to start
2025-11-03 12:48:24 0 [Note] InnoDB: 10.4.32 started; log sequence number 2812989; transaction id 4905
2025-11-03 12:48:24 0 [Note] InnoDB: Loading buffer pool(s) from C:\xampp\mysql\data\ib_buffer_pool
2025-11-03 12:48:24 0 [Note] Plugin 'FEEDBACK' is disabled.
2025-11-03 12:48:24 0 [Note] Server socket created on IP: '::'.
2025-11-03 12:48:24 0 [Note] InnoDB: Buffer pool(s) load completed at 251103 12:48:24
2025-11-03 12:48:24 0 [Note] Reading of all Master_info entries succeeded
2025-11-03 12:48:24 0 [Note] Added new Master_info '' to hash table
2025-11-03 12:48:24 0 [Note] C:\xampp\mysql\bin\mysqld.exe: ready for connections.
Version: '10.4.32-MariaDB'  socket: ''  port: 3306  mariadb.org binary distribution
2025-11-03 14:15:54 0 [Note] Starting MariaDB 10.4.32-MariaDB source revision c4143f909528e3fab0677a28631d10389354c491 as process 2080
2025-11-03 14:15:54 0 [Note] InnoDB: Mutexes and rw_locks use Windows interlocked functions
2025-11-03 14:15:54 0 [Note] InnoDB: Uses event mutexes
2025-11-03 14:15:54 0 [Note] InnoDB: Compressed tables use zlib 1.3
2025-11-03 14:15:54 0 [Note] InnoDB: Number of pools: 1
2025-11-03 14:15:54 0 [Note] InnoDB: Using SSE2 crc32 instructions
2025-11-03 14:15:55 0 [Note] InnoDB: Initializing buffer pool, total size = 16M, instances = 1, chunk size = 16M
2025-11-03 14:15:55 0 [Note] InnoDB: Completed initialization of buffer pool
2025-11-03 14:15:55 0 [Note] InnoDB: Starting crash recovery from checkpoint LSN=2812998
2025-11-03 14:15:55 0 [Note] InnoDB: 128 out of 128 rollback segments are active.
2025-11-03 14:15:55 0 [Note] InnoDB: Removed temporary tablespace data file: "ibtmp1"
2025-11-03 14:15:55 0 [Note] InnoDB: Creating shared tablespace for temporary tables
2025-11-03 14:15:55 0 [Note] InnoDB: Setting file 'C:\xampp\mysql\data\ibtmp1' size to 12 MB. Physically writing the file full; Please wait ...
2025-11-03 14:15:55 0 [Note] InnoDB: File 'C:\xampp\mysql\data\ibtmp1' size is now 12 MB.
2025-11-03 14:15:55 0 [Note] InnoDB: Waiting for purge to start
2025-11-03 14:15:55 0 [Note] InnoDB: 10.4.32 started; log sequence number 2813007; transaction id 4905
2025-11-03 14:15:56 0 [Note] InnoDB: Loading buffer pool(s) from C:\xampp\mysql\data\ib_buffer_pool
2025-11-03 14:15:56 0 [Note] Plugin 'FEEDBACK' is disabled.
2025-11-03 14:15:56 0 [Note] Server socket created on IP: '::'.
2025-11-03 14:15:56 0 [Note] InnoDB: Buffer pool(s) load completed at 251103 14:15:56
2025-11-03 14:15:56 0 [Note] Reading of all Master_info entries succeeded
2025-11-03 14:15:56 0 [Note] Added new Master_info '' to hash table
2025-11-03 14:15:56 0 [Note] C:\xampp\mysql\bin\mysqld.exe: ready for connections.
Version: '10.4.32-MariaDB'  socket: ''  port: 3306  mariadb.org binary distribution
2025-11-07  8:56:59 0 [Note] Starting MariaDB 10.4.32-MariaDB source revision c4143f909528e3fab0677a28631d10389354c491 as process 3132
2025-11-07  8:56:59 0 [Note] InnoDB: Mutexes and rw_locks use Windows interlocked functions
2025-11-07  8:56:59 0 [Note] InnoDB: Uses event mutexes
2025-11-07  8:56:59 0 [Note] InnoDB: Compressed tables use zlib 1.3
2025-11-07  8:56:59 0 [Note] InnoDB: Number of pools: 1
2025-11-07  8:56:59 0 [Note] InnoDB: Using SSE2 crc32 instructions
2025-11-07  8:56:59 0 [Note] InnoDB: Initializing buffer pool, total size = 16M, instances = 1, chunk size = 16M
2025-11-07  8:56:59 0 [Note] InnoDB: Completed initialization of buffer pool
2025-11-07  8:56:59 0 [Note] InnoDB: Starting crash recovery from checkpoint LSN=2813016
2025-11-07  8:57:00 0 [Note] InnoDB: 128 out of 128 rollback segments are active.
2025-11-07  8:57:00 0 [Note] InnoDB: Removed temporary tablespace data file: "ibtmp1"
2025-11-07  8:57:00 0 [Note] InnoDB: Creating shared tablespace for temporary tables
2025-11-07  8:57:00 0 [Note] InnoDB: Setting file 'C:\xampp\mysql\data\ibtmp1' size to 12 MB. Physically writing the file full; Please wait ...
2025-11-07  8:57:00 0 [Note] InnoDB: File 'C:\xampp\mysql\data\ibtmp1' size is now 12 MB.
2025-11-07  8:57:00 0 [Note] InnoDB: Waiting for purge to start
2025-11-07  8:57:00 0 [Note] InnoDB: 10.4.32 started; log sequence number 2813025; transaction id 4905
2025-11-07  8:57:00 0 [Note] InnoDB: Loading buffer pool(s) from C:\xampp\mysql\data\ib_buffer_pool
2025-11-07  8:57:00 0 [Note] Plugin 'FEEDBACK' is disabled.
2025-11-07  8:57:00 0 [Note] Server socket created on IP: '::'.
2025-11-07  8:57:00 0 [Note] InnoDB: Buffer pool(s) load completed at 251107  8:57:00
2025-11-07  8:57:00 0 [Note] Reading of all Master_info entries succeeded
2025-11-07  8:57:00 0 [Note] Added new Master_info '' to hash table
2025-11-07  8:57:00 0 [Note] C:\xampp\mysql\bin\mysqld.exe: ready for connections.
Version: '10.4.32-MariaDB'  socket: ''  port: 3306  mariadb.org binary distribution
2025-11-08 11:49:08 19 [Warning] Aborted connection 19 to db: 'prologdb' user: 'prologDBadmin' host: 'vidupiyasa.bbrouter' (Got an error reading communication packets)
2025-11-08 11:49:08 18 [Warning] Aborted connection 18 to db: 'prologdb' user: 'prologDBadmin' host: 'vidupiyasa.bbrouter' (Got an error reading communication packets)
2025-11-08 12:11:40 25 [Warning] Aborted connection 25 to db: 'prologdb' user: 'prologDBadmin' host: 'DESKTOP-TF6ACUU.bbrouter' (Got an error reading communication packets)
2025-11-08 12:11:40 30 [Warning] Aborted connection 30 to db: 'prologdb' user: 'prologDBadmin' host: 'DESKTOP-TF6ACUU.bbrouter' (Got an error reading communication packets)
2025-11-08 12:11:40 29 [Warning] Aborted connection 29 to db: 'prologdb' user: 'prologDBadmin' host: 'DESKTOP-TF6ACUU.bbrouter' (Got an error reading communication packets)
2025-11-08 13:02:09 40 [Warning] Aborted connection 40 to db: 'prologdb' user: 'prologDBadmin' host: 'vidupiyasa.bbrouter' (Got an error reading communication packets)
2025-11-08 13:02:09 41 [Warning] Aborted connection 41 to db: 'prologdb' user: 'prologDBadmin' host: 'vidupiyasa.bbrouter' (Got an error reading communication packets)
2025-11-08 14:12:56 33 [Warning] Aborted connection 33 to db: 'prologdb' user: 'prologDBadmin' host: 'DESKTOP-TF6ACUU.bbrouter' (Got an error reading communication packets)
2025-11-08 14:15:36 32 [Warning] Aborted connection 32 to db: 'prologdb' user: 'prologDBadmin' host: 'DESKTOP-TF6ACUU.bbrouter' (Got an error reading communication packets)
2025-11-08 14:21:01 31 [Warning] Aborted connection 31 to db: 'prologdb' user: 'prologDBadmin' host: 'DESKTOP-TF6ACUU.bbrouter' (Got an error reading communication packets)
2025-11-08 14:42:46 37 [Warning] Aborted connection 37 to db: 'prologdb' user: 'prologDBadmin' host: 'DESKTOP-TF6ACUU.bbrouter' (Got an error reading communication packets)
2025-11-08 14:43:34 46 [Warning] Aborted connection 46 to db: 'prologdb' user: 'prologDBadmin' host: 'DESKTOP-TF6ACUU.bbrouter' (Got an error reading communication packets)
2025-11-08 14:43:34 47 [Warning] Aborted connection 47 to db: 'prologdb' user: 'prologDBadmin' host: 'DESKTOP-TF6ACUU.bbrouter' (Got an error reading communication packets)
2025-11-08 14:43:34 48 [Warning] Aborted connection 48 to db: 'prologdb' user: 'prologDBadmin' host: 'DESKTOP-TF6ACUU.bbrouter' (Got an error reading communication packets)
2025-11-08 14:47:02 36 [Warning] Aborted connection 36 to db: 'prologdb' user: 'prologDBadmin' host: 'DESKTOP-TF6ACUU.bbrouter' (Got an error reading communication packets)
2025-11-08 15:04:56 45 [Warning] Aborted connection 45 to db: 'prologdb' user: 'prologDBadmin' host: 'DESKTOP-TF6ACUU.bbrouter' (Got an error reading communication packets)
2025-11-08 15:11:52 42 [Warning] Aborted connection 42 to db: 'prologdb' user: 'prologDBadmin' host: 'DESKTOP-TF6ACUU.bbrouter' (Got an error reading communication packets)
2025-11-08 16:56:28 52 [Warning] Aborted connection 52 to db: 'prologdb' user: 'prologDBadmin' host: 'DESKTOP-TF6ACUU.bbrouter' (Got an error reading communication packets)
2025-11-08 16:58:28 53 [Warning] Aborted connection 53 to db: 'prologdb' user: 'prologDBadmin' host: 'DESKTOP-TF6ACUU.bbrouter' (Got an error reading communication packets)
2025-11-08 17:04:48 49 [Warning] Aborted connection 49 to db: 'prologdb' user: 'prologDBadmin' host: 'DESKTOP-TF6ACUU.bbrouter' (Got an error reading communication packets)
2025-11-09 12:54:19 0 [Note] Starting MariaDB 10.4.32-MariaDB source revision c4143f909528e3fab0677a28631d10389354c491 as process 3024
2025-11-09 12:54:19 0 [Note] InnoDB: Mutexes and rw_locks use Windows interlocked functions
2025-11-09 12:54:19 0 [Note] InnoDB: Uses event mutexes
2025-11-09 12:54:19 0 [Note] InnoDB: Compressed tables use zlib 1.3
2025-11-09 12:54:19 0 [Note] InnoDB: Number of pools: 1
2025-11-09 12:54:19 0 [Note] InnoDB: Using SSE2 crc32 instructions
2025-11-09 12:54:19 0 [Note] InnoDB: Initializing buffer pool, total size = 16M, instances = 1, chunk size = 16M
2025-11-09 12:54:19 0 [Note] InnoDB: Completed initialization of buffer pool
2025-11-09 12:54:19 0 [Note] InnoDB: Starting crash recovery from checkpoint LSN=3230777
2025-11-09 12:54:19 0 [Note] InnoDB: 128 out of 128 rollback segments are active.
2025-11-09 12:54:19 0 [Note] InnoDB: Removed temporary tablespace data file: "ibtmp1"
2025-11-09 12:54:19 0 [Note] InnoDB: Creating shared tablespace for temporary tables
2025-11-09 12:54:19 0 [Note] InnoDB: Setting file 'C:\xampp\mysql\data\ibtmp1' size to 12 MB. Physically writing the file full; Please wait ...
2025-11-09 12:54:19 0 [Note] InnoDB: File 'C:\xampp\mysql\data\ibtmp1' size is now 12 MB.
2025-11-09 12:54:19 0 [Note] InnoDB: Waiting for purge to start
2025-11-09 12:54:20 0 [Note] InnoDB: 10.4.32 started; log sequence number 3230786; transaction id 5776
2025-11-09 12:54:20 0 [Note] InnoDB: Loading buffer pool(s) from C:\xampp\mysql\data\ib_buffer_pool
2025-11-09 12:54:20 0 [Note] InnoDB: Buffer pool(s) load completed at 251109 12:54:20
2025-11-09 12:54:20 0 [Note] Plugin 'FEEDBACK' is disabled.
2025-11-09 12:54:20 0 [Note] Server socket created on IP: '::'.
2025-11-09 12:54:20 0 [Note] Reading of all Master_info entries succeeded
2025-11-09 12:54:20 0 [Note] Added new Master_info '' to hash table
2025-11-09 12:54:20 0 [Note] C:\xampp\mysql\bin\mysqld.exe: ready for connections.
Version: '10.4.32-MariaDB'  socket: ''  port: 3306  mariadb.org binary distribution
2025-11-09 13:51:10 10 [Warning] Aborted connection 10 to db: 'prologdb' user: 'prologDBadmin' host: 'vidupiyasa.bbrouter' (Got an error reading communication packets)
2025-11-09 13:51:10 11 [Warning] Aborted connection 11 to db: 'prologdb' user: 'prologDBadmin' host: 'vidupiyasa.bbrouter' (Got an error reading communication packets)
2025-11-09 15:35:26 17 [Warning] Aborted connection 17 to db: 'prologdb' user: 'prologDBadmin' host: 'DESKTOP-TF6ACUU.bbrouter' (Got an error reading communication packets)
2025-11-09 15:35:26 18 [Warning] Aborted connection 18 to db: 'prologdb' user: 'prologDBadmin' host: 'DESKTOP-TF6ACUU.bbrouter' (Got an error reading communication packets)
2025-11-09 15:35:26 15 [Warning] Aborted connection 15 to db: 'prologdb' user: 'prologDBadmin' host: 'DESKTOP-TF6ACUU.bbrouter' (Got an error reading communication packets)
2025-11-09 15:35:26 12 [Warning] Aborted connection 12 to db: 'prologdb' user: 'prologDBadmin' host: 'DESKTOP-TF6ACUU.bbrouter' (Got an error reading communication packets)
2025-11-09 15:35:26 16 [Warning] Aborted connection 16 to db: 'prologdb' user: 'prologDBadmin' host: 'DESKTOP-TF6ACUU.bbrouter' (Got an error reading communication packets)
2025-11-09 15:35:26 19 [Warning] Aborted connection 19 to db: 'prologdb' user: 'prologDBadmin' host: 'DESKTOP-TF6ACUU.bbrouter' (Got an error reading communication packets)
2025-11-12 12:45:41 0 [Note] Starting MariaDB 10.4.32-MariaDB source revision c4143f909528e3fab0677a28631d10389354c491 as process 3100
2025-11-12 12:45:41 0 [Note] InnoDB: Mutexes and rw_locks use Windows interlocked functions
2025-11-12 12:45:41 0 [Note] InnoDB: Uses event mutexes
2025-11-12 12:45:41 0 [Note] InnoDB: Compressed tables use zlib 1.3
2025-11-12 12:45:41 0 [Note] InnoDB: Number of pools: 1
2025-11-12 12:45:41 0 [Note] InnoDB: Using SSE2 crc32 instructions
2025-11-12 12:45:41 0 [Note] InnoDB: Initializing buffer pool, total size = 16M, instances = 1, chunk size = 16M
2025-11-12 12:45:41 0 [Note] InnoDB: Completed initialization of buffer pool
2025-11-12 12:45:41 0 [Note] InnoDB: Starting crash recovery from checkpoint LSN=3287109
2025-11-12 12:45:41 0 [Note] InnoDB: 128 out of 128 rollback segments are active.
2025-11-12 12:45:41 0 [Note] InnoDB: Removed temporary tablespace data file: "ibtmp1"
2025-11-12 12:45:41 0 [Note] InnoDB: Creating shared tablespace for temporary tables
2025-11-12 12:45:41 0 [Note] InnoDB: Setting file 'C:\xampp\mysql\data\ibtmp1' size to 12 MB. Physically writing the file full; Please wait ...
2025-11-12 12:45:41 0 [Note] InnoDB: File 'C:\xampp\mysql\data\ibtmp1' size is now 12 MB.
2025-11-12 12:45:41 0 [Note] InnoDB: Waiting for purge to start
2025-11-12 12:45:41 0 [Note] InnoDB: 10.4.32 started; log sequence number 3287118; transaction id 5911
2025-11-12 12:45:41 0 [Note] InnoDB: Loading buffer pool(s) from C:\xampp\mysql\data\ib_buffer_pool
2025-11-12 12:45:41 0 [Note] Plugin 'FEEDBACK' is disabled.
2025-11-12 12:45:41 0 [Note] Server socket created on IP: '::'.
2025-11-12 12:45:41 0 [Note] InnoDB: Buffer pool(s) load completed at 251112 12:45:41
2025-11-12 12:45:41 0 [Note] Reading of all Master_info entries succeeded
2025-11-12 12:45:41 0 [Note] Added new Master_info '' to hash table
2025-11-12 12:45:41 0 [Note] C:\xampp\mysql\bin\mysqld.exe: ready for connections.
Version: '10.4.32-MariaDB'  socket: ''  port: 3306  mariadb.org binary distribution
2025-11-12 12:45:49 0 [Note] C:\xampp\mysql\bin\mysqld.exe (initiated by: unknown): Normal shutdown
2025-11-12 12:45:49 0 [Note] InnoDB: FTS optimize thread exiting.
2025-11-12 12:45:49 0 [Note] Event Scheduler: Purging the queue. 0 events
2025-11-12 12:45:49 0 [Note] InnoDB: Starting shutdown...
2025-11-12 12:45:49 0 [Note] InnoDB: Dumping buffer pool(s) to C:\xampp\mysql\data\ib_buffer_pool
2025-11-12 12:45:49 0 [Note] InnoDB: Instance 0, restricted to 250 pages due to innodb_buf_pool_dump_pct=25
2025-11-12 12:45:49 0 [Note] InnoDB: Buffer pool(s) dump completed at 251112 12:45:49
2025-11-12 12:45:50 0 [Note] InnoDB: Removed temporary tablespace data file: "ibtmp1"
2025-11-12 12:45:50 0 [Note] InnoDB: Shutdown completed; log sequence number 3287136; transaction id 5912
2025-11-12 12:45:50 0 [Note] C:\xampp\mysql\bin\mysqld.exe: Shutdown complete

2025-11-12 12:46:22 0 [Note] Starting MariaDB 10.4.32-MariaDB source revision c4143f909528e3fab0677a28631d10389354c491 as process 3120
2025-11-12 12:46:22 0 [Note] InnoDB: Mutexes and rw_locks use Windows interlocked functions
2025-11-12 12:46:22 0 [Note] InnoDB: Uses event mutexes
2025-11-12 12:46:22 0 [Note] InnoDB: Compressed tables use zlib 1.3
2025-11-12 12:46:22 0 [Note] InnoDB: Number of pools: 1
2025-11-12 12:46:22 0 [Note] InnoDB: Using SSE2 crc32 instructions
2025-11-12 12:46:22 0 [Note] InnoDB: Initializing buffer pool, total size = 16M, instances = 1, chunk size = 16M
2025-11-12 12:46:22 0 [Note] InnoDB: Completed initialization of buffer pool
2025-11-12 12:46:22 0 [Note] InnoDB: 128 out of 128 rollback segments are active.
2025-11-12 12:46:22 0 [Note] InnoDB: Creating shared tablespace for temporary tables
2025-11-12 12:46:22 0 [Note] InnoDB: Setting file 'C:\xampp\mysql\data\ibtmp1' size to 12 MB. Physically writing the file full; Please wait ...
2025-11-12 12:46:22 0 [Note] InnoDB: File 'C:\xampp\mysql\data\ibtmp1' size is now 12 MB.
2025-11-12 12:46:22 0 [Note] InnoDB: Waiting for purge to start
2025-11-12 12:46:23 0 [Note] InnoDB: 10.4.32 started; log sequence number 3287136; transaction id 5911
2025-11-12 12:46:23 0 [Note] InnoDB: Loading buffer pool(s) from C:\xampp\mysql\data\ib_buffer_pool
2025-11-12 12:46:23 0 [Note] Plugin 'FEEDBACK' is disabled.
2025-11-12 12:46:23 0 [Note] Server socket created on IP: '::'.
2025-11-12 12:46:23 0 [Note] InnoDB: Buffer pool(s) load completed at 251112 12:46:23
2025-11-12 12:46:23 0 [Note] Reading of all Master_info entries succeeded
2025-11-12 12:46:23 0 [Note] Added new Master_info '' to hash table
2025-11-12 12:46:23 0 [Note] C:\xampp\mysql\bin\mysqld.exe: ready for connections.
Version: '10.4.32-MariaDB'  socket: ''  port: 3306  mariadb.org binary distribution
2025-11-12 12:54:53 0 [Note] Starting MariaDB 10.4.32-MariaDB source revision c4143f909528e3fab0677a28631d10389354c491 as process 3056
2025-11-12 12:54:53 0 [Note] InnoDB: Mutexes and rw_locks use Windows interlocked functions
2025-11-12 12:54:53 0 [Note] InnoDB: Uses event mutexes
2025-11-12 12:54:53 0 [Note] InnoDB: Compressed tables use zlib 1.3
2025-11-12 12:54:53 0 [Note] InnoDB: Number of pools: 1
2025-11-12 12:54:53 0 [Note] InnoDB: Using SSE2 crc32 instructions
2025-11-12 12:54:53 0 [Note] InnoDB: Initializing buffer pool, total size = 16M, instances = 1, chunk size = 16M
2025-11-12 12:54:53 0 [Note] InnoDB: Completed initialization of buffer pool
2025-11-12 12:54:53 0 [Note] InnoDB: Starting crash recovery from checkpoint LSN=3287136
2025-11-12 12:54:54 0 [Note] InnoDB: 128 out of 128 rollback segments are active.
2025-11-12 12:54:54 0 [Note] InnoDB: Removed temporary tablespace data file: "ibtmp1"
2025-11-12 12:54:54 0 [Note] InnoDB: Creating shared tablespace for temporary tables
2025-11-12 12:54:54 0 [Note] InnoDB: Setting file 'C:\xampp\mysql\data\ibtmp1' size to 12 MB. Physically writing the file full; Please wait ...
2025-11-12 12:54:54 0 [Note] InnoDB: File 'C:\xampp\mysql\data\ibtmp1' size is now 12 MB.
2025-11-12 12:54:54 0 [Note] InnoDB: Waiting for purge to start
2025-11-12 12:54:54 0 [Note] InnoDB: 10.4.32 started; log sequence number 3287145; transaction id 5911
2025-11-12 12:54:54 0 [Note] InnoDB: Loading buffer pool(s) from C:\xampp\mysql\data\ib_buffer_pool
2025-11-12 12:54:54 0 [Note] Plugin 'FEEDBACK' is disabled.
2025-11-12 12:54:54 0 [Note] Server socket created on IP: '::'.
2025-11-12 12:54:54 0 [Note] InnoDB: Buffer pool(s) load completed at 251112 12:54:54
2025-11-12 12:54:54 0 [Note] Reading of all Master_info entries succeeded
2025-11-12 12:54:54 0 [Note] Added new Master_info '' to hash table
2025-11-12 12:54:54 0 [Note] C:\xampp\mysql\bin\mysqld.exe: ready for connections.
Version: '10.4.32-MariaDB'  socket: ''  port: 3306  mariadb.org binary distribution
2025-11-12 17:01:01 0 [Note] Starting MariaDB 10.4.32-MariaDB source revision c4143f909528e3fab0677a28631d10389354c491 as process 2268
2025-11-12 17:01:02 0 [Note] InnoDB: Mutexes and rw_locks use Windows interlocked functions
2025-11-12 17:01:02 0 [Note] InnoDB: Uses event mutexes
2025-11-12 17:01:02 0 [Note] InnoDB: Compressed tables use zlib 1.3
2025-11-12 17:01:02 0 [Note] InnoDB: Number of pools: 1
2025-11-12 17:01:02 0 [Note] InnoDB: Using SSE2 crc32 instructions
2025-11-12 17:01:02 0 [Note] InnoDB: Initializing buffer pool, total size = 16M, instances = 1, chunk size = 16M
2025-11-12 17:01:02 0 [Note] InnoDB: Completed initialization of buffer pool
2025-11-12 17:01:02 0 [Note] InnoDB: Starting crash recovery from checkpoint LSN=3287154
2025-11-12 17:01:02 0 [Note] InnoDB: 128 out of 128 rollback segments are active.
2025-11-12 17:01:02 0 [Note] InnoDB: Removed temporary tablespace data file: "ibtmp1"
2025-11-12 17:01:02 0 [Note] InnoDB: Creating shared tablespace for temporary tables
2025-11-12 17:01:02 0 [Note] InnoDB: Setting file 'C:\xampp\mysql\data\ibtmp1' size to 12 MB. Physically writing the file full; Please wait ...
2025-11-12 17:01:02 0 [Note] InnoDB: File 'C:\xampp\mysql\data\ibtmp1' size is now 12 MB.
2025-11-12 17:01:02 0 [Note] InnoDB: Waiting for purge to start
2025-11-12 17:01:02 0 [Note] InnoDB: 10.4.32 started; log sequence number 3287163; transaction id 5911
2025-11-12 17:01:03 0 [Note] InnoDB: Loading buffer pool(s) from C:\xampp\mysql\data\ib_buffer_pool
2025-11-12 17:01:03 0 [Note] Plugin 'FEEDBACK' is disabled.
2025-11-12 17:01:03 0 [Note] Server socket created on IP: '::'.
2025-11-12 17:01:03 0 [Note] InnoDB: Buffer pool(s) load completed at 251112 17:01:03
2025-11-12 17:01:03 0 [Note] Reading of all Master_info entries succeeded
2025-11-12 17:01:03 0 [Note] Added new Master_info '' to hash table
2025-11-12 17:01:03 0 [Note] C:\xampp\mysql\bin\mysqld.exe: ready for connections.
Version: '10.4.32-MariaDB'  socket: ''  port: 3306  mariadb.org binary distribution
2025-11-13 14:05:55 8 [Warning] Aborted connection 8 to db: 'prologdb' user: 'prologDBadmin' host: 'vidupiyasa.bbrouter' (Got an error reading communication packets)
2025-11-13 14:05:55 9 [Warning] Aborted connection 9 to db: 'prologdb' user: 'prologDBadmin' host: 'vidupiyasa.bbrouter' (Got an error reading communication packets)
2025-11-15  7:19:42 0 [Note] Starting MariaDB 10.4.32-MariaDB source revision c4143f909528e3fab0677a28631d10389354c491 as process 2696
2025-11-15  7:19:42 0 [Note] InnoDB: Mutexes and rw_locks use Windows interlocked functions
2025-11-15  7:19:42 0 [Note] InnoDB: Uses event mutexes
2025-11-15  7:19:42 0 [Note] InnoDB: Compressed tables use zlib 1.3
2025-11-15  7:19:42 0 [Note] InnoDB: Number of pools: 1
2025-11-15  7:19:42 0 [Note] InnoDB: Using SSE2 crc32 instructions
2025-11-15  7:19:42 0 [Note] InnoDB: Initializing buffer pool, total size = 16M, instances = 1, chunk size = 16M
2025-11-15  7:19:42 0 [Note] InnoDB: Completed initialization of buffer pool
2025-11-15  7:19:42 0 [Note] InnoDB: Starting crash recovery from checkpoint LSN=3504382
2025-11-15  7:19:43 0 [Note] InnoDB: 128 out of 128 rollback segments are active.
2025-11-15  7:19:43 0 [Note] InnoDB: Removed temporary tablespace data file: "ibtmp1"
2025-11-15  7:19:43 0 [Note] InnoDB: Creating shared tablespace for temporary tables
2025-11-15  7:19:43 0 [Note] InnoDB: Setting file 'C:\xampp\mysql\data\ibtmp1' size to 12 MB. Physically writing the file full; Please wait ...
2025-11-15  7:19:43 0 [Note] InnoDB: File 'C:\xampp\mysql\data\ibtmp1' size is now 12 MB.
2025-11-15  7:19:43 0 [Note] InnoDB: Waiting for purge to start
2025-11-15  7:19:43 0 [Note] InnoDB: 10.4.32 started; log sequence number 3504391; transaction id 6363
2025-11-15  7:19:43 0 [Note] InnoDB: Loading buffer pool(s) from C:\xampp\mysql\data\ib_buffer_pool
2025-11-15  7:19:43 0 [Note] InnoDB: Buffer pool(s) load completed at 251115  7:19:43
2025-11-15  7:19:43 0 [Note] Plugin 'FEEDBACK' is disabled.
2025-11-15  7:19:43 0 [Note] Server socket created on IP: '::'.
2025-11-15  7:19:44 0 [Note] Reading of all Master_info entries succeeded
2025-11-15  7:19:44 0 [Note] Added new Master_info '' to hash table
2025-11-15  7:19:44 0 [Note] C:\xampp\mysql\bin\mysqld.exe: ready for connections.
Version: '10.4.32-MariaDB'  socket: ''  port: 3306  mariadb.org binary distribution
2025-11-15 12:42:27 15 [Warning] Aborted connection 15 to db: 'prologdb' user: 'prologDBadmin' host: 'DESKTOP-TF6ACUU.bbrouter' (Got an error reading communication packets)
2025-11-15 12:59:57 19 [Warning] Aborted connection 19 to db: 'prologdb' user: 'prologDBadmin' host: 'DESKTOP-TF6ACUU.bbrouter' (Got an error reading communication packets)
2025-11-15 12:59:57 21 [Warning] Aborted connection 21 to db: 'prologdb' user: 'prologDBadmin' host: 'DESKTOP-TF6ACUU.bbrouter' (Got an error reading communication packets)
2025-11-15 12:59:57 20 [Warning] Aborted connection 20 to db: 'prologdb' user: 'prologDBadmin' host: 'DESKTOP-TF6ACUU.bbrouter' (Got an error reading communication packets)
2025-11-15 14:41:31 17 [Warning] Aborted connection 17 to db: 'prologdb' user: 'prologDBadmin' host: 'DESKTOP-TF6ACUU.bbrouter' (Got an error reading communication packets)
2025-11-15 14:42:37 18 [Warning] Aborted connection 18 to db: 'prologdb' user: 'prologDBadmin' host: 'DESKTOP-TF6ACUU.bbrouter' (Got an error reading communication packets)
2025-11-15 14:46:11 16 [Warning] Aborted connection 16 to db: 'prologdb' user: 'prologDBadmin' host: 'DESKTOP-TF6ACUU.bbrouter' (Got an error reading communication packets)
2025-11-16 14:05:44 30 [Warning] Aborted connection 30 to db: 'prologdb' user: 'prologDBadmin' host: 'vidupiyasa.bbrouter' (Got an error reading communication packets)
2025-11-16 14:05:44 31 [Warning] Aborted connection 31 to db: 'prologdb' user: 'prologDBadmin' host: 'vidupiyasa.bbrouter' (Got an error reading communication packets)
2025-11-16 15:15:23 34 [Warning] Aborted connection 34 to db: 'prologdb' user: 'prologDBadmin' host: 'vidupiyasa.bbrouter' (Got an error reading communication packets)
2025-11-16 15:15:23 35 [Warning] Aborted connection 35 to db: 'prologdb' user: 'prologDBadmin' host: 'vidupiyasa.bbrouter' (Got an error reading communication packets)
2025-11-17 11:35:44 0 [Note] Starting MariaDB 10.4.32-MariaDB source revision c4143f909528e3fab0677a28631d10389354c491 as process 3016
2025-11-17 11:35:44 0 [Note] InnoDB: Mutexes and rw_locks use Windows interlocked functions
2025-11-17 11:35:44 0 [Note] InnoDB: Uses event mutexes
2025-11-17 11:35:44 0 [Note] InnoDB: Compressed tables use zlib 1.3
2025-11-17 11:35:44 0 [Note] InnoDB: Number of pools: 1
2025-11-17 11:35:44 0 [Note] InnoDB: Using SSE2 crc32 instructions
2025-11-17 11:35:44 0 [Note] InnoDB: Initializing buffer pool, total size = 16M, instances = 1, chunk size = 16M
2025-11-17 11:35:44 0 [Note] InnoDB: Completed initialization of buffer pool
2025-11-17 11:35:44 0 [Note] InnoDB: Starting crash recovery from checkpoint LSN=3592879
2025-11-17 11:35:45 0 [Note] InnoDB: 128 out of 128 rollback segments are active.
2025-11-17 11:35:45 0 [Note] InnoDB: Removed temporary tablespace data file: "ibtmp1"
2025-11-17 11:35:45 0 [Note] InnoDB: Creating shared tablespace for temporary tables
2025-11-17 11:35:45 0 [Note] InnoDB: Setting file 'C:\xampp\mysql\data\ibtmp1' size to 12 MB. Physically writing the file full; Please wait ...
2025-11-17 11:35:45 0 [Note] InnoDB: File 'C:\xampp\mysql\data\ibtmp1' size is now 12 MB.
2025-11-17 11:35:45 0 [Note] InnoDB: Waiting for purge to start
2025-11-17 11:35:45 0 [Note] InnoDB: 10.4.32 started; log sequence number 3592888; transaction id 6639
2025-11-17 11:35:45 0 [Note] InnoDB: Loading buffer pool(s) from C:\xampp\mysql\data\ib_buffer_pool
2025-11-17 11:35:45 0 [Note] Plugin 'FEEDBACK' is disabled.
2025-11-17 11:35:45 0 [Note] Server socket created on IP: '::'.
2025-11-17 11:35:45 0 [Note] InnoDB: Buffer pool(s) load completed at 251117 11:35:45
2025-11-17 11:35:45 0 [Note] Reading of all Master_info entries succeeded
2025-11-17 11:35:45 0 [Note] Added new Master_info '' to hash table
2025-11-17 11:35:45 0 [Note] C:\xampp\mysql\bin\mysqld.exe: ready for connections.
Version: '10.4.32-MariaDB'  socket: ''  port: 3306  mariadb.org binary distribution
2025-11-17 12:44:51 0 [Note] Starting MariaDB 10.4.32-MariaDB source revision c4143f909528e3fab0677a28631d10389354c491 as process 3044
2025-11-17 12:44:51 0 [Note] InnoDB: Mutexes and rw_locks use Windows interlocked functions
2025-11-17 12:44:51 0 [Note] InnoDB: Uses event mutexes
2025-11-17 12:44:51 0 [Note] InnoDB: Compressed tables use zlib 1.3
2025-11-17 12:44:51 0 [Note] InnoDB: Number of pools: 1
2025-11-17 12:44:51 0 [Note] InnoDB: Using SSE2 crc32 instructions
2025-11-17 12:44:51 0 [Note] InnoDB: Initializing buffer pool, total size = 16M, instances = 1, chunk size = 16M
2025-11-17 12:44:51 0 [Note] InnoDB: Completed initialization of buffer pool
2025-11-17 12:44:51 0 [Note] InnoDB: Starting crash recovery from checkpoint LSN=3592897
2025-11-17 12:44:51 0 [Note] InnoDB: 128 out of 128 rollback segments are active.
2025-11-17 12:44:51 0 [Note] InnoDB: Removed temporary tablespace data file: "ibtmp1"
2025-11-17 12:44:51 0 [Note] InnoDB: Creating shared tablespace for temporary tables
2025-11-17 12:44:51 0 [Note] InnoDB: Setting file 'C:\xampp\mysql\data\ibtmp1' size to 12 MB. Physically writing the file full; Please wait ...
2025-11-17 12:44:51 0 [Note] InnoDB: File 'C:\xampp\mysql\data\ibtmp1' size is now 12 MB.
2025-11-17 12:44:51 0 [Note] InnoDB: Waiting for purge to start
2025-11-17 12:44:52 0 [Note] InnoDB: 10.4.32 started; log sequence number 3592906; transaction id 6639
2025-11-17 12:44:52 0 [Note] InnoDB: Loading buffer pool(s) from C:\xampp\mysql\data\ib_buffer_pool
2025-11-17 12:44:52 0 [Note] Plugin 'FEEDBACK' is disabled.
2025-11-17 12:44:52 0 [Note] Server socket created on IP: '::'.
2025-11-17 12:44:52 0 [Note] InnoDB: Buffer pool(s) load completed at 251117 12:44:52
2025-11-17 12:44:52 0 [Note] Reading of all Master_info entries succeeded
2025-11-17 12:44:52 0 [Note] Added new Master_info '' to hash table
2025-11-17 12:44:52 0 [Note] C:\xampp\mysql\bin\mysqld.exe: ready for connections.
Version: '10.4.32-MariaDB'  socket: ''  port: 3306  mariadb.org binary distribution
2025-11-20 15:30:31 14 [Warning] Aborted connection 14 to db: 'prologdb' user: 'prologDBadmin' host: 'vidupiyasa.bbrouter' (Got an error reading communication packets)
2025-11-20 15:30:31 15 [Warning] Aborted connection 15 to db: 'prologdb' user: 'prologDBadmin' host: 'vidupiyasa.bbrouter' (Got an error reading communication packets)
2025-11-21  6:56:22 0 [Note] Starting MariaDB 10.4.32-MariaDB source revision c4143f909528e3fab0677a28631d10389354c491 as process 3144
2025-11-21  6:56:22 0 [Note] InnoDB: Mutexes and rw_locks use Windows interlocked functions
2025-11-21  6:56:22 0 [Note] InnoDB: Uses event mutexes
2025-11-21  6:56:22 0 [Note] InnoDB: Compressed tables use zlib 1.3
2025-11-21  6:56:22 0 [Note] InnoDB: Number of pools: 1
2025-11-21  6:56:22 0 [Note] InnoDB: Using SSE2 crc32 instructions
2025-11-21  6:56:22 0 [Note] InnoDB: Initializing buffer pool, total size = 16M, instances = 1, chunk size = 16M
2025-11-21  6:56:22 0 [Note] InnoDB: Completed initialization of buffer pool
2025-11-21  6:56:22 0 [Note] InnoDB: Starting crash recovery from checkpoint LSN=3679821
2025-11-21  6:56:22 0 [Note] InnoDB: 128 out of 128 rollback segments are active.
2025-11-21  6:56:22 0 [Note] InnoDB: Removed temporary tablespace data file: "ibtmp1"
2025-11-21  6:56:22 0 [Note] InnoDB: Creating shared tablespace for temporary tables
2025-11-21  6:56:22 0 [Note] InnoDB: Setting file 'C:\xampp\mysql\data\ibtmp1' size to 12 MB. Physically writing the file full; Please wait ...
2025-11-21  6:56:22 0 [Note] InnoDB: File 'C:\xampp\mysql\data\ibtmp1' size is now 12 MB.
2025-11-21  6:56:22 0 [Note] InnoDB: Waiting for purge to start
2025-11-21  6:56:23 0 [Note] InnoDB: 10.4.32 started; log sequence number 3679830; transaction id 6912
2025-11-21  6:56:23 0 [Note] InnoDB: Loading buffer pool(s) from C:\xampp\mysql\data\ib_buffer_pool
2025-11-21  6:56:23 0 [Note] Plugin 'FEEDBACK' is disabled.
2025-11-21  6:56:23 0 [Note] Server socket created on IP: '::'.
2025-11-21  6:56:23 0 [Note] InnoDB: Buffer pool(s) load completed at 251121  6:56:23
2025-11-21  6:56:23 0 [Note] Reading of all Master_info entries succeeded
2025-11-21  6:56:23 0 [Note] Added new Master_info '' to hash table
2025-11-21  6:56:23 0 [Note] C:\xampp\mysql\bin\mysqld.exe: ready for connections.
Version: '10.4.32-MariaDB'  socket: ''  port: 3306  mariadb.org binary distribution
2025-11-21  6:56:30 0 [Note] C:\xampp\mysql\bin\mysqld.exe (initiated by: unknown): Normal shutdown
2025-11-21  6:56:30 0 [Note] Event Scheduler: Purging the queue. 0 events
2025-11-21  6:56:30 0 [Note] InnoDB: FTS optimize thread exiting.
2025-11-21  6:56:30 0 [Note] InnoDB: Starting shutdown...
2025-11-21  6:56:30 0 [Note] InnoDB: Dumping buffer pool(s) to C:\xampp\mysql\data\ib_buffer_pool
2025-11-21  6:56:30 0 [Note] InnoDB: Instance 0, restricted to 250 pages due to innodb_buf_pool_dump_pct=25
2025-11-21  6:56:30 0 [Note] InnoDB: Buffer pool(s) dump completed at 251121  6:56:30
2025-11-21  6:56:31 0 [Note] InnoDB: Removed temporary tablespace data file: "ibtmp1"
2025-11-21  6:56:31 0 [Note] InnoDB: Shutdown completed; log sequence number 3679848; transaction id 6913
2025-11-21  6:56:31 0 [Note] C:\xampp\mysql\bin\mysqld.exe: Shutdown complete

2025-11-21  6:57:01 0 [Note] Starting MariaDB 10.4.32-MariaDB source revision c4143f909528e3fab0677a28631d10389354c491 as process 3100
2025-11-21  6:57:01 0 [Note] InnoDB: Mutexes and rw_locks use Windows interlocked functions
2025-11-21  6:57:01 0 [Note] InnoDB: Uses event mutexes
2025-11-21  6:57:01 0 [Note] InnoDB: Compressed tables use zlib 1.3
2025-11-21  6:57:01 0 [Note] InnoDB: Number of pools: 1
2025-11-21  6:57:01 0 [Note] InnoDB: Using SSE2 crc32 instructions
2025-11-21  6:57:01 0 [Note] InnoDB: Initializing buffer pool, total size = 16M, instances = 1, chunk size = 16M
2025-11-21  6:57:01 0 [Note] InnoDB: Completed initialization of buffer pool
2025-11-21  6:57:01 0 [Note] InnoDB: 128 out of 128 rollback segments are active.
2025-11-21  6:57:01 0 [Note] InnoDB: Creating shared tablespace for temporary tables
2025-11-21  6:57:01 0 [Note] InnoDB: Setting file 'C:\xampp\mysql\data\ibtmp1' size to 12 MB. Physically writing the file full; Please wait ...
2025-11-21  6:57:01 0 [Note] InnoDB: File 'C:\xampp\mysql\data\ibtmp1' size is now 12 MB.
2025-11-21  6:57:01 0 [Note] InnoDB: Waiting for purge to start
2025-11-21  6:57:02 0 [Note] InnoDB: 10.4.32 started; log sequence number 3679848; transaction id 6912
2025-11-21  6:57:02 0 [Note] InnoDB: Loading buffer pool(s) from C:\xampp\mysql\data\ib_buffer_pool
2025-11-21  6:57:02 0 [Note] Plugin 'FEEDBACK' is disabled.
2025-11-21  6:57:02 0 [Note] Server socket created on IP: '::'.
2025-11-21  6:57:02 0 [Note] InnoDB: Buffer pool(s) load completed at 251121  6:57:02
2025-11-21  6:57:02 0 [Note] Reading of all Master_info entries succeeded
2025-11-21  6:57:02 0 [Note] Added new Master_info '' to hash table
2025-11-21  6:57:02 0 [Note] C:\xampp\mysql\bin\mysqld.exe: ready for connections.
Version: '10.4.32-MariaDB'  socket: ''  port: 3306  mariadb.org binary distribution
2025-11-22  9:41:48 0 [Note] Starting MariaDB 10.4.32-MariaDB source revision c4143f909528e3fab0677a28631d10389354c491 as process 3032
2025-11-22  9:41:48 0 [Note] InnoDB: Mutexes and rw_locks use Windows interlocked functions
2025-11-22  9:41:48 0 [Note] InnoDB: Uses event mutexes
2025-11-22  9:41:48 0 [Note] InnoDB: Compressed tables use zlib 1.3
2025-11-22  9:41:48 0 [Note] InnoDB: Number of pools: 1
2025-11-22  9:41:48 0 [Note] InnoDB: Using SSE2 crc32 instructions
2025-11-22  9:41:48 0 [Note] InnoDB: Initializing buffer pool, total size = 16M, instances = 1, chunk size = 16M
2025-11-22  9:41:48 0 [Note] InnoDB: Completed initialization of buffer pool
2025-11-22  9:41:49 0 [Note] InnoDB: Starting crash recovery from checkpoint LSN=3679848
2025-11-22  9:41:49 0 [Note] InnoDB: 128 out of 128 rollback segments are active.
2025-11-22  9:41:49 0 [Note] InnoDB: Removed temporary tablespace data file: "ibtmp1"
2025-11-22  9:41:49 0 [Note] InnoDB: Creating shared tablespace for temporary tables
2025-11-22  9:41:49 0 [Note] InnoDB: Setting file 'C:\xampp\mysql\data\ibtmp1' size to 12 MB. Physically writing the file full; Please wait ...
2025-11-22  9:41:49 0 [Note] InnoDB: File 'C:\xampp\mysql\data\ibtmp1' size is now 12 MB.
2025-11-22  9:41:49 0 [Note] InnoDB: Waiting for purge to start
2025-11-22  9:41:49 0 [Note] InnoDB: 10.4.32 started; log sequence number 3679857; transaction id 6912
2025-11-22  9:41:49 0 [Note] InnoDB: Loading buffer pool(s) from C:\xampp\mysql\data\ib_buffer_pool
2025-11-22  9:41:49 0 [Note] Plugin 'FEEDBACK' is disabled.
2025-11-22  9:41:49 0 [Note] Server socket created on IP: '::'.
2025-11-22  9:41:49 0 [Note] InnoDB: Buffer pool(s) load completed at 251122  9:41:49
2025-11-22  9:41:50 0 [Note] Reading of all Master_info entries succeeded
2025-11-22  9:41:50 0 [Note] Added new Master_info '' to hash table
2025-11-22  9:41:50 0 [Note] C:\xampp\mysql\bin\mysqld.exe: ready for connections.
Version: '10.4.32-MariaDB'  socket: ''  port: 3306  mariadb.org binary distribution
2025-11-23 12:52:12 0 [Note] Starting MariaDB 10.4.32-MariaDB source revision c4143f909528e3fab0677a28631d10389354c491 as process 576
2025-11-23 12:52:12 0 [Note] InnoDB: Mutexes and rw_locks use Windows interlocked functions
2025-11-23 12:52:12 0 [Note] InnoDB: Uses event mutexes
2025-11-23 12:52:12 0 [Note] InnoDB: Compressed tables use zlib 1.3
2025-11-23 12:52:12 0 [Note] InnoDB: Number of pools: 1
2025-11-23 12:52:12 0 [Note] InnoDB: Using SSE2 crc32 instructions
2025-11-23 12:52:12 0 [Note] InnoDB: Initializing buffer pool, total size = 16M, instances = 1, chunk size = 16M
2025-11-23 12:52:12 0 [Note] InnoDB: Completed initialization of buffer pool
2025-11-23 12:52:12 0 [Note] InnoDB: Starting crash recovery from checkpoint LSN=3679866
2025-11-23 12:52:13 0 [Note] InnoDB: 128 out of 128 rollback segments are active.
2025-11-23 12:52:13 0 [Note] InnoDB: Removed temporary tablespace data file: "ibtmp1"
2025-11-23 12:52:13 0 [Note] InnoDB: Creating shared tablespace for temporary tables
2025-11-23 12:52:13 0 [Note] InnoDB: Setting file 'C:\xampp\mysql\data\ibtmp1' size to 12 MB. Physically writing the file full; Please wait ...
2025-11-23 12:52:13 0 [Note] InnoDB: File 'C:\xampp\mysql\data\ibtmp1' size is now 12 MB.
2025-11-23 12:52:13 0 [Note] InnoDB: Waiting for purge to start
2025-11-23 12:52:13 0 [Note] InnoDB: 10.4.32 started; log sequence number 3679875; transaction id 6912
2025-11-23 12:52:13 0 [Note] InnoDB: Loading buffer pool(s) from C:\xampp\mysql\data\ib_buffer_pool
2025-11-23 12:52:13 0 [Note] Plugin 'FEEDBACK' is disabled.
2025-11-23 12:52:13 0 [Note] Server socket created on IP: '::'.
2025-11-23 12:52:13 0 [Note] InnoDB: Buffer pool(s) load completed at 251123 12:52:13
2025-11-23 12:52:13 0 [Note] Reading of all Master_info entries succeeded
2025-11-23 12:52:13 0 [Note] Added new Master_info '' to hash table
2025-11-23 12:52:13 0 [Note] C:\xampp\mysql\bin\mysqld.exe: ready for connections.
Version: '10.4.32-MariaDB'  socket: ''  port: 3306  mariadb.org binary distribution
2025-11-23 14:43:37 14 [Warning] Aborted connection 14 to db: 'prologdb' user: 'prologDBadmin' host: 'vidupiyasa.bbrouter' (Got an error reading communication packets)
2025-11-23 14:43:37 15 [Warning] Aborted connection 15 to db: 'prologdb' user: 'prologDBadmin' host: 'vidupiyasa.bbrouter' (Got an error reading communication packets)
2025-11-23 15:12:24 16 [Warning] Aborted connection 16 to db: 'prologdb' user: 'prologDBadmin' host: 'vidupiyasa.bbrouter' (Got an error reading communication packets)
2025-11-23 15:12:24 17 [Warning] Aborted connection 17 to db: 'prologdb' user: 'prologDBadmin' host: 'vidupiyasa.bbrouter' (Got an error reading communication packets)
2025-11-26  9:35:11 0 [Note] Starting MariaDB 10.4.32-MariaDB source revision c4143f909528e3fab0677a28631d10389354c491 as process 1740
2025-11-26  9:35:11 0 [Note] InnoDB: Mutexes and rw_locks use Windows interlocked functions
2025-11-26  9:35:11 0 [Note] InnoDB: Uses event mutexes
2025-11-26  9:35:11 0 [Note] InnoDB: Compressed tables use zlib 1.3
2025-11-26  9:35:11 0 [Note] InnoDB: Number of pools: 1
2025-11-26  9:35:11 0 [Note] InnoDB: Using SSE2 crc32 instructions
2025-11-26  9:35:11 0 [Note] InnoDB: Initializing buffer pool, total size = 16M, instances = 1, chunk size = 16M
2025-11-26  9:35:11 0 [Note] InnoDB: Completed initialization of buffer pool
2025-11-26  9:35:11 0 [Note] InnoDB: Starting crash recovery from checkpoint LSN=3696533
2025-11-26  9:35:12 0 [Note] InnoDB: 128 out of 128 rollback segments are active.
2025-11-26  9:35:12 0 [Note] InnoDB: Removed temporary tablespace data file: "ibtmp1"
2025-11-26  9:35:12 0 [Note] InnoDB: Creating shared tablespace for temporary tables
2025-11-26  9:35:12 0 [Note] InnoDB: Setting file 'C:\xampp\mysql\data\ibtmp1' size to 12 MB. Physically writing the file full; Please wait ...
2025-11-26  9:35:12 0 [Note] InnoDB: File 'C:\xampp\mysql\data\ibtmp1' size is now 12 MB.
2025-11-26  9:35:12 0 [Note] InnoDB: Waiting for purge to start
2025-11-26  9:35:12 0 [Note] InnoDB: 10.4.32 started; log sequence number 3696542; transaction id 6989
2025-11-26  9:35:12 0 [Note] InnoDB: Loading buffer pool(s) from C:\xampp\mysql\data\ib_buffer_pool
2025-11-26  9:35:12 0 [Note] Plugin 'FEEDBACK' is disabled.
2025-11-26  9:35:12 0 [Note] Server socket created on IP: '::'.
2025-11-26  9:35:12 0 [Note] InnoDB: Buffer pool(s) load completed at 251126  9:35:12
2025-11-26  9:35:12 0 [Note] Reading of all Master_info entries succeeded
2025-11-26  9:35:12 0 [Note] Added new Master_info '' to hash table
2025-11-26  9:35:12 0 [Note] C:\xampp\mysql\bin\mysqld.exe: ready for connections.
Version: '10.4.32-MariaDB'  socket: ''  port: 3306  mariadb.org binary distribution
2025-11-27 16:41:21 16 [Warning] Aborted connection 16 to db: 'prologdb' user: 'prologDBadmin' host: 'vidupiyasa.bbrouter' (Got an error reading communication packets)
2025-11-27 16:41:21 17 [Warning] Aborted connection 17 to db: 'prologdb' user: 'prologDBadmin' host: 'vidupiyasa.bbrouter' (Got an error reading communication packets)
2025-11-30  8:28:35 0 [Note] Starting MariaDB 10.4.32-MariaDB source revision c4143f909528e3fab0677a28631d10389354c491 as process 3132
2025-11-30  8:28:35 0 [Note] InnoDB: Mutexes and rw_locks use Windows interlocked functions
2025-11-30  8:28:35 0 [Note] InnoDB: Uses event mutexes
2025-11-30  8:28:35 0 [Note] InnoDB: Compressed tables use zlib 1.3
2025-11-30  8:28:35 0 [Note] InnoDB: Number of pools: 1
2025-11-30  8:28:35 0 [Note] InnoDB: Using SSE2 crc32 instructions
2025-11-30  8:28:35 0 [Note] InnoDB: Initializing buffer pool, total size = 16M, instances = 1, chunk size = 16M
2025-11-30  8:28:35 0 [Note] InnoDB: Completed initialization of buffer pool
2025-11-30  8:28:35 0 [Note] InnoDB: Starting crash recovery from checkpoint LSN=3717284
2025-11-30  8:28:36 0 [Note] InnoDB: 128 out of 128 rollback segments are active.
2025-11-30  8:28:36 0 [Note] InnoDB: Removed temporary tablespace data file: "ibtmp1"
2025-11-30  8:28:36 0 [Note] InnoDB: Creating shared tablespace for temporary tables
2025-11-30  8:28:36 0 [Note] InnoDB: Setting file 'C:\xampp\mysql\data\ibtmp1' size to 12 MB. Physically writing the file full; Please wait ...
2025-11-30  8:28:36 0 [Note] InnoDB: File 'C:\xampp\mysql\data\ibtmp1' size is now 12 MB.
2025-11-30  8:28:36 0 [Note] InnoDB: Waiting for purge to start
2025-11-30  8:28:36 0 [Note] InnoDB: 10.4.32 started; log sequence number 3717293; transaction id 7117
2025-11-30  8:28:36 0 [Note] InnoDB: Loading buffer pool(s) from C:\xampp\mysql\data\ib_buffer_pool
2025-11-30  8:28:36 0 [Note] Plugin 'FEEDBACK' is disabled.
2025-11-30  8:28:36 0 [Note] Server socket created on IP: '::'.
2025-11-30  8:28:36 0 [Note] InnoDB: Buffer pool(s) load completed at 251130  8:28:36
2025-11-30  8:28:36 0 [Note] Reading of all Master_info entries succeeded
2025-11-30  8:28:36 0 [Note] Added new Master_info '' to hash table
2025-11-30  8:28:36 0 [Note] C:\xampp\mysql\bin\mysqld.exe: ready for connections.
Version: '10.4.32-MariaDB'  socket: ''  port: 3306  mariadb.org binary distribution
2025-12-01  7:48:16 0 [Note] Starting MariaDB 10.4.32-MariaDB source revision c4143f909528e3fab0677a28631d10389354c491 as process 2468
2025-12-01  7:48:16 0 [Note] InnoDB: Mutexes and rw_locks use Windows interlocked functions
2025-12-01  7:48:16 0 [Note] InnoDB: Uses event mutexes
2025-12-01  7:48:16 0 [Note] InnoDB: Compressed tables use zlib 1.3
2025-12-01  7:48:16 0 [Note] InnoDB: Number of pools: 1
2025-12-01  7:48:16 0 [Note] InnoDB: Using SSE2 crc32 instructions
2025-12-01  7:48:16 0 [Note] InnoDB: Initializing buffer pool, total size = 16M, instances = 1, chunk size = 16M
2025-12-01  7:48:16 0 [Note] InnoDB: Completed initialization of buffer pool
2025-12-01  7:48:16 0 [Note] InnoDB: Starting crash recovery from checkpoint LSN=3717302
2025-12-01  7:48:16 0 [Note] InnoDB: 128 out of 128 rollback segments are active.
2025-12-01  7:48:16 0 [Note] InnoDB: Removed temporary tablespace data file: "ibtmp1"
2025-12-01  7:48:16 0 [Note] InnoDB: Creating shared tablespace for temporary tables
2025-12-01  7:48:16 0 [Note] InnoDB: Setting file 'C:\xampp\mysql\data\ibtmp1' size to 12 MB. Physically writing the file full; Please wait ...
2025-12-01  7:48:16 0 [Note] InnoDB: File 'C:\xampp\mysql\data\ibtmp1' size is now 12 MB.
2025-12-01  7:48:16 0 [Note] InnoDB: Waiting for purge to start
2025-12-01  7:48:16 0 [Note] InnoDB: 10.4.32 started; log sequence number 3717311; transaction id 7117
2025-12-01  7:48:16 0 [Note] InnoDB: Loading buffer pool(s) from C:\xampp\mysql\data\ib_buffer_pool
2025-12-01  7:48:16 0 [Note] Plugin 'FEEDBACK' is disabled.
2025-12-01  7:48:16 0 [Note] Server socket created on IP: '::'.
2025-12-01  7:48:16 0 [Note] InnoDB: Buffer pool(s) load completed at 251201  7:48:16
2025-12-01  7:48:17 0 [Note] Reading of all Master_info entries succeeded
2025-12-01  7:48:17 0 [Note] Added new Master_info '' to hash table
2025-12-01  7:48:17 0 [Note] C:\xampp\mysql\bin\mysqld.exe: ready for connections.
Version: '10.4.32-MariaDB'  socket: ''  port: 3306  mariadb.org binary distribution
2025-12-01 12:02:45 11 [Warning] Aborted connection 11 to db: 'prologdb' user: 'prologDBadmin' host: 'DESKTOP-TF6ACUU.bbrouter' (Got an error reading communication packets)
2025-12-01 12:41:33 16 [Warning] Aborted connection 16 to db: 'prologdb' user: 'prologDBadmin' host: 'DESKTOP-TF6ACUU.bbrouter' (Got an error reading communication packets)
2025-12-01 13:12:55 20 [Warning] Aborted connection 20 to db: 'prologdb' user: 'prologDBadmin' host: 'DESKTOP-TF6ACUU.bbrouter' (Got an error reading communication packets)
2025-12-01 13:12:58 21 [Warning] Aborted connection 21 to db: 'prologdb' user: 'prologDBadmin' host: 'DESKTOP-TF6ACUU.bbrouter' (Got an error reading communication packets)
2025-12-01 13:25:33 9 [Warning] Aborted connection 9 to db: 'prologdb' user: 'prologDBadmin' host: 'DESKTOP-TF6ACUU.bbrouter' (Got an error reading communication packets)
2025-12-02  7:32:01 28 [Warning] Aborted connection 28 to db: 'prologdb' user: 'prologDBadmin' host: 'DESKTOP-TF6ACUU.bbrouter' (Got timeout reading communication packets)
2025-12-02  7:32:01 30 [Warning] Aborted connection 30 to db: 'prologdb' user: 'prologDBadmin' host: 'vidupiyasa.bbrouter' (Got timeout reading communication packets)
2025-12-02  7:32:01 27 [Warning] Aborted connection 27 to db: 'prologdb' user: 'prologDBadmin' host: 'DESKTOP-TF6ACUU.bbrouter' (Got timeout reading communication packets)
2025-12-02  7:32:01 15 [Warning] Aborted connection 15 to db: 'prologdb' user: 'prologDBadmin' host: 'DESKTOP-TF6ACUU.bbrouter' (Got timeout reading communication packets)
2025-12-02  7:32:01 14 [Warning] Aborted connection 14 to db: 'prologdb' user: 'prologDBadmin' host: 'DESKTOP-TF6ACUU.bbrouter' (Got timeout reading communication packets)
2025-12-02  7:32:01 8 [Warning] Aborted connection 8 to db: 'prologdb' user: 'prologDBadmin' host: 'DESKTOP-TF6ACUU.bbrouter' (Got timeout reading communication packets)
2025-12-02  7:32:01 29 [Warning] Aborted connection 29 to db: 'prologdb' user: 'prologDBadmin' host: 'vidupiyasa.bbrouter' (Got timeout reading communication packets)
2025-12-02  8:03:46 34 [Warning] Aborted connection 34 to db: 'prologdb' user: 'prologDBadmin' host: 'vidupiyasa.bbrouter' (Got an error reading communication packets)
2025-12-02  8:03:46 35 [Warning] Aborted connection 35 to db: 'prologdb' user: 'prologDBadmin' host: 'vidupiyasa.bbrouter' (Got an error reading communication packets)
2025-12-02  8:29:47 37 [Warning] Aborted connection 37 to db: 'prologdb' user: 'prologDBadmin' host: 'vidupiyasa.bbrouter' (Got an error reading communication packets)
2025-12-02  8:29:47 36 [Warning] Aborted connection 36 to db: 'prologdb' user: 'prologDBadmin' host: 'vidupiyasa.bbrouter' (Got an error reading communication packets)
2025-12-03 13:18:00 0 [Note] Starting MariaDB 10.4.32-MariaDB source revision c4143f909528e3fab0677a28631d10389354c491 as process 3084
2025-12-03 13:18:00 0 [Note] InnoDB: Mutexes and rw_locks use Windows interlocked functions
2025-12-03 13:18:00 0 [Note] InnoDB: Uses event mutexes
2025-12-03 13:18:00 0 [Note] InnoDB: Compressed tables use zlib 1.3
2025-12-03 13:18:00 0 [Note] InnoDB: Number of pools: 1
2025-12-03 13:18:00 0 [Note] InnoDB: Using SSE2 crc32 instructions
2025-12-03 13:18:01 0 [Note] InnoDB: Initializing buffer pool, total size = 16M, instances = 1, chunk size = 16M
2025-12-03 13:18:01 0 [Note] InnoDB: Completed initialization of buffer pool
2025-12-03 13:18:01 0 [Note] InnoDB: Starting crash recovery from checkpoint LSN=3719067
2025-12-03 13:18:01 0 [Note] InnoDB: 128 out of 128 rollback segments are active.
2025-12-03 13:18:01 0 [Note] InnoDB: Removed temporary tablespace data file: "ibtmp1"
2025-12-03 13:18:01 0 [Note] InnoDB: Creating shared tablespace for temporary tables
2025-12-03 13:18:01 0 [Note] InnoDB: Setting file 'C:\xampp\mysql\data\ibtmp1' size to 12 MB. Physically writing the file full; Please wait ...
2025-12-03 13:18:01 0 [Note] InnoDB: File 'C:\xampp\mysql\data\ibtmp1' size is now 12 MB.
2025-12-03 13:18:01 0 [Note] InnoDB: Waiting for purge to start
2025-12-03 13:18:01 0 [Note] InnoDB: 10.4.32 started; log sequence number 3719076; transaction id 7139
2025-12-03 13:18:01 0 [Note] InnoDB: Loading buffer pool(s) from C:\xampp\mysql\data\ib_buffer_pool
2025-12-03 13:18:01 0 [Note] Plugin 'FEEDBACK' is disabled.
2025-12-03 13:18:01 0 [Note] Server socket created on IP: '::'.
2025-12-03 13:18:01 0 [Note] Reading of all Master_info entries succeeded
2025-12-03 13:18:01 0 [Note] Added new Master_info '' to hash table
2025-12-03 13:18:01 0 [Note] C:\xampp\mysql\bin\mysqld.exe: ready for connections.
Version: '10.4.32-MariaDB'  socket: ''  port: 3306  mariadb.org binary distribution
2025-12-03 13:18:01 0 [Note] InnoDB: Buffer pool(s) load completed at 251203 13:18:01
2025-12-05 10:37:42 23 [Warning] Aborted connection 23 to db: 'prologdb' user: 'prologDBadmin' host: 'DESKTOP-TF6ACUU.bbrouter' (Got an error reading communication packets)
2025-12-05 10:50:54 29 [Warning] Aborted connection 29 to db: 'prologdb' user: 'prologDBadmin' host: 'DESKTOP-TF6ACUU.bbrouter' (Got an error reading communication packets)
2025-12-05 10:50:54 27 [Warning] Aborted connection 27 to db: 'prologdb' user: 'prologDBadmin' host: 'DESKTOP-TF6ACUU.bbrouter' (Got an error reading communication packets)
2025-12-05 10:50:54 28 [Warning] Aborted connection 28 to db: 'prologdb' user: 'prologDBadmin' host: 'DESKTOP-TF6ACUU.bbrouter' (Got an error reading communication packets)
2025-12-05 11:43:30 17 [Warning] Aborted connection 17 to db: 'prologdb' user: 'prologDBadmin' host: 'DESKTOP-TF6ACUU.bbrouter' (Got an error reading communication packets)
2025-12-05 11:45:30 18 [Warning] Aborted connection 18 to db: 'prologdb' user: 'prologDBadmin' host: 'DESKTOP-TF6ACUU.bbrouter' (Got an error reading communication packets)
2025-12-05 11:51:25 15 [Warning] Aborted connection 15 to db: 'prologdb' user: 'prologDBadmin' host: 'DESKTOP-TF6ACUU.bbrouter' (Got an error reading communication packets)
2025-12-05 16:23:06 53 [Warning] Aborted connection 53 to db: 'prologdb' user: 'prologDBadmin' host: 'vidupiyasa.bbrouter' (Got an error reading communication packets)
2025-12-05 16:23:06 52 [Warning] Aborted connection 52 to db: 'prologdb' user: 'prologDBadmin' host: 'vidupiyasa.bbrouter' (Got an error reading communication packets)
2025-12-06 12:01:58 54 [Warning] IP address '192.168.1.5' could not be resolved: No such host is known. 
2025-12-06 13:47:56 62 [Warning] Aborted connection 62 to db: 'prologdb' user: 'prologDBadmin' host: '192.168.1.5' (Got an error reading communication packets)
2025-12-06 14:30:27 70 [Warning] Aborted connection 70 to db: 'prologdb' user: 'prologDBadmin' host: '192.168.1.5' (Got an error reading communication packets)
2025-12-06 14:30:27 67 [Warning] Aborted connection 67 to db: 'prologdb' user: 'prologDBadmin' host: '192.168.1.5' (Got an error reading communication packets)
2025-12-06 15:16:56 61 [Warning] Aborted connection 61 to db: 'prologdb' user: 'prologDBadmin' host: '192.168.1.5' (Got an error reading communication packets)
2025-12-06 15:26:44 60 [Warning] Aborted connection 60 to db: 'prologdb' user: 'prologDBadmin' host: '192.168.1.5' (Got an error reading communication packets)
2025-12-07 13:37:56 75 [Warning] Aborted connection 75 to db: 'prologdb' user: 'prologDBadmin' host: 'DESKTOP-TF6ACUU.bbrouter' (Got an error reading communication packets)
2025-12-07 13:37:56 76 [Warning] Aborted connection 76 to db: 'prologdb' user: 'prologDBadmin' host: 'DESKTOP-TF6ACUU.bbrouter' (Got an error reading communication packets)
2025-12-07 16:52:53 78 [Warning] Aborted connection 78 to db: 'prologdb' user: 'prologDBadmin' host: '192.168.1.5' (Got an error reading communication packets)
2025-12-08  8:31:48 77 [Warning] Aborted connection 77 to db: 'prologdb' user: 'prologDBadmin' host: '192.168.1.5' (Got timeout reading communication packets)
2025-12-11  8:18:00 0 [Note] Starting MariaDB 10.4.32-MariaDB source revision c4143f909528e3fab0677a28631d10389354c491 as process 2720
2025-12-11  8:18:00 0 [Note] InnoDB: Mutexes and rw_locks use Windows interlocked functions
2025-12-11  8:18:00 0 [Note] InnoDB: Uses event mutexes
2025-12-11  8:18:00 0 [Note] InnoDB: Compressed tables use zlib 1.3
2025-12-11  8:18:00 0 [Note] InnoDB: Number of pools: 1
2025-12-11  8:18:00 0 [Note] InnoDB: Using SSE2 crc32 instructions
2025-12-11  8:18:00 0 [Note] InnoDB: Initializing buffer pool, total size = 16M, instances = 1, chunk size = 16M
2025-12-11  8:18:00 0 [Note] InnoDB: Completed initialization of buffer pool
2025-12-11  8:18:00 0 [Note] InnoDB: Starting crash recovery from checkpoint LSN=3943136
2025-12-11  8:18:01 0 [Note] InnoDB: 128 out of 128 rollback segments are active.
2025-12-11  8:18:01 0 [Note] InnoDB: Removed temporary tablespace data file: "ibtmp1"
2025-12-11  8:18:01 0 [Note] InnoDB: Creating shared tablespace for temporary tables
2025-12-11  8:18:01 0 [Note] InnoDB: Setting file 'C:\xampp\mysql\data\ibtmp1' size to 12 MB. Physically writing the file full; Please wait ...
2025-12-11  8:18:01 0 [Note] InnoDB: File 'C:\xampp\mysql\data\ibtmp1' size is now 12 MB.
2025-12-11  8:18:01 0 [Note] InnoDB: Waiting for purge to start
2025-12-11  8:18:01 0 [Note] InnoDB: 10.4.32 started; log sequence number 3943145; transaction id 7481
2025-12-11  8:18:01 0 [Note] InnoDB: Loading buffer pool(s) from C:\xampp\mysql\data\ib_buffer_pool
2025-12-11  8:18:01 0 [Note] Plugin 'FEEDBACK' is disabled.
2025-12-11  8:18:01 0 [Note] Server socket created on IP: '::'.
2025-12-11  8:18:01 0 [Note] InnoDB: Buffer pool(s) load completed at 251211  8:18:01
2025-12-11  8:18:02 0 [Note] Reading of all Master_info entries succeeded
2025-12-11  8:18:02 0 [Note] Added new Master_info '' to hash table
2025-12-11  8:18:02 0 [Note] C:\xampp\mysql\bin\mysqld.exe: ready for connections.
Version: '10.4.32-MariaDB'  socket: ''  port: 3306  mariadb.org binary distribution
2025-12-11 15:56:05 18 [Warning] Aborted connection 18 to db: 'prologdb' user: 'prologDBadmin' host: 'vidupiyasa.bbrouter' (Got an error reading communication packets)
2025-12-11 15:56:05 19 [Warning] Aborted connection 19 to db: 'prologdb' user: 'prologDBadmin' host: 'vidupiyasa.bbrouter' (Got an error reading communication packets)
2025-12-11 16:41:17 27 [Warning] Aborted connection 27 to db: 'prologdb' user: 'prologDBadmin' host: 'vidupiyasa.bbrouter' (Got an error reading communication packets)
2025-12-11 16:41:17 28 [Warning] Aborted connection 28 to db: 'prologdb' user: 'prologDBadmin' host: 'vidupiyasa.bbrouter' (Got an error reading communication packets)
2025-12-11 17:14:59 37 [Warning] Aborted connection 37 to db: 'prologdb' user: 'prologDBadmin' host: 'DESKTOP-TF6ACUU.bbrouter' (Got an error reading communication packets)
2025-12-11 17:14:59 36 [Warning] Aborted connection 36 to db: 'prologdb' user: 'prologDBadmin' host: 'DESKTOP-TF6ACUU.bbrouter' (Got an error reading communication packets)
2025-12-11 17:14:59 35 [Warning] Aborted connection 35 to db: 'prologdb' user: 'prologDBadmin' host: 'DESKTOP-TF6ACUU.bbrouter' (Got an error reading communication packets)
2025-12-13  7:05:51 0 [Note] Starting MariaDB 10.4.32-MariaDB source revision c4143f909528e3fab0677a28631d10389354c491 as process 1048
2025-12-13  7:05:51 0 [Note] InnoDB: Mutexes and rw_locks use Windows interlocked functions
2025-12-13  7:05:51 0 [Note] InnoDB: Uses event mutexes
2025-12-13  7:05:51 0 [Note] InnoDB: Compressed tables use zlib 1.3
2025-12-13  7:05:51 0 [Note] InnoDB: Number of pools: 1
2025-12-13  7:05:51 0 [Note] InnoDB: Using SSE2 crc32 instructions
2025-12-13  7:05:51 0 [Note] InnoDB: Initializing buffer pool, total size = 16M, instances = 1, chunk size = 16M
2025-12-13  7:05:51 0 [Note] InnoDB: Completed initialization of buffer pool
2025-12-13  7:05:51 0 [Note] InnoDB: Starting crash recovery from checkpoint LSN=4210619
2025-12-13  7:05:52 0 [Note] InnoDB: 128 out of 128 rollback segments are active.
2025-12-13  7:05:52 0 [Note] InnoDB: Removed temporary tablespace data file: "ibtmp1"
2025-12-13  7:05:52 0 [Note] InnoDB: Creating shared tablespace for temporary tables
2025-12-13  7:05:52 0 [Note] InnoDB: Setting file 'C:\xampp\mysql\data\ibtmp1' size to 12 MB. Physically writing the file full; Please wait ...
2025-12-13  7:05:52 0 [Note] InnoDB: File 'C:\xampp\mysql\data\ibtmp1' size is now 12 MB.
2025-12-13  7:05:52 0 [Note] InnoDB: Waiting for purge to start
2025-12-13  7:05:52 0 [Note] InnoDB: 10.4.32 started; log sequence number 4210628; transaction id 8046
2025-12-13  7:05:53 0 [Note] InnoDB: Loading buffer pool(s) from C:\xampp\mysql\data\ib_buffer_pool
2025-12-13  7:05:53 0 [Note] Plugin 'FEEDBACK' is disabled.
2025-12-13  7:05:53 0 [Note] Server socket created on IP: '::'.
2025-12-13  7:05:53 0 [Note] InnoDB: Buffer pool(s) load completed at 251213  7:05:53
2025-12-13  7:05:53 0 [Note] Reading of all Master_info entries succeeded
2025-12-13  7:05:53 0 [Note] Added new Master_info '' to hash table
2025-12-13  7:05:53 0 [Note] C:\xampp\mysql\bin\mysqld.exe: ready for connections.
Version: '10.4.32-MariaDB'  socket: ''  port: 3306  mariadb.org binary distribution
2025-12-13  8:12:21 8 [Warning] Aborted connection 8 to db: 'prologdb' user: 'prologDBadmin' host: 'DESKTOP-TF6ACUU.bbrouter' (Got an error reading communication packets)
2025-12-13  8:12:21 9 [Warning] Aborted connection 9 to db: 'prologdb' user: 'prologDBadmin' host: 'DESKTOP-TF6ACUU.bbrouter' (Got an error reading communication packets)
2025-12-13  8:12:21 10 [Warning] Aborted connection 10 to db: 'prologdb' user: 'prologDBadmin' host: 'DESKTOP-TF6ACUU.bbrouter' (Got an error reading communication packets)
2025-12-13  8:49:32 16 [Warning] Aborted connection 16 to db: 'prologdb' user: 'prologDBadmin' host: 'DESKTOP-TF6ACUU.bbrouter' (Got an error reading communication packets)
2025-12-13  8:49:32 18 [Warning] Aborted connection 18 to db: 'prologdb' user: 'prologDBadmin' host: 'DESKTOP-TF6ACUU.bbrouter' (Got an error reading communication packets)
2025-12-13  8:49:32 19 [Warning] Aborted connection 19 to db: 'prologdb' user: 'prologDBadmin' host: 'DESKTOP-TF6ACUU.bbrouter' (Got an error reading communication packets)
2025-12-13  9:29:35 23 [Warning] Aborted connection 23 to db: 'prologdb' user: 'prologDBadmin' host: 'DESKTOP-TF6ACUU.bbrouter' (Got an error reading communication packets)
2025-12-13  9:29:59 25 [Warning] Aborted connection 25 to db: 'prologdb' user: 'prologDBadmin' host: 'DESKTOP-TF6ACUU.bbrouter' (Got an error reading communication packets)
2025-12-13  9:33:08 28 [Warning] Aborted connection 28 to db: 'prologdb' user: 'prologDBadmin' host: 'DESKTOP-TF6ACUU.bbrouter' (Got an error reading communication packets)
2025-12-13  9:33:08 26 [Warning] Aborted connection 26 to db: 'prologdb' user: 'prologDBadmin' host: 'DESKTOP-TF6ACUU.bbrouter' (Got an error reading communication packets)
2025-12-13  9:33:08 27 [Warning] Aborted connection 27 to db: 'prologdb' user: 'prologDBadmin' host: 'DESKTOP-TF6ACUU.bbrouter' (Got an error reading communication packets)
2025-12-13  9:35:04 24 [Warning] Aborted connection 24 to db: 'prologdb' user: 'prologDBadmin' host: 'DESKTOP-TF6ACUU.bbrouter' (Got an error reading communication packets)
2025-12-13  9:38:31 29 [Warning] Aborted connection 29 to db: 'prologdb' user: 'prologDBadmin' host: 'DESKTOP-TF6ACUU.bbrouter' (Got an error reading communication packets)
2025-12-13  9:38:47 30 [Warning] Aborted connection 30 to db: 'prologdb' user: 'prologDBadmin' host: 'DESKTOP-TF6ACUU.bbrouter' (Got an error reading communication packets)
2025-12-13  9:38:47 31 [Warning] Aborted connection 31 to db: 'prologdb' user: 'prologDBadmin' host: 'DESKTOP-TF6ACUU.bbrouter' (Got an error reading communication packets)
2025-12-13 10:40:54 38 [Warning] Aborted connection 38 to db: 'prologdb' user: 'prologDBadmin' host: 'DESKTOP-TF6ACUU.bbrouter' (Got an error reading communication packets)
2025-12-13 10:48:32 39 [Warning] Aborted connection 39 to db: 'prologdb' user: 'prologDBadmin' host: 'DESKTOP-TF6ACUU.bbrouter' (Got an error reading communication packets)
2025-12-13 10:48:46 40 [Warning] Aborted connection 40 to db: 'prologdb' user: 'prologDBadmin' host: 'DESKTOP-TF6ACUU.bbrouter' (Got an error reading communication packets)
2025-12-13 10:51:46 41 [Warning] Aborted connection 41 to db: 'prologdb' user: 'prologDBadmin' host: 'DESKTOP-TF6ACUU.bbrouter' (Got an error reading communication packets)
2025-12-13 10:51:48 43 [Warning] Aborted connection 43 to db: 'prologdb' user: 'prologDBadmin' host: 'DESKTOP-TF6ACUU.bbrouter' (Got an error reading communication packets)
2025-12-13 10:54:03 44 [Warning] Aborted connection 44 to db: 'prologdb' user: 'prologDBadmin' host: 'DESKTOP-TF6ACUU.bbrouter' (Got an error reading communication packets)
2025-12-13 10:55:28 45 [Warning] Aborted connection 45 to db: 'prologdb' user: 'prologDBadmin' host: 'DESKTOP-TF6ACUU.bbrouter' (Got an error reading communication packets)
2025-12-13 10:55:55 42 [Warning] Aborted connection 42 to db: 'prologdb' user: 'prologDBadmin' host: 'DESKTOP-TF6ACUU.bbrouter' (Got an error reading communication packets)
2025-12-13 10:59:09 47 [Warning] Aborted connection 47 to db: 'prologdb' user: 'prologDBadmin' host: 'DESKTOP-TF6ACUU.bbrouter' (Got an error reading communication packets)
2025-12-13 12:51:59 46 [Warning] Aborted connection 46 to db: 'prologdb' user: 'prologDBadmin' host: 'DESKTOP-TF6ACUU.bbrouter' (Got an error reading communication packets)
2025-12-13 12:52:12 59 [Warning] Aborted connection 59 to db: 'prologdb' user: 'prologDBadmin' host: 'DESKTOP-TF6ACUU.bbrouter' (Got an error reading communication packets)
2025-12-13 14:26:28 57 [Warning] Aborted connection 57 to db: 'prologdb' user: 'prologDBadmin' host: 'DESKTOP-TF6ACUU.bbrouter' (Got an error reading communication packets)
2025-12-13 14:28:28 58 [Warning] Aborted connection 58 to db: 'prologdb' user: 'prologDBadmin' host: 'DESKTOP-TF6ACUU.bbrouter' (Got an error reading communication packets)
2025-12-13 14:33:08 56 [Warning] Aborted connection 56 to db: 'prologdb' user: 'prologDBadmin' host: 'DESKTOP-TF6ACUU.bbrouter' (Got an error reading communication packets)
2025-12-13 14:47:28 62 [Warning] Aborted connection 62 to db: 'prologdb' user: 'prologDBadmin' host: 'DESKTOP-TF6ACUU.bbrouter' (Got an error reading communication packets)
2025-12-13 14:48:58 63 [Warning] Aborted connection 63 to db: 'prologdb' user: 'prologDBadmin' host: 'DESKTOP-TF6ACUU.bbrouter' (Got an error reading communication packets)
2025-12-13 14:53:47 65 [Warning] Aborted connection 65 to db: 'prologdb' user: 'prologDBadmin' host: 'DESKTOP-TF6ACUU.bbrouter' (Got an error reading communication packets)
2025-12-13 14:53:47 66 [Warning] Aborted connection 66 to db: 'prologdb' user: 'prologDBadmin' host: 'DESKTOP-TF6ACUU.bbrouter' (Got an error reading communication packets)
2025-12-13 14:56:15 64 [Warning] Aborted connection 64 to db: 'prologdb' user: 'prologDBadmin' host: 'DESKTOP-TF6ACUU.bbrouter' (Got an error reading communication packets)
2025-12-13 14:57:16 68 [Warning] Aborted connection 68 to db: 'prologdb' user: 'prologDBadmin' host: 'DESKTOP-TF6ACUU.bbrouter' (Got an error reading communication packets)
2025-12-13 14:57:16 69 [Warning] Aborted connection 69 to db: 'prologdb' user: 'prologDBadmin' host: 'DESKTOP-TF6ACUU.bbrouter' (Got an error reading communication packets)
2025-12-13 14:59:48 67 [Warning] Aborted connection 67 to db: 'prologdb' user: 'prologDBadmin' host: 'DESKTOP-TF6ACUU.bbrouter' (Got an error reading communication packets)
2025-12-13 15:57:03 0 [Note] Starting MariaDB 10.4.32-MariaDB source revision c4143f909528e3fab0677a28631d10389354c491 as process 3068
2025-12-13 15:57:03 0 [Note] InnoDB: Mutexes and rw_locks use Windows interlocked functions
2025-12-13 15:57:03 0 [Note] InnoDB: Uses event mutexes
2025-12-13 15:57:03 0 [Note] InnoDB: Compressed tables use zlib 1.3
2025-12-13 15:57:03 0 [Note] InnoDB: Number of pools: 1
2025-12-13 15:57:03 0 [Note] InnoDB: Using SSE2 crc32 instructions
2025-12-13 15:57:03 0 [Note] InnoDB: Initializing buffer pool, total size = 16M, instances = 1, chunk size = 16M
2025-12-13 15:57:04 0 [Note] InnoDB: Completed initialization of buffer pool
2025-12-13 15:57:04 0 [Note] InnoDB: Starting crash recovery from checkpoint LSN=4302567
2025-12-13 15:57:04 0 [Note] InnoDB: 128 out of 128 rollback segments are active.
2025-12-13 15:57:04 0 [Note] InnoDB: Removed temporary tablespace data file: "ibtmp1"
2025-12-13 15:57:04 0 [Note] InnoDB: Creating shared tablespace for temporary tables
2025-12-13 15:57:04 0 [Note] InnoDB: Setting file 'C:\xampp\mysql\data\ibtmp1' size to 12 MB. Physically writing the file full; Please wait ...
2025-12-13 15:57:04 0 [Note] InnoDB: File 'C:\xampp\mysql\data\ibtmp1' size is now 12 MB.
2025-12-13 15:57:04 0 [Note] InnoDB: Waiting for purge to start
2025-12-13 15:57:04 0 [Note] InnoDB: 10.4.32 started; log sequence number 4302576; transaction id 8296
2025-12-13 15:57:04 0 [Note] InnoDB: Loading buffer pool(s) from C:\xampp\mysql\data\ib_buffer_pool
2025-12-13 15:57:04 0 [Note] Plugin 'FEEDBACK' is disabled.
2025-12-13 15:57:04 0 [Note] Server socket created on IP: '::'.
2025-12-13 15:57:05 0 [Note] InnoDB: Buffer pool(s) load completed at 251213 15:57:05
2025-12-13 15:57:05 0 [Note] Reading of all Master_info entries succeeded
2025-12-13 15:57:05 0 [Note] Added new Master_info '' to hash table
2025-12-13 15:57:05 0 [Note] C:\xampp\mysql\bin\mysqld.exe: ready for connections.
Version: '10.4.32-MariaDB'  socket: ''  port: 3306  mariadb.org binary distribution
2025-12-14 13:27:51 12 [Warning] Aborted connection 12 to db: 'prologdb' user: 'prologDBadmin' host: 'vidupiyasa.bbrouter' (Got an error reading communication packets)
2025-12-14 13:27:51 13 [Warning] Aborted connection 13 to db: 'prologdb' user: 'prologDBadmin' host: 'vidupiyasa.bbrouter' (Got an error reading communication packets)
2025-12-14 14:30:34 14 [Warning] Aborted connection 14 to db: 'prologdb' user: 'prologDBadmin' host: 'vidupiyasa.bbrouter' (Got an error reading communication packets)
2025-12-14 14:30:34 15 [Warning] Aborted connection 15 to db: 'prologdb' user: 'prologDBadmin' host: 'vidupiyasa.bbrouter' (Got an error reading communication packets)
2025-12-14 17:23:36 26 [Warning] Aborted connection 26 to db: 'prologdb' user: 'prologDBadmin' host: 'vidupiyasa.bbrouter' (Got an error reading communication packets)
2025-12-14 17:23:36 25 [Warning] Aborted connection 25 to db: 'prologdb' user: 'prologDBadmin' host: 'vidupiyasa.bbrouter' (Got an error reading communication packets)
2025-12-15 15:14:30 0 [Note] Starting MariaDB 10.4.32-MariaDB source revision c4143f909528e3fab0677a28631d10389354c491 as process 2172
2025-12-15 15:14:30 0 [Note] InnoDB: Mutexes and rw_locks use Windows interlocked functions
2025-12-15 15:14:30 0 [Note] InnoDB: Uses event mutexes
2025-12-15 15:14:30 0 [Note] InnoDB: Compressed tables use zlib 1.3
2025-12-15 15:14:30 0 [Note] InnoDB: Number of pools: 1
2025-12-15 15:14:30 0 [Note] InnoDB: Using SSE2 crc32 instructions
2025-12-15 15:14:30 0 [Note] InnoDB: Initializing buffer pool, total size = 16M, instances = 1, chunk size = 16M
2025-12-15 15:14:31 0 [Note] InnoDB: Completed initialization of buffer pool
2025-12-15 15:14:31 0 [Note] InnoDB: Starting crash recovery from checkpoint LSN=4497941
2025-12-15 15:14:31 0 [Note] InnoDB: 128 out of 128 rollback segments are active.
2025-12-15 15:14:31 0 [Note] InnoDB: Removed temporary tablespace data file: "ibtmp1"
2025-12-15 15:14:31 0 [Note] InnoDB: Creating shared tablespace for temporary tables
2025-12-15 15:14:31 0 [Note] InnoDB: Setting file 'C:\xampp\mysql\data\ibtmp1' size to 12 MB. Physically writing the file full; Please wait ...
2025-12-15 15:14:31 0 [Note] InnoDB: File 'C:\xampp\mysql\data\ibtmp1' size is now 12 MB.
2025-12-15 15:14:31 0 [Note] InnoDB: Waiting for purge to start
2025-12-15 15:14:32 0 [Note] InnoDB: 10.4.32 started; log sequence number 4497950; transaction id 8739
2025-12-15 15:14:32 0 [Note] InnoDB: Loading buffer pool(s) from C:\xampp\mysql\data\ib_buffer_pool
2025-12-15 15:14:32 0 [Note] Plugin 'FEEDBACK' is disabled.
2025-12-15 15:14:32 0 [Note] Server socket created on IP: '::'.
2025-12-15 15:14:32 0 [Note] InnoDB: Buffer pool(s) load completed at 251215 15:14:32
2025-12-15 15:14:32 0 [Note] Reading of all Master_info entries succeeded
2025-12-15 15:14:32 0 [Note] Added new Master_info '' to hash table
2025-12-15 15:14:32 0 [Note] C:\xampp\mysql\bin\mysqld.exe: ready for connections.
Version: '10.4.32-MariaDB'  socket: ''  port: 3306  mariadb.org binary distribution
2025-12-15 15:21:16 0 [Note] Starting MariaDB 10.4.32-MariaDB source revision c4143f909528e3fab0677a28631d10389354c491 as process 2968
2025-12-15 15:21:16 0 [Note] InnoDB: Mutexes and rw_locks use Windows interlocked functions
2025-12-15 15:21:16 0 [Note] InnoDB: Uses event mutexes
2025-12-15 15:21:16 0 [Note] InnoDB: Compressed tables use zlib 1.3
2025-12-15 15:21:16 0 [Note] InnoDB: Number of pools: 1
2025-12-15 15:21:16 0 [Note] InnoDB: Using SSE2 crc32 instructions
2025-12-15 15:21:16 0 [Note] InnoDB: Initializing buffer pool, total size = 16M, instances = 1, chunk size = 16M
2025-12-15 15:21:16 0 [Note] InnoDB: Completed initialization of buffer pool
2025-12-15 15:21:16 0 [Note] InnoDB: Starting crash recovery from checkpoint LSN=4497959
2025-12-15 15:21:16 0 [Note] InnoDB: 128 out of 128 rollback segments are active.
2025-12-15 15:21:16 0 [Note] InnoDB: Removed temporary tablespace data file: "ibtmp1"
2025-12-15 15:21:16 0 [Note] InnoDB: Creating shared tablespace for temporary tables
2025-12-15 15:21:16 0 [Note] InnoDB: Setting file 'C:\xampp\mysql\data\ibtmp1' size to 12 MB. Physically writing the file full; Please wait ...
2025-12-15 15:21:16 0 [Note] InnoDB: File 'C:\xampp\mysql\data\ibtmp1' size is now 12 MB.
2025-12-15 15:21:16 0 [Note] InnoDB: Waiting for purge to start
2025-12-15 15:21:17 0 [Note] InnoDB: 10.4.32 started; log sequence number 4497968; transaction id 8739
2025-12-15 15:21:17 0 [Note] InnoDB: Loading buffer pool(s) from C:\xampp\mysql\data\ib_buffer_pool
2025-12-15 15:21:17 0 [Note] Plugin 'FEEDBACK' is disabled.
2025-12-15 15:21:17 0 [Note] Server socket created on IP: '::'.
2025-12-15 15:21:17 0 [Note] InnoDB: Buffer pool(s) load completed at 251215 15:21:17
2025-12-15 15:21:17 0 [Note] Reading of all Master_info entries succeeded
2025-12-15 15:21:17 0 [Note] Added new Master_info '' to hash table
2025-12-15 15:21:17 0 [Note] C:\xampp\mysql\bin\mysqld.exe: ready for connections.
Version: '10.4.32-MariaDB'  socket: ''  port: 3306  mariadb.org binary distribution
2025-12-15 15:40:44 0 [Note] Starting MariaDB 10.4.32-MariaDB source revision c4143f909528e3fab0677a28631d10389354c491 as process 576
2025-12-15 15:40:44 0 [Note] InnoDB: Mutexes and rw_locks use Windows interlocked functions
2025-12-15 15:40:44 0 [Note] InnoDB: Uses event mutexes
2025-12-15 15:40:44 0 [Note] InnoDB: Compressed tables use zlib 1.3
2025-12-15 15:40:44 0 [Note] InnoDB: Number of pools: 1
2025-12-15 15:40:44 0 [Note] InnoDB: Using SSE2 crc32 instructions
2025-12-15 15:40:44 0 [Note] InnoDB: Initializing buffer pool, total size = 16M, instances = 1, chunk size = 16M
2025-12-15 15:40:44 0 [Note] InnoDB: Completed initialization of buffer pool
2025-12-15 15:40:44 0 [Note] InnoDB: Starting crash recovery from checkpoint LSN=4497977
2025-12-15 15:40:45 0 [Note] InnoDB: 128 out of 128 rollback segments are active.
2025-12-15 15:40:45 0 [Note] InnoDB: Removed temporary tablespace data file: "ibtmp1"
2025-12-15 15:40:45 0 [Note] InnoDB: Creating shared tablespace for temporary tables
2025-12-15 15:40:45 0 [Note] InnoDB: Setting file 'C:\xampp\mysql\data\ibtmp1' size to 12 MB. Physically writing the file full; Please wait ...
2025-12-15 15:40:45 0 [Note] InnoDB: File 'C:\xampp\mysql\data\ibtmp1' size is now 12 MB.
2025-12-15 15:40:45 0 [Note] InnoDB: Waiting for purge to start
2025-12-15 15:40:45 0 [Note] InnoDB: 10.4.32 started; log sequence number 4497986; transaction id 8739
2025-12-15 15:40:45 0 [Note] InnoDB: Loading buffer pool(s) from C:\xampp\mysql\data\ib_buffer_pool
2025-12-15 15:40:45 0 [Note] Plugin 'FEEDBACK' is disabled.
2025-12-15 15:40:45 0 [Note] Server socket created on IP: '::'.
2025-12-15 15:40:45 0 [Note] InnoDB: Buffer pool(s) load completed at 251215 15:40:45
2025-12-15 15:40:45 0 [Note] Reading of all Master_info entries succeeded
2025-12-15 15:40:45 0 [Note] Added new Master_info '' to hash table
2025-12-15 15:40:45 0 [Note] C:\xampp\mysql\bin\mysqld.exe: ready for connections.
Version: '10.4.32-MariaDB'  socket: ''  port: 3306  mariadb.org binary distribution
2025-12-15 15:46:21 0 [Note] Starting MariaDB 10.4.32-MariaDB source revision c4143f909528e3fab0677a28631d10389354c491 as process 572
2025-12-15 15:46:21 0 [Note] InnoDB: Mutexes and rw_locks use Windows interlocked functions
2025-12-15 15:46:21 0 [Note] InnoDB: Uses event mutexes
2025-12-15 15:46:21 0 [Note] InnoDB: Compressed tables use zlib 1.3
2025-12-15 15:46:21 0 [Note] InnoDB: Number of pools: 1
2025-12-15 15:46:21 0 [Note] InnoDB: Using SSE2 crc32 instructions
2025-12-15 15:46:21 0 [Note] InnoDB: Initializing buffer pool, total size = 16M, instances = 1, chunk size = 16M
2025-12-15 15:46:21 0 [Note] InnoDB: Completed initialization of buffer pool
2025-12-15 15:46:21 0 [Note] InnoDB: Starting crash recovery from checkpoint LSN=4497995
2025-12-15 15:46:22 0 [Note] InnoDB: 128 out of 128 rollback segments are active.
2025-12-15 15:46:22 0 [Note] InnoDB: Removed temporary tablespace data file: "ibtmp1"
2025-12-15 15:46:22 0 [Note] InnoDB: Creating shared tablespace for temporary tables
2025-12-15 15:46:22 0 [Note] InnoDB: Setting file 'C:\xampp\mysql\data\ibtmp1' size to 12 MB. Physically writing the file full; Please wait ...
2025-12-15 15:46:22 0 [Note] InnoDB: File 'C:\xampp\mysql\data\ibtmp1' size is now 12 MB.
2025-12-15 15:46:22 0 [Note] InnoDB: Waiting for purge to start
2025-12-15 15:46:22 0 [Note] InnoDB: 10.4.32 started; log sequence number 4498004; transaction id 8739
2025-12-15 15:46:22 0 [Note] InnoDB: Loading buffer pool(s) from C:\xampp\mysql\data\ib_buffer_pool
2025-12-15 15:46:22 0 [Note] Plugin 'FEEDBACK' is disabled.
2025-12-15 15:46:22 0 [Note] Server socket created on IP: '::'.
2025-12-15 15:46:22 0 [Note] InnoDB: Buffer pool(s) load completed at 251215 15:46:22
2025-12-15 15:46:22 0 [Note] Reading of all Master_info entries succeeded
2025-12-15 15:46:22 0 [Note] Added new Master_info '' to hash table
2025-12-15 15:46:22 0 [Note] C:\xampp\mysql\bin\mysqld.exe: ready for connections.
Version: '10.4.32-MariaDB'  socket: ''  port: 3306  mariadb.org binary distribution
2025-12-15 16:58:42 0 [Note] Starting MariaDB 10.4.32-MariaDB source revision c4143f909528e3fab0677a28631d10389354c491 as process 3076
2025-12-15 16:58:42 0 [Note] InnoDB: Mutexes and rw_locks use Windows interlocked functions
2025-12-15 16:58:42 0 [Note] InnoDB: Uses event mutexes
2025-12-15 16:58:42 0 [Note] InnoDB: Compressed tables use zlib 1.3
2025-12-15 16:58:42 0 [Note] InnoDB: Number of pools: 1
2025-12-15 16:58:42 0 [Note] InnoDB: Using SSE2 crc32 instructions
2025-12-15 16:58:42 0 [Note] InnoDB: Initializing buffer pool, total size = 16M, instances = 1, chunk size = 16M
2025-12-15 16:58:42 0 [Note] InnoDB: Completed initialization of buffer pool
2025-12-15 16:58:42 0 [Note] InnoDB: Starting crash recovery from checkpoint LSN=4498013
2025-12-15 16:58:42 0 [Note] InnoDB: 128 out of 128 rollback segments are active.
2025-12-15 16:58:42 0 [Note] InnoDB: Removed temporary tablespace data file: "ibtmp1"
2025-12-15 16:58:42 0 [Note] InnoDB: Creating shared tablespace for temporary tables
2025-12-15 16:58:42 0 [Note] InnoDB: Setting file 'C:\xampp\mysql\data\ibtmp1' size to 12 MB. Physically writing the file full; Please wait ...
2025-12-15 16:58:42 0 [Note] InnoDB: File 'C:\xampp\mysql\data\ibtmp1' size is now 12 MB.
2025-12-15 16:58:42 0 [Note] InnoDB: Waiting for purge to start
2025-12-15 16:58:43 0 [Note] InnoDB: 10.4.32 started; log sequence number 4498022; transaction id 8739
2025-12-15 16:58:43 0 [Note] InnoDB: Loading buffer pool(s) from C:\xampp\mysql\data\ib_buffer_pool
2025-12-15 16:58:43 0 [Note] Plugin 'FEEDBACK' is disabled.
2025-12-15 16:58:43 0 [Note] Server socket created on IP: '::'.
2025-12-15 16:58:43 0 [Note] InnoDB: Buffer pool(s) load completed at 251215 16:58:43
2025-12-15 16:58:43 0 [Note] Reading of all Master_info entries succeeded
2025-12-15 16:58:43 0 [Note] Added new Master_info '' to hash table
2025-12-15 16:58:43 0 [Note] C:\xampp\mysql\bin\mysqld.exe: ready for connections.
Version: '10.4.32-MariaDB'  socket: ''  port: 3306  mariadb.org binary distribution
2025-12-16  9:05:20 0 [Note] Starting MariaDB 10.4.32-MariaDB source revision c4143f909528e3fab0677a28631d10389354c491 as process 2760
2025-12-16  9:05:20 0 [Note] InnoDB: Mutexes and rw_locks use Windows interlocked functions
2025-12-16  9:05:20 0 [Note] InnoDB: Uses event mutexes
2025-12-16  9:05:20 0 [Note] InnoDB: Compressed tables use zlib 1.3
2025-12-16  9:05:20 0 [Note] InnoDB: Number of pools: 1
2025-12-16  9:05:20 0 [Note] InnoDB: Using SSE2 crc32 instructions
2025-12-16  9:05:20 0 [Note] InnoDB: Initializing buffer pool, total size = 16M, instances = 1, chunk size = 16M
2025-12-16  9:05:20 0 [Note] InnoDB: Completed initialization of buffer pool
2025-12-16  9:05:20 0 [Note] InnoDB: Starting crash recovery from checkpoint LSN=4498031
2025-12-16  9:05:21 0 [Note] InnoDB: 128 out of 128 rollback segments are active.
2025-12-16  9:05:21 0 [Note] InnoDB: Removed temporary tablespace data file: "ibtmp1"
2025-12-16  9:05:21 0 [Note] InnoDB: Creating shared tablespace for temporary tables
2025-12-16  9:05:21 0 [Note] InnoDB: Setting file 'C:\xampp\mysql\data\ibtmp1' size to 12 MB. Physically writing the file full; Please wait ...
2025-12-16  9:05:21 0 [Note] InnoDB: File 'C:\xampp\mysql\data\ibtmp1' size is now 12 MB.
2025-12-16  9:05:21 0 [Note] InnoDB: Waiting for purge to start
2025-12-16  9:05:21 0 [Note] InnoDB: 10.4.32 started; log sequence number 4498040; transaction id 8739
2025-12-16  9:05:21 0 [Note] InnoDB: Loading buffer pool(s) from C:\xampp\mysql\data\ib_buffer_pool
2025-12-16  9:05:21 0 [Note] Plugin 'FEEDBACK' is disabled.
2025-12-16  9:05:21 0 [Note] Server socket created on IP: '::'.
2025-12-16  9:05:21 0 [Note] InnoDB: Buffer pool(s) load completed at 251216  9:05:21
2025-12-16  9:05:21 0 [Note] Reading of all Master_info entries succeeded
2025-12-16  9:05:21 0 [Note] Added new Master_info '' to hash table
2025-12-16  9:05:21 0 [Note] C:\xampp\mysql\bin\mysqld.exe: ready for connections.
Version: '10.4.32-MariaDB'  socket: ''  port: 3306  mariadb.org binary distribution
2025-12-16 13:57:35 0 [Note] Starting MariaDB 10.4.32-MariaDB source revision c4143f909528e3fab0677a28631d10389354c491 as process 3088
2025-12-16 13:57:36 0 [Note] InnoDB: Mutexes and rw_locks use Windows interlocked functions
2025-12-16 13:57:36 0 [Note] InnoDB: Uses event mutexes
2025-12-16 13:57:36 0 [Note] InnoDB: Compressed tables use zlib 1.3
2025-12-16 13:57:36 0 [Note] InnoDB: Number of pools: 1
2025-12-16 13:57:36 0 [Note] InnoDB: Using SSE2 crc32 instructions
2025-12-16 13:57:36 0 [Note] InnoDB: Initializing buffer pool, total size = 16M, instances = 1, chunk size = 16M
2025-12-16 13:57:36 0 [Note] InnoDB: Completed initialization of buffer pool
2025-12-16 13:57:36 0 [Note] InnoDB: Starting crash recovery from checkpoint LSN=4498049
2025-12-16 13:57:36 0 [Note] InnoDB: 128 out of 128 rollback segments are active.
2025-12-16 13:57:36 0 [Note] InnoDB: Removed temporary tablespace data file: "ibtmp1"
2025-12-16 13:57:36 0 [Note] InnoDB: Creating shared tablespace for temporary tables
2025-12-16 13:57:36 0 [Note] InnoDB: Setting file 'C:\xampp\mysql\data\ibtmp1' size to 12 MB. Physically writing the file full; Please wait ...
2025-12-16 13:57:36 0 [Note] InnoDB: File 'C:\xampp\mysql\data\ibtmp1' size is now 12 MB.
2025-12-16 13:57:36 0 [Note] InnoDB: Waiting for purge to start
2025-12-16 13:57:36 0 [Note] InnoDB: 10.4.32 started; log sequence number 4498058; transaction id 8739
2025-12-16 13:57:36 0 [Note] InnoDB: Loading buffer pool(s) from C:\xampp\mysql\data\ib_buffer_pool
2025-12-16 13:57:36 0 [Note] Plugin 'FEEDBACK' is disabled.
2025-12-16 13:57:36 0 [Note] Server socket created on IP: '::'.
2025-12-16 13:57:36 0 [Note] InnoDB: Buffer pool(s) load completed at 251216 13:57:36
2025-12-16 13:57:36 0 [Note] Reading of all Master_info entries succeeded
2025-12-16 13:57:36 0 [Note] Added new Master_info '' to hash table
2025-12-16 13:57:36 0 [Note] C:\xampp\mysql\bin\mysqld.exe: ready for connections.
Version: '10.4.32-MariaDB'  socket: ''  port: 3306  mariadb.org binary distribution
2025-12-17  9:06:35 0 [Note] Starting MariaDB 10.4.32-MariaDB source revision c4143f909528e3fab0677a28631d10389354c491 as process 580
2025-12-17  9:06:35 0 [Note] InnoDB: Mutexes and rw_locks use Windows interlocked functions
2025-12-17  9:06:35 0 [Note] InnoDB: Uses event mutexes
2025-12-17  9:06:35 0 [Note] InnoDB: Compressed tables use zlib 1.3
2025-12-17  9:06:35 0 [Note] InnoDB: Number of pools: 1
2025-12-17  9:06:35 0 [Note] InnoDB: Using SSE2 crc32 instructions
2025-12-17  9:06:35 0 [Note] InnoDB: Initializing buffer pool, total size = 16M, instances = 1, chunk size = 16M
2025-12-17  9:06:35 0 [Note] InnoDB: Completed initialization of buffer pool
2025-12-17  9:06:35 0 [Note] InnoDB: Starting crash recovery from checkpoint LSN=4498067
2025-12-17  9:06:36 0 [Note] InnoDB: 128 out of 128 rollback segments are active.
2025-12-17  9:06:36 0 [Note] InnoDB: Removed temporary tablespace data file: "ibtmp1"
2025-12-17  9:06:36 0 [Note] InnoDB: Creating shared tablespace for temporary tables
2025-12-17  9:06:36 0 [Note] InnoDB: Setting file 'C:\xampp\mysql\data\ibtmp1' size to 12 MB. Physically writing the file full; Please wait ...
2025-12-17  9:06:36 0 [Note] InnoDB: File 'C:\xampp\mysql\data\ibtmp1' size is now 12 MB.
2025-12-17  9:06:36 0 [Note] InnoDB: Waiting for purge to start
2025-12-17  9:06:36 0 [Note] InnoDB: 10.4.32 started; log sequence number 4498076; transaction id 8739
2025-12-17  9:06:36 0 [Note] InnoDB: Loading buffer pool(s) from C:\xampp\mysql\data\ib_buffer_pool
2025-12-17  9:06:36 0 [Note] Plugin 'FEEDBACK' is disabled.
2025-12-17  9:06:36 0 [Note] Server socket created on IP: '::'.
2025-12-17  9:06:36 0 [Note] InnoDB: Buffer pool(s) load completed at 251217  9:06:36
2025-12-17  9:06:36 0 [Note] Reading of all Master_info entries succeeded
2025-12-17  9:06:36 0 [Note] Added new Master_info '' to hash table
2025-12-17  9:06:36 0 [Note] C:\xampp\mysql\bin\mysqld.exe: ready for connections.
Version: '10.4.32-MariaDB'  socket: ''  port: 3306  mariadb.org binary distribution
2025-12-18 15:36:19 31 [Warning] Aborted connection 31 to db: 'prologdb' user: 'prologDBadmin' host: 'vidupiyasa.bbrouter' (Got an error reading communication packets)
2025-12-18 15:36:19 30 [Warning] Aborted connection 30 to db: 'prologdb' user: 'prologDBadmin' host: 'vidupiyasa.bbrouter' (Got an error reading communication packets)
2025-12-20 13:15:53 36 [Warning] Aborted connection 36 to db: 'prologdb' user: 'prologDBadmin' host: 'vidupiyasa.bbrouter' (Got an error reading communication packets)
2025-12-20 13:15:53 37 [Warning] Aborted connection 37 to db: 'prologdb' user: 'prologDBadmin' host: 'vidupiyasa.bbrouter' (Got an error reading communication packets)
2025-12-20 13:18:07 0 [Note] Starting MariaDB 10.4.32-MariaDB source revision c4143f909528e3fab0677a28631d10389354c491 as process 2928
2025-12-20 13:18:07 0 [Note] InnoDB: Mutexes and rw_locks use Windows interlocked functions
2025-12-20 13:18:07 0 [Note] InnoDB: Uses event mutexes
2025-12-20 13:18:07 0 [Note] InnoDB: Compressed tables use zlib 1.3
2025-12-20 13:18:07 0 [Note] InnoDB: Number of pools: 1
2025-12-20 13:18:07 0 [Note] InnoDB: Using SSE2 crc32 instructions
2025-12-20 13:18:07 0 [Note] InnoDB: Initializing buffer pool, total size = 16M, instances = 1, chunk size = 16M
2025-12-20 13:18:07 0 [Note] InnoDB: Completed initialization of buffer pool
2025-12-20 13:18:07 0 [Note] InnoDB: Starting crash recovery from checkpoint LSN=4867693
2025-12-20 13:18:08 0 [Note] InnoDB: 128 out of 128 rollback segments are active.
2025-12-20 13:18:08 0 [Note] InnoDB: Removed temporary tablespace data file: "ibtmp1"
2025-12-20 13:18:08 0 [Note] InnoDB: Creating shared tablespace for temporary tables
2025-12-20 13:18:08 0 [Note] InnoDB: Setting file 'C:\xampp\mysql\data\ibtmp1' size to 12 MB. Physically writing the file full; Please wait ...
2025-12-20 13:18:08 0 [Note] InnoDB: File 'C:\xampp\mysql\data\ibtmp1' size is now 12 MB.
2025-12-20 13:18:08 0 [Note] InnoDB: Waiting for purge to start
2025-12-20 13:18:08 0 [Note] InnoDB: 10.4.32 started; log sequence number 4867702; transaction id 9701
2025-12-20 13:18:08 0 [Note] InnoDB: Loading buffer pool(s) from C:\xampp\mysql\data\ib_buffer_pool
2025-12-20 13:18:08 0 [Note] Plugin 'FEEDBACK' is disabled.
2025-12-20 13:18:08 0 [Note] Server socket created on IP: '::'.
2025-12-20 13:18:08 0 [Note] InnoDB: Buffer pool(s) load completed at 251220 13:18:08
2025-12-20 13:18:08 0 [Note] Reading of all Master_info entries succeeded
2025-12-20 13:18:08 0 [Note] Added new Master_info '' to hash table
2025-12-20 13:18:08 0 [Note] C:\xampp\mysql\bin\mysqld.exe: ready for connections.
Version: '10.4.32-MariaDB'  socket: ''  port: 3306  mariadb.org binary distribution
2025-12-21 12:40:25 0 [Note] Starting MariaDB 10.4.32-MariaDB source revision c4143f909528e3fab0677a28631d10389354c491 as process 3120
2025-12-21 12:40:25 0 [Note] InnoDB: Mutexes and rw_locks use Windows interlocked functions
2025-12-21 12:40:25 0 [Note] InnoDB: Uses event mutexes
2025-12-21 12:40:25 0 [Note] InnoDB: Compressed tables use zlib 1.3
2025-12-21 12:40:25 0 [Note] InnoDB: Number of pools: 1
2025-12-21 12:40:25 0 [Note] InnoDB: Using SSE2 crc32 instructions
2025-12-21 12:40:25 0 [Note] InnoDB: Initializing buffer pool, total size = 16M, instances = 1, chunk size = 16M
2025-12-21 12:40:25 0 [Note] InnoDB: Completed initialization of buffer pool
2025-12-21 12:40:25 0 [Note] InnoDB: Starting crash recovery from checkpoint LSN=4867711
2025-12-21 12:40:25 0 [Note] InnoDB: 128 out of 128 rollback segments are active.
2025-12-21 12:40:26 0 [Note] InnoDB: Removed temporary tablespace data file: "ibtmp1"
2025-12-21 12:40:26 0 [Note] InnoDB: Creating shared tablespace for temporary tables
2025-12-21 12:40:26 0 [Note] InnoDB: Setting file 'C:\xampp\mysql\data\ibtmp1' size to 12 MB. Physically writing the file full; Please wait ...
2025-12-21 12:40:26 0 [Note] InnoDB: File 'C:\xampp\mysql\data\ibtmp1' size is now 12 MB.
2025-12-21 12:40:26 0 [Note] InnoDB: Waiting for purge to start
2025-12-21 12:40:26 0 [Note] InnoDB: 10.4.32 started; log sequence number 4867720; transaction id 9701
2025-12-21 12:40:26 0 [Note] InnoDB: Loading buffer pool(s) from C:\xampp\mysql\data\ib_buffer_pool
2025-12-21 12:40:26 0 [Note] Plugin 'FEEDBACK' is disabled.
2025-12-21 12:40:26 0 [Note] Server socket created on IP: '::'.
2025-12-21 12:40:26 0 [Note] InnoDB: Buffer pool(s) load completed at 251221 12:40:26
2025-12-21 12:40:26 0 [Note] Reading of all Master_info entries succeeded
2025-12-21 12:40:26 0 [Note] Added new Master_info '' to hash table
2025-12-21 12:40:26 0 [Note] C:\xampp\mysql\bin\mysqld.exe: ready for connections.
Version: '10.4.32-MariaDB'  socket: ''  port: 3306  mariadb.org binary distribution
2025-12-21 13:21:49 11 [Warning] Aborted connection 11 to db: 'prologdb' user: 'prologDBadmin' host: 'vidupiyasa.bbrouter' (Got an error reading communication packets)
2025-12-21 13:21:49 10 [Warning] Aborted connection 10 to db: 'prologdb' user: 'prologDBadmin' host: 'vidupiyasa.bbrouter' (Got an error reading communication packets)
2025-12-21 17:20:01 23 [Warning] Aborted connection 23 to db: 'prologdb' user: 'prologDBadmin' host: 'vidupiyasa.bbrouter' (Got an error reading communication packets)
2025-12-21 17:20:01 22 [Warning] Aborted connection 22 to db: 'prologdb' user: 'prologDBadmin' host: 'vidupiyasa.bbrouter' (Got an error reading communication packets)
2025-12-23  8:16:39 0 [Note] Starting MariaDB 10.4.32-MariaDB source revision c4143f909528e3fab0677a28631d10389354c491 as process 3080
2025-12-23  8:16:40 0 [Note] InnoDB: Mutexes and rw_locks use Windows interlocked functions
2025-12-23  8:16:40 0 [Note] InnoDB: Uses event mutexes
2025-12-23  8:16:40 0 [Note] InnoDB: Compressed tables use zlib 1.3
2025-12-23  8:16:40 0 [Note] InnoDB: Number of pools: 1
2025-12-23  8:16:40 0 [Note] InnoDB: Using SSE2 crc32 instructions
2025-12-23  8:16:40 0 [Note] InnoDB: Initializing buffer pool, total size = 16M, instances = 1, chunk size = 16M
2025-12-23  8:16:40 0 [Note] InnoDB: Completed initialization of buffer pool
2025-12-23  8:16:40 0 [Note] InnoDB: Starting crash recovery from checkpoint LSN=4897522
2025-12-23  8:16:40 0 [Note] InnoDB: 128 out of 128 rollback segments are active.
2025-12-23  8:16:40 0 [Note] InnoDB: Removed temporary tablespace data file: "ibtmp1"
2025-12-23  8:16:40 0 [Note] InnoDB: Creating shared tablespace for temporary tables
2025-12-23  8:16:40 0 [Note] InnoDB: Setting file 'C:\xampp\mysql\data\ibtmp1' size to 12 MB. Physically writing the file full; Please wait ...
2025-12-23  8:16:40 0 [Note] InnoDB: File 'C:\xampp\mysql\data\ibtmp1' size is now 12 MB.
2025-12-23  8:16:40 0 [Note] InnoDB: Waiting for purge to start
2025-12-23  8:16:40 0 [Note] InnoDB: 10.4.32 started; log sequence number 4897531; transaction id 9831
2025-12-23  8:16:40 0 [Note] InnoDB: Loading buffer pool(s) from C:\xampp\mysql\data\ib_buffer_pool
2025-12-23  8:16:40 0 [Note] Plugin 'FEEDBACK' is disabled.
2025-12-23  8:16:41 0 [Note] Server socket created on IP: '::'.
2025-12-23  8:16:41 0 [Note] InnoDB: Buffer pool(s) load completed at 251223  8:16:41
2025-12-23  8:16:41 0 [Note] Reading of all Master_info entries succeeded
2025-12-23  8:16:41 0 [Note] Added new Master_info '' to hash table
2025-12-23  8:16:41 0 [Note] C:\xampp\mysql\bin\mysqld.exe: ready for connections.
Version: '10.4.32-MariaDB'  socket: ''  port: 3306  mariadb.org binary distribution
2025-12-24  7:13:36 0 [Note] C:\xampp\mysql\bin\mysqld.exe (initiated by: unknown): Normal shutdown
2025-12-24  7:13:36 0 [Note] Event Scheduler: Purging the queue. 0 events
2025-12-24  7:13:36 0 [Note] InnoDB: FTS optimize thread exiting.
2025-12-24  7:13:37 0 [Note] InnoDB: Starting shutdown...
2025-12-24  7:13:37 0 [Note] InnoDB: Dumping buffer pool(s) to C:\xampp\mysql\data\ib_buffer_pool
2025-12-24  7:13:37 0 [Note] InnoDB: Instance 0, restricted to 250 pages due to innodb_buf_pool_dump_pct=25
2025-12-24  7:13:37 0 [Note] InnoDB: Buffer pool(s) dump completed at 251224  7:13:37
2025-12-24  7:13:38 0 [Note] InnoDB: Removed temporary tablespace data file: "ibtmp1"
2025-12-24  7:13:38 0 [Note] InnoDB: Shutdown completed; log sequence number 4897549; transaction id 9832
2025-12-24  7:13:38 0 [Note] C:\xampp\mysql\bin\mysqld.exe: Shutdown complete

2025-12-24  7:14:08 0 [Note] Starting MariaDB 10.4.32-MariaDB source revision c4143f909528e3fab0677a28631d10389354c491 as process 3204
2025-12-24  7:14:08 0 [Note] InnoDB: Mutexes and rw_locks use Windows interlocked functions
2025-12-24  7:14:08 0 [Note] InnoDB: Uses event mutexes
2025-12-24  7:14:08 0 [Note] InnoDB: Compressed tables use zlib 1.3
2025-12-24  7:14:08 0 [Note] InnoDB: Number of pools: 1
2025-12-24  7:14:08 0 [Note] InnoDB: Using SSE2 crc32 instructions
2025-12-24  7:14:08 0 [Note] InnoDB: Initializing buffer pool, total size = 16M, instances = 1, chunk size = 16M
2025-12-24  7:14:08 0 [Note] InnoDB: Completed initialization of buffer pool
2025-12-24  7:14:09 0 [Note] InnoDB: 128 out of 128 rollback segments are active.
2025-12-24  7:14:09 0 [Note] InnoDB: Creating shared tablespace for temporary tables
2025-12-24  7:14:09 0 [Note] InnoDB: Setting file 'C:\xampp\mysql\data\ibtmp1' size to 12 MB. Physically writing the file full; Please wait ...
2025-12-24  7:14:09 0 [Note] InnoDB: File 'C:\xampp\mysql\data\ibtmp1' size is now 12 MB.
2025-12-24  7:14:09 0 [Note] InnoDB: Waiting for purge to start
2025-12-24  7:14:09 0 [Note] InnoDB: 10.4.32 started; log sequence number 4897549; transaction id 9831
2025-12-24  7:14:09 0 [Note] InnoDB: Loading buffer pool(s) from C:\xampp\mysql\data\ib_buffer_pool
2025-12-24  7:14:09 0 [Note] Plugin 'FEEDBACK' is disabled.
2025-12-24  7:14:09 0 [Note] Server socket created on IP: '::'.
2025-12-24  7:14:09 0 [Note] InnoDB: Buffer pool(s) load completed at 251224  7:14:09
2025-12-24  7:14:09 0 [Note] Reading of all Master_info entries succeeded
2025-12-24  7:14:09 0 [Note] Added new Master_info '' to hash table
2025-12-24  7:14:09 0 [Note] C:\xampp\mysql\bin\mysqld.exe: ready for connections.
Version: '10.4.32-MariaDB'  socket: ''  port: 3306  mariadb.org binary distribution
2025-12-24  7:15:41 0 [Note] C:\xampp\mysql\bin\mysqld.exe (initiated by: unknown): Normal shutdown
2025-12-24  7:15:41 0 [Note] Event Scheduler: Purging the queue. 0 events
2025-12-24  7:15:41 0 [Note] InnoDB: FTS optimize thread exiting.
2025-12-24  7:15:41 0 [Note] InnoDB: Starting shutdown...
2025-12-24  7:15:41 0 [Note] InnoDB: Dumping buffer pool(s) to C:\xampp\mysql\data\ib_buffer_pool
2025-12-24  7:15:41 0 [Note] InnoDB: Instance 0, restricted to 250 pages due to innodb_buf_pool_dump_pct=25
2025-12-24  7:15:41 0 [Note] InnoDB: Buffer pool(s) dump completed at 251224  7:15:41
2025-12-24  7:15:42 0 [Note] InnoDB: Removed temporary tablespace data file: "ibtmp1"
2025-12-24  7:15:42 0 [Note] InnoDB: Shutdown completed; log sequence number 4897558; transaction id 9832
2025-12-24  7:15:42 0 [Note] C:\xampp\mysql\bin\mysqld.exe: Shutdown complete

2025-12-24  7:16:12 0 [Note] Starting MariaDB 10.4.32-MariaDB source revision c4143f909528e3fab0677a28631d10389354c491 as process 3104
2025-12-24  7:16:13 0 [Note] InnoDB: Mutexes and rw_locks use Windows interlocked functions
2025-12-24  7:16:13 0 [Note] InnoDB: Uses event mutexes
2025-12-24  7:16:13 0 [Note] InnoDB: Compressed tables use zlib 1.3
2025-12-24  7:16:13 0 [Note] InnoDB: Number of pools: 1
2025-12-24  7:16:13 0 [Note] InnoDB: Using SSE2 crc32 instructions
2025-12-24  7:16:13 0 [Note] InnoDB: Initializing buffer pool, total size = 16M, instances = 1, chunk size = 16M
2025-12-24  7:16:13 0 [Note] InnoDB: Completed initialization of buffer pool
2025-12-24  7:16:13 0 [Note] InnoDB: 128 out of 128 rollback segments are active.
2025-12-24  7:16:13 0 [Note] InnoDB: Creating shared tablespace for temporary tables
2025-12-24  7:16:13 0 [Note] InnoDB: Setting file 'C:\xampp\mysql\data\ibtmp1' size to 12 MB. Physically writing the file full; Please wait ...
2025-12-24  7:16:13 0 [Note] InnoDB: File 'C:\xampp\mysql\data\ibtmp1' size is now 12 MB.
2025-12-24  7:16:13 0 [Note] InnoDB: Waiting for purge to start
2025-12-24  7:16:13 0 [Note] InnoDB: 10.4.32 started; log sequence number 4897558; transaction id 9831
2025-12-24  7:16:13 0 [Note] InnoDB: Loading buffer pool(s) from C:\xampp\mysql\data\ib_buffer_pool
2025-12-24  7:16:13 0 [Note] InnoDB: Buffer pool(s) load completed at 251224  7:16:13
2025-12-24  7:16:13 0 [Note] Plugin 'FEEDBACK' is disabled.
2025-12-24  7:16:13 0 [Note] Server socket created on IP: '::'.
2025-12-24  7:16:13 0 [Note] Reading of all Master_info entries succeeded
2025-12-24  7:16:13 0 [Note] Added new Master_info '' to hash table
2025-12-24  7:16:13 0 [Note] C:\xampp\mysql\bin\mysqld.exe: ready for connections.
Version: '10.4.32-MariaDB'  socket: ''  port: 3306  mariadb.org binary distribution
2025-12-25 12:49:05 0 [Note] Starting MariaDB 10.4.32-MariaDB source revision c4143f909528e3fab0677a28631d10389354c491 as process 2384
2025-12-25 12:49:05 0 [Note] InnoDB: Mutexes and rw_locks use Windows interlocked functions
2025-12-25 12:49:05 0 [Note] InnoDB: Uses event mutexes
2025-12-25 12:49:05 0 [Note] InnoDB: Compressed tables use zlib 1.3
2025-12-25 12:49:05 0 [Note] InnoDB: Number of pools: 1
2025-12-25 12:49:05 0 [Note] InnoDB: Using SSE2 crc32 instructions
2025-12-25 12:49:05 0 [Note] InnoDB: Initializing buffer pool, total size = 16M, instances = 1, chunk size = 16M
2025-12-25 12:49:05 0 [Note] InnoDB: Completed initialization of buffer pool
2025-12-25 12:49:05 0 [Note] InnoDB: Starting crash recovery from checkpoint LSN=4897558
2025-12-25 12:49:06 0 [Note] InnoDB: 128 out of 128 rollback segments are active.
2025-12-25 12:49:06 0 [Note] InnoDB: Removed temporary tablespace data file: "ibtmp1"
2025-12-25 12:49:06 0 [Note] InnoDB: Creating shared tablespace for temporary tables
2025-12-25 12:49:06 0 [Note] InnoDB: Setting file 'C:\xampp\mysql\data\ibtmp1' size to 12 MB. Physically writing the file full; Please wait ...
2025-12-25 12:49:06 0 [Note] InnoDB: File 'C:\xampp\mysql\data\ibtmp1' size is now 12 MB.
2025-12-25 12:49:06 0 [Note] InnoDB: Waiting for purge to start
2025-12-25 12:49:06 0 [Note] InnoDB: 10.4.32 started; log sequence number 4897567; transaction id 9831
2025-12-25 12:49:06 0 [Note] InnoDB: Loading buffer pool(s) from C:\xampp\mysql\data\ib_buffer_pool
2025-12-25 12:49:06 0 [Note] Plugin 'FEEDBACK' is disabled.
2025-12-25 12:49:06 0 [Note] Server socket created on IP: '::'.
2025-12-25 12:49:06 0 [Note] InnoDB: Buffer pool(s) load completed at 251225 12:49:06
2025-12-25 12:49:06 0 [Note] Reading of all Master_info entries succeeded
2025-12-25 12:49:06 0 [Note] Added new Master_info '' to hash table
2025-12-25 12:49:06 0 [Note] C:\xampp\mysql\bin\mysqld.exe: ready for connections.
Version: '10.4.32-MariaDB'  socket: ''  port: 3306  mariadb.org binary distribution
2025-12-26  9:19:01 0 [Note] Starting MariaDB 10.4.32-MariaDB source revision c4143f909528e3fab0677a28631d10389354c491 as process 3052
2025-12-26  9:19:01 0 [Note] InnoDB: Mutexes and rw_locks use Windows interlocked functions
2025-12-26  9:19:01 0 [Note] InnoDB: Uses event mutexes
2025-12-26  9:19:01 0 [Note] InnoDB: Compressed tables use zlib 1.3
2025-12-26  9:19:01 0 [Note] InnoDB: Number of pools: 1
2025-12-26  9:19:01 0 [Note] InnoDB: Using SSE2 crc32 instructions
2025-12-26  9:19:02 0 [Note] InnoDB: Initializing buffer pool, total size = 16M, instances = 1, chunk size = 16M
2025-12-26  9:19:02 0 [Note] InnoDB: Completed initialization of buffer pool
2025-12-26  9:19:02 0 [Note] InnoDB: Starting crash recovery from checkpoint LSN=4897576
2025-12-26  9:19:02 0 [Note] InnoDB: 128 out of 128 rollback segments are active.
2025-12-26  9:19:02 0 [Note] InnoDB: Removed temporary tablespace data file: "ibtmp1"
2025-12-26  9:19:02 0 [Note] InnoDB: Creating shared tablespace for temporary tables
2025-12-26  9:19:02 0 [Note] InnoDB: Setting file 'C:\xampp\mysql\data\ibtmp1' size to 12 MB. Physically writing the file full; Please wait ...
2025-12-26  9:19:02 0 [Note] InnoDB: File 'C:\xampp\mysql\data\ibtmp1' size is now 12 MB.
2025-12-26  9:19:02 0 [Note] InnoDB: Waiting for purge to start
2025-12-26  9:19:02 0 [Note] InnoDB: 10.4.32 started; log sequence number 4897585; transaction id 9831
2025-12-26  9:19:02 0 [Note] InnoDB: Loading buffer pool(s) from C:\xampp\mysql\data\ib_buffer_pool
2025-12-26  9:19:02 0 [Note] Plugin 'FEEDBACK' is disabled.
2025-12-26  9:19:02 0 [Note] Server socket created on IP: '::'.
2025-12-26  9:19:02 0 [Note] InnoDB: Buffer pool(s) load completed at 251226  9:19:02
2025-12-26  9:19:03 0 [Note] Reading of all Master_info entries succeeded
2025-12-26  9:19:03 0 [Note] Added new Master_info '' to hash table
2025-12-26  9:19:03 0 [Note] C:\xampp\mysql\bin\mysqld.exe: ready for connections.
Version: '10.4.32-MariaDB'  socket: ''  port: 3306  mariadb.org binary distribution
2025-12-27  8:00:39 0 [Note] Starting MariaDB 10.4.32-MariaDB source revision c4143f909528e3fab0677a28631d10389354c491 as process 3076
2025-12-27  8:00:39 0 [Note] InnoDB: Mutexes and rw_locks use Windows interlocked functions
2025-12-27  8:00:39 0 [Note] InnoDB: Uses event mutexes
2025-12-27  8:00:39 0 [Note] InnoDB: Compressed tables use zlib 1.3
2025-12-27  8:00:39 0 [Note] InnoDB: Number of pools: 1
2025-12-27  8:00:39 0 [Note] InnoDB: Using SSE2 crc32 instructions
2025-12-27  8:00:39 0 [Note] InnoDB: Initializing buffer pool, total size = 16M, instances = 1, chunk size = 16M
2025-12-27  8:00:39 0 [Note] InnoDB: Completed initialization of buffer pool
2025-12-27  8:00:39 0 [Note] InnoDB: Starting crash recovery from checkpoint LSN=4897594
2025-12-27  8:00:40 0 [Note] InnoDB: 128 out of 128 rollback segments are active.
2025-12-27  8:00:40 0 [Note] InnoDB: Removed temporary tablespace data file: "ibtmp1"
2025-12-27  8:00:40 0 [Note] InnoDB: Creating shared tablespace for temporary tables
2025-12-27  8:00:40 0 [Note] InnoDB: Setting file 'C:\xampp\mysql\data\ibtmp1' size to 12 MB. Physically writing the file full; Please wait ...
2025-12-27  8:00:40 0 [Note] InnoDB: File 'C:\xampp\mysql\data\ibtmp1' size is now 12 MB.
2025-12-27  8:00:40 0 [Note] InnoDB: Waiting for purge to start
2025-12-27  8:00:40 0 [Note] InnoDB: 10.4.32 started; log sequence number 4897603; transaction id 9831
2025-12-27  8:00:40 0 [Note] InnoDB: Loading buffer pool(s) from C:\xampp\mysql\data\ib_buffer_pool
2025-12-27  8:00:40 0 [Note] Plugin 'FEEDBACK' is disabled.
2025-12-27  8:00:40 0 [Note] Server socket created on IP: '::'.
2025-12-27  8:00:40 0 [Note] InnoDB: Buffer pool(s) load completed at 251227  8:00:40
2025-12-27  8:00:41 0 [Note] Reading of all Master_info entries succeeded
2025-12-27  8:00:41 0 [Note] Added new Master_info '' to hash table
2025-12-27  8:00:41 0 [Note] C:\xampp\mysql\bin\mysqld.exe: ready for connections.
Version: '10.4.32-MariaDB'  socket: ''  port: 3306  mariadb.org binary distribution
2025-12-27 12:19:44 0 [Note] Starting MariaDB 10.4.32-MariaDB source revision c4143f909528e3fab0677a28631d10389354c491 as process 3032
2025-12-27 12:19:44 0 [Note] InnoDB: Mutexes and rw_locks use Windows interlocked functions
2025-12-27 12:19:44 0 [Note] InnoDB: Uses event mutexes
2025-12-27 12:19:44 0 [Note] InnoDB: Compressed tables use zlib 1.3
2025-12-27 12:19:44 0 [Note] InnoDB: Number of pools: 1
2025-12-27 12:19:44 0 [Note] InnoDB: Using SSE2 crc32 instructions
2025-12-27 12:19:44 0 [Note] InnoDB: Initializing buffer pool, total size = 16M, instances = 1, chunk size = 16M
2025-12-27 12:19:44 0 [Note] InnoDB: Completed initialization of buffer pool
2025-12-27 12:19:45 0 [Note] InnoDB: Starting crash recovery from checkpoint LSN=4897612
2025-12-27 12:19:45 0 [Note] InnoDB: 128 out of 128 rollback segments are active.
2025-12-27 12:19:45 0 [Note] InnoDB: Removed temporary tablespace data file: "ibtmp1"
2025-12-27 12:19:45 0 [Note] InnoDB: Creating shared tablespace for temporary tables
2025-12-27 12:19:45 0 [Note] InnoDB: Setting file 'C:\xampp\mysql\data\ibtmp1' size to 12 MB. Physically writing the file full; Please wait ...
2025-12-27 12:19:45 0 [Note] InnoDB: File 'C:\xampp\mysql\data\ibtmp1' size is now 12 MB.
2025-12-27 12:19:45 0 [Note] InnoDB: Waiting for purge to start
2025-12-27 12:19:45 0 [Note] InnoDB: 10.4.32 started; log sequence number 4897621; transaction id 9831
2025-12-27 12:19:46 0 [Note] InnoDB: Loading buffer pool(s) from C:\xampp\mysql\data\ib_buffer_pool
2025-12-27 12:19:46 0 [Note] Plugin 'FEEDBACK' is disabled.
2025-12-27 12:19:46 0 [Note] Server socket created on IP: '::'.
2025-12-27 12:19:46 0 [Note] InnoDB: Buffer pool(s) load completed at 251227 12:19:46
2025-12-27 12:19:46 0 [Note] Reading of all Master_info entries succeeded
2025-12-27 12:19:46 0 [Note] Added new Master_info '' to hash table
2025-12-27 12:19:46 0 [Note] C:\xampp\mysql\bin\mysqld.exe: ready for connections.
Version: '10.4.32-MariaDB'  socket: ''  port: 3306  mariadb.org binary distribution
2025-12-28  8:07:43 0 [Note] Starting MariaDB 10.4.32-MariaDB source revision c4143f909528e3fab0677a28631d10389354c491 as process 3124
2025-12-28  8:07:43 0 [Note] InnoDB: Mutexes and rw_locks use Windows interlocked functions
2025-12-28  8:07:43 0 [Note] InnoDB: Uses event mutexes
2025-12-28  8:07:43 0 [Note] InnoDB: Compressed tables use zlib 1.3
2025-12-28  8:07:43 0 [Note] InnoDB: Number of pools: 1
2025-12-28  8:07:43 0 [Note] InnoDB: Using SSE2 crc32 instructions
2025-12-28  8:07:43 0 [Note] InnoDB: Initializing buffer pool, total size = 16M, instances = 1, chunk size = 16M
2025-12-28  8:07:43 0 [Note] InnoDB: Completed initialization of buffer pool
2025-12-28  8:07:43 0 [Note] InnoDB: Starting crash recovery from checkpoint LSN=4897630
2025-12-28  8:07:44 0 [Note] InnoDB: 128 out of 128 rollback segments are active.
2025-12-28  8:07:44 0 [Note] InnoDB: Removed temporary tablespace data file: "ibtmp1"
2025-12-28  8:07:44 0 [Note] InnoDB: Creating shared tablespace for temporary tables
2025-12-28  8:07:44 0 [Note] InnoDB: Setting file 'C:\xampp\mysql\data\ibtmp1' size to 12 MB. Physically writing the file full; Please wait ...
2025-12-28  8:07:44 0 [Note] InnoDB: File 'C:\xampp\mysql\data\ibtmp1' size is now 12 MB.
2025-12-28  8:07:44 0 [Note] InnoDB: Waiting for purge to start
2025-12-28  8:07:44 0 [Note] InnoDB: 10.4.32 started; log sequence number 4897639; transaction id 9831
2025-12-28  8:07:44 0 [Note] InnoDB: Loading buffer pool(s) from C:\xampp\mysql\data\ib_buffer_pool
2025-12-28  8:07:44 0 [Note] Plugin 'FEEDBACK' is disabled.
2025-12-28  8:07:44 0 [Note] Server socket created on IP: '::'.
2025-12-28  8:07:44 0 [Note] InnoDB: Buffer pool(s) load completed at 251228  8:07:44
2025-12-28  8:07:44 0 [Note] Reading of all Master_info entries succeeded
2025-12-28  8:07:44 0 [Note] Added new Master_info '' to hash table
2025-12-28  8:07:44 0 [Note] C:\xampp\mysql\bin\mysqld.exe: ready for connections.
Version: '10.4.32-MariaDB'  socket: ''  port: 3306  mariadb.org binary distribution
2025-12-29 11:41:16 0 [Note] Starting MariaDB 10.4.32-MariaDB source revision c4143f909528e3fab0677a28631d10389354c491 as process 2500
2025-12-29 11:41:16 0 [Note] InnoDB: Mutexes and rw_locks use Windows interlocked functions
2025-12-29 11:41:16 0 [Note] InnoDB: Uses event mutexes
2025-12-29 11:41:16 0 [Note] InnoDB: Compressed tables use zlib 1.3
2025-12-29 11:41:16 0 [Note] InnoDB: Number of pools: 1
2025-12-29 11:41:16 0 [Note] InnoDB: Using SSE2 crc32 instructions
2025-12-29 11:41:16 0 [Note] InnoDB: Initializing buffer pool, total size = 16M, instances = 1, chunk size = 16M
2025-12-29 11:41:16 0 [Note] InnoDB: Completed initialization of buffer pool
2025-12-29 11:41:16 0 [Note] InnoDB: Starting crash recovery from checkpoint LSN=4897648
2025-12-29 11:41:17 0 [Note] InnoDB: 128 out of 128 rollback segments are active.
2025-12-29 11:41:17 0 [Note] InnoDB: Removed temporary tablespace data file: "ibtmp1"
2025-12-29 11:41:17 0 [Note] InnoDB: Creating shared tablespace for temporary tables
2025-12-29 11:41:17 0 [Note] InnoDB: Setting file 'C:\xampp\mysql\data\ibtmp1' size to 12 MB. Physically writing the file full; Please wait ...
2025-12-29 11:41:17 0 [Note] InnoDB: File 'C:\xampp\mysql\data\ibtmp1' size is now 12 MB.
2025-12-29 11:41:17 0 [Note] InnoDB: Waiting for purge to start
2025-12-29 11:41:17 0 [Note] InnoDB: 10.4.32 started; log sequence number 4897657; transaction id 9831
2025-12-29 11:41:17 0 [Note] InnoDB: Loading buffer pool(s) from C:\xampp\mysql\data\ib_buffer_pool
2025-12-29 11:41:17 0 [Note] Plugin 'FEEDBACK' is disabled.
2025-12-29 11:41:17 0 [Note] Server socket created on IP: '::'.
2025-12-29 11:41:17 0 [Note] InnoDB: Buffer pool(s) load completed at 251229 11:41:17
2025-12-29 11:41:17 0 [Note] Reading of all Master_info entries succeeded
2025-12-29 11:41:17 0 [Note] Added new Master_info '' to hash table
2025-12-29 11:41:17 0 [Note] C:\xampp\mysql\bin\mysqld.exe: ready for connections.
Version: '10.4.32-MariaDB'  socket: ''  port: 3306  mariadb.org binary distribution
2025-12-29 11:44:32 0 [Note] C:\xampp\mysql\bin\mysqld.exe (initiated by: unknown): Normal shutdown
2025-12-29 11:44:32 0 [Note] InnoDB: FTS optimize thread exiting.
2025-12-29 11:44:32 0 [Note] Event Scheduler: Purging the queue. 0 events
2025-12-29 11:44:32 0 [Note] InnoDB: Starting shutdown...
2025-12-29 11:44:32 0 [Note] InnoDB: Dumping buffer pool(s) to C:\xampp\mysql\data\ib_buffer_pool
2025-12-29 11:44:32 0 [Note] InnoDB: Instance 0, restricted to 250 pages due to innodb_buf_pool_dump_pct=25
2025-12-29 11:44:32 0 [Note] InnoDB: Buffer pool(s) dump completed at 251229 11:44:32
2025-12-29 11:44:33 0 [Note] InnoDB: Removed temporary tablespace data file: "ibtmp1"
2025-12-29 11:44:33 0 [Note] InnoDB: Shutdown completed; log sequence number 4897675; transaction id 9832
2025-12-29 11:44:33 0 [Note] C:\xampp\mysql\bin\mysqld.exe: Shutdown complete

2025-12-29 11:46:35 0 [Note] Starting MariaDB 10.4.32-MariaDB source revision c4143f909528e3fab0677a28631d10389354c491 as process 7528
2025-12-29 11:46:35 0 [Note] InnoDB: Mutexes and rw_locks use Windows interlocked functions
2025-12-29 11:46:35 0 [Note] InnoDB: Uses event mutexes
2025-12-29 11:46:35 0 [Note] InnoDB: Compressed tables use zlib 1.3
2025-12-29 11:46:35 0 [Note] InnoDB: Number of pools: 1
2025-12-29 11:46:35 0 [Note] InnoDB: Using SSE2 crc32 instructions
2025-12-29 11:46:35 0 [Note] InnoDB: Initializing buffer pool, total size = 16M, instances = 1, chunk size = 16M
2025-12-29 11:46:35 0 [Note] InnoDB: Completed initialization of buffer pool
2025-12-29 11:46:35 0 [Note] InnoDB: 128 out of 128 rollback segments are active.
2025-12-29 11:46:35 0 [Note] InnoDB: Creating shared tablespace for temporary tables
2025-12-29 11:46:35 0 [Note] InnoDB: Setting file 'C:\xampp\mysql\data\ibtmp1' size to 12 MB. Physically writing the file full; Please wait ...
2025-12-29 11:46:35 0 [Note] InnoDB: File 'C:\xampp\mysql\data\ibtmp1' size is now 12 MB.
2025-12-29 11:46:35 0 [Note] InnoDB: Waiting for purge to start
2025-12-29 11:46:35 0 [Note] InnoDB: 10.4.32 started; log sequence number 4897675; transaction id 9831
2025-12-29 11:46:35 0 [Note] InnoDB: Loading buffer pool(s) from C:\xampp\mysql\data\ib_buffer_pool
2025-12-29 11:46:35 0 [Note] Plugin 'FEEDBACK' is disabled.
2025-12-29 11:46:35 0 [Note] Server socket created on IP: '::'.
2025-12-29 11:46:35 0 [Note] Reading of all Master_info entries succeeded
2025-12-29 11:46:35 0 [Note] Added new Master_info '' to hash table
2025-12-29 11:46:35 0 [Note] C:\xampp\mysql\bin\mysqld.exe: ready for connections.
Version: '10.4.32-MariaDB'  socket: ''  port: 3306  mariadb.org binary distribution
2025-12-29 11:46:35 0 [Note] InnoDB: Buffer pool(s) load completed at 251229 11:46:35
2025-12-29 12:58:20 8 [Warning] Aborted connection 8 to db: 'prologdb' user: 'prologDBadmin' host: 'vidupiyasa' (Got an error reading communication packets)
2025-12-29 12:58:20 9 [Warning] Aborted connection 9 to db: 'prologdb' user: 'prologDBadmin' host: 'vidupiyasa' (Got an error reading communication packets)
2025-12-29 13:00:02 10 [Warning] Aborted connection 10 to db: 'prologdb' user: 'prologDBadmin' host: 'vidupiyasa' (Got an error reading communication packets)
2025-12-29 13:00:02 11 [Warning] Aborted connection 11 to db: 'prologdb' user: 'prologDBadmin' host: 'vidupiyasa' (Got an error reading communication packets)
2025-12-30  8:25:45 33 [Warning] Aborted connection 33 to db: 'prologdb' user: 'prologDBadmin' host: 'vidupiyasa' (Got timeout reading communication packets)
2025-12-30  8:25:45 34 [Warning] Aborted connection 34 to db: 'prologdb' user: 'prologDBadmin' host: 'vidupiyasa' (Got timeout reading communication packets)
2025-12-30 10:40:15 40 [Warning] Aborted connection 40 to db: 'prologdb' user: 'prologDBadmin' host: 'vidupiyasa' (Got an error reading communication packets)
2025-12-30 10:40:15 41 [Warning] Aborted connection 41 to db: 'prologdb' user: 'prologDBadmin' host: 'vidupiyasa' (Got an error reading communication packets)
2026-01-01 13:54:17 0 [Note] Starting MariaDB 10.4.32-MariaDB source revision c4143f909528e3fab0677a28631d10389354c491 as process 2752
2026-01-01 13:54:17 0 [Note] InnoDB: Mutexes and rw_locks use Windows interlocked functions
2026-01-01 13:54:17 0 [Note] InnoDB: Uses event mutexes
2026-01-01 13:54:17 0 [Note] InnoDB: Compressed tables use zlib 1.3
2026-01-01 13:54:17 0 [Note] InnoDB: Number of pools: 1
2026-01-01 13:54:17 0 [Note] InnoDB: Using SSE2 crc32 instructions
2026-01-01 13:54:17 0 [Note] InnoDB: Initializing buffer pool, total size = 16M, instances = 1, chunk size = 16M
2026-01-01 13:54:17 0 [Note] InnoDB: Completed initialization of buffer pool
2026-01-01 13:54:17 0 [Note] InnoDB: Starting crash recovery from checkpoint LSN=4898221
2026-01-01 13:54:17 0 [Note] InnoDB: 128 out of 128 rollback segments are active.
2026-01-01 13:54:17 0 [Note] InnoDB: Removed temporary tablespace data file: "ibtmp1"
2026-01-01 13:54:17 0 [Note] InnoDB: Creating shared tablespace for temporary tables
2026-01-01 13:54:17 0 [Note] InnoDB: Setting file 'C:\xampp\mysql\data\ibtmp1' size to 12 MB. Physically writing the file full; Please wait ...
2026-01-01 13:54:17 0 [Note] InnoDB: File 'C:\xampp\mysql\data\ibtmp1' size is now 12 MB.
2026-01-01 13:54:17 0 [Note] InnoDB: Waiting for purge to start
2026-01-01 13:54:18 0 [Note] InnoDB: 10.4.32 started; log sequence number 4898230; transaction id 9837
2026-01-01 13:54:18 0 [Note] InnoDB: Loading buffer pool(s) from C:\xampp\mysql\data\ib_buffer_pool
2026-01-01 13:54:18 0 [Note] Plugin 'FEEDBACK' is disabled.
2026-01-01 13:54:18 0 [Note] Server socket created on IP: '::'.
2026-01-01 13:54:18 0 [Note] InnoDB: Buffer pool(s) load completed at 260101 13:54:18
2026-01-01 13:54:18 0 [Note] Reading of all Master_info entries succeeded
2026-01-01 13:54:18 0 [Note] Added new Master_info '' to hash table
2026-01-01 13:54:18 0 [Note] C:\xampp\mysql\bin\mysqld.exe: ready for connections.
Version: '10.4.32-MariaDB'  socket: ''  port: 3306  mariadb.org binary distribution
2026-01-01 15:18:38 13 [Warning] Aborted connection 13 to db: 'prologdb' user: 'prologDBadmin' host: 'vidupiyasa' (Got an error reading communication packets)
2026-01-01 15:18:38 12 [Warning] Aborted connection 12 to db: 'prologdb' user: 'prologDBadmin' host: 'vidupiyasa' (Got an error reading communication packets)
2026-01-05  9:41:53 0 [Note] Starting MariaDB 10.4.32-MariaDB source revision c4143f909528e3fab0677a28631d10389354c491 as process 3160
2026-01-05  9:41:53 0 [Note] InnoDB: Mutexes and rw_locks use Windows interlocked functions
2026-01-05  9:41:53 0 [Note] InnoDB: Uses event mutexes
2026-01-05  9:41:53 0 [Note] InnoDB: Compressed tables use zlib 1.3
2026-01-05  9:41:53 0 [Note] InnoDB: Number of pools: 1
2026-01-05  9:41:53 0 [Note] InnoDB: Using SSE2 crc32 instructions
2026-01-05  9:41:53 0 [Note] InnoDB: Initializing buffer pool, total size = 16M, instances = 1, chunk size = 16M
2026-01-05  9:41:53 0 [Note] InnoDB: Completed initialization of buffer pool
2026-01-05  9:41:53 0 [Note] InnoDB: Starting crash recovery from checkpoint LSN=5169618
2026-01-05  9:41:53 0 [Note] InnoDB: 128 out of 128 rollback segments are active.
2026-01-05  9:41:53 0 [Note] InnoDB: Removed temporary tablespace data file: "ibtmp1"
2026-01-05  9:41:53 0 [Note] InnoDB: Creating shared tablespace for temporary tables
2026-01-05  9:41:53 0 [Note] InnoDB: Setting file 'C:\xampp\mysql\data\ibtmp1' size to 12 MB. Physically writing the file full; Please wait ...
2026-01-05  9:41:53 0 [Note] InnoDB: File 'C:\xampp\mysql\data\ibtmp1' size is now 12 MB.
2026-01-05  9:41:54 0 [Note] InnoDB: Waiting for purge to start
2026-01-05  9:41:54 0 [Note] InnoDB: Waiting for purge to start
2026-01-05  9:41:54 0 [Note] InnoDB: 10.4.32 started; log sequence number 5169627; transaction id 10174
2026-01-05  9:41:54 0 [Note] InnoDB: Loading buffer pool(s) from C:\xampp\mysql\data\ib_buffer_pool
2026-01-05  9:41:54 0 [Note] Plugin 'FEEDBACK' is disabled.
2026-01-05  9:41:54 0 [Note] Server socket created on IP: '::'.
2026-01-05  9:41:54 0 [Note] InnoDB: Buffer pool(s) load completed at 260105  9:41:54
2026-01-05  9:41:54 0 [Note] Reading of all Master_info entries succeeded
2026-01-05  9:41:54 0 [Note] Added new Master_info '' to hash table
2026-01-05  9:41:54 0 [Note] C:\xampp\mysql\bin\mysqld.exe: ready for connections.
Version: '10.4.32-MariaDB'  socket: ''  port: 3306  mariadb.org binary distribution
2026-01-05 12:56:24 8 [Warning] Aborted connection 8 to db: 'prologdb' user: 'prologDBadmin' host: 'vidupiyasa.bbrouter' (Got an error reading communication packets)
2026-01-05 12:56:24 9 [Warning] Aborted connection 9 to db: 'prologdb' user: 'prologDBadmin' host: 'vidupiyasa.bbrouter' (Got an error reading communication packets)
2026-01-05 14:03:59 13 [Warning] Aborted connection 13 to db: 'prologdb' user: 'prologDBadmin' host: 'vidupiyasa.bbrouter' (Got an error reading communication packets)
2026-01-05 14:03:59 14 [Warning] Aborted connection 14 to db: 'prologdb' user: 'prologDBadmin' host: 'vidupiyasa.bbrouter' (Got an error reading communication packets)
2026-01-05 14:07:41 15 [Warning] Aborted connection 15 to db: 'prologdb' user: 'prologDBadmin' host: 'vidupiyasa.bbrouter' (Got an error reading communication packets)
2026-01-05 14:07:41 16 [Warning] Aborted connection 16 to db: 'prologdb' user: 'prologDBadmin' host: 'vidupiyasa.bbrouter' (Got an error reading communication packets)
2026-01-05 14:40:38 20 [Warning] Aborted connection 20 to db: 'prologdb' user: 'prologDBadmin' host: 'vidupiyasa.bbrouter' (Got an error reading communication packets)
2026-01-05 14:40:38 19 [Warning] Aborted connection 19 to db: 'prologdb' user: 'prologDBadmin' host: 'vidupiyasa.bbrouter' (Got an error reading communication packets)
2026-01-05 15:21:29 25 [Warning] Aborted connection 25 to db: 'prologdb' user: 'prologDBadmin' host: 'vidupiyasa.bbrouter' (Got an error reading communication packets)
2026-01-05 15:21:29 24 [Warning] Aborted connection 24 to db: 'prologdb' user: 'prologDBadmin' host: 'vidupiyasa.bbrouter' (Got an error reading communication packets)
2026-01-05 17:08:19 33 [Warning] Aborted connection 33 to db: 'prologdb' user: 'prologDBadmin' host: 'vidupiyasa.bbrouter' (Got an error reading communication packets)
2026-01-05 17:08:19 32 [Warning] Aborted connection 32 to db: 'prologdb' user: 'prologDBadmin' host: 'vidupiyasa.bbrouter' (Got an error reading communication packets)
2026-01-06  9:32:40 36 [Warning] Aborted connection 36 to db: 'prologdb' user: 'prologDBadmin' host: 'vidupiyasa' (Got an error reading communication packets)
2026-01-06  9:32:40 37 [Warning] Aborted connection 37 to db: 'prologdb' user: 'prologDBadmin' host: 'vidupiyasa' (Got an error reading communication packets)
2026-01-06 12:16:01 49 [Warning] Aborted connection 49 to db: 'prologdb' user: 'prologDBadmin' host: 'vidupiyasa' (Got an error reading communication packets)
2026-01-06 12:16:01 50 [Warning] Aborted connection 50 to db: 'prologdb' user: 'prologDBadmin' host: 'vidupiyasa' (Got an error reading communication packets)
2026-01-06 17:05:38 64 [Warning] Aborted connection 64 to db: 'prologdb' user: 'prologDBadmin' host: 'vidupiyasa' (Got an error reading communication packets)
2026-01-06 17:05:38 63 [Warning] Aborted connection 63 to db: 'prologdb' user: 'prologDBadmin' host: 'vidupiyasa' (Got an error reading communication packets)
2026-01-06 17:21:29 65 [Warning] Aborted connection 65 to db: 'prologdb' user: 'prologDBadmin' host: 'vidupiyasa' (Got an error reading communication packets)
2026-01-06 17:21:29 66 [Warning] Aborted connection 66 to db: 'prologdb' user: 'prologDBadmin' host: 'vidupiyasa' (Got an error reading communication packets)
2026-01-06 17:36:54 0 [Note] Starting MariaDB 10.4.32-MariaDB source revision c4143f909528e3fab0677a28631d10389354c491 as process 3088
2026-01-06 17:36:54 0 [Note] InnoDB: Mutexes and rw_locks use Windows interlocked functions
2026-01-06 17:36:54 0 [Note] InnoDB: Uses event mutexes
2026-01-06 17:36:54 0 [Note] InnoDB: Compressed tables use zlib 1.3
2026-01-06 17:36:54 0 [Note] InnoDB: Number of pools: 1
2026-01-06 17:36:54 0 [Note] InnoDB: Using SSE2 crc32 instructions
2026-01-06 17:36:54 0 [Note] InnoDB: Initializing buffer pool, total size = 16M, instances = 1, chunk size = 16M
2026-01-06 17:36:54 0 [Note] InnoDB: Completed initialization of buffer pool
2026-01-06 17:36:54 0 [Note] InnoDB: Starting crash recovery from checkpoint LSN=5285021
2026-01-06 17:36:55 0 [Note] InnoDB: 128 out of 128 rollback segments are active.
2026-01-06 17:36:55 0 [Note] InnoDB: Removed temporary tablespace data file: "ibtmp1"
2026-01-06 17:36:55 0 [Note] InnoDB: Creating shared tablespace for temporary tables
2026-01-06 17:36:55 0 [Note] InnoDB: Setting file 'C:\xampp\mysql\data\ibtmp1' size to 12 MB. Physically writing the file full; Please wait ...
2026-01-06 17:36:55 0 [Note] InnoDB: File 'C:\xampp\mysql\data\ibtmp1' size is now 12 MB.
2026-01-06 17:36:55 0 [Note] InnoDB: Waiting for purge to start
2026-01-06 17:36:55 0 [Note] InnoDB: 10.4.32 started; log sequence number 5285030; transaction id 10498
2026-01-06 17:36:55 0 [Note] InnoDB: Loading buffer pool(s) from C:\xampp\mysql\data\ib_buffer_pool
2026-01-06 17:36:55 0 [Note] Plugin 'FEEDBACK' is disabled.
2026-01-06 17:36:55 0 [Note] Server socket created on IP: '::'.
2026-01-06 17:36:55 0 [Note] InnoDB: Buffer pool(s) load completed at 260106 17:36:55
2026-01-06 17:36:55 0 [Note] Reading of all Master_info entries succeeded
2026-01-06 17:36:55 0 [Note] Added new Master_info '' to hash table
2026-01-06 17:36:55 0 [Note] C:\xampp\mysql\bin\mysqld.exe: ready for connections.
Version: '10.4.32-MariaDB'  socket: ''  port: 3306  mariadb.org binary distribution
2026-01-06 17:39:06 8 [Warning] Aborted connection 8 to db: 'prologdb' user: 'prologDBadmin' host: 'DESKTOP-TF6ACUU' (Got an error reading communication packets)
2026-01-06 17:39:06 9 [Warning] Aborted connection 9 to db: 'prologdb' user: 'prologDBadmin' host: 'DESKTOP-TF6ACUU' (Got an error reading communication packets)
2026-01-06 17:39:06 10 [Warning] Aborted connection 10 to db: 'prologdb' user: 'prologDBadmin' host: 'DESKTOP-TF6ACUU' (Got an error reading communication packets)
2026-01-07 10:06:05 13 [Warning] Aborted connection 13 to db: 'prologdb' user: 'prologDBadmin' host: 'DESKTOP-TF6ACUU.bbrouter' (Got an error reading communication packets)
2026-01-07 10:06:05 14 [Warning] Aborted connection 14 to db: 'prologdb' user: 'prologDBadmin' host: 'DESKTOP-TF6ACUU.bbrouter' (Got an error reading communication packets)
2026-01-07 10:06:05 15 [Warning] Aborted connection 15 to db: 'prologdb' user: 'prologDBadmin' host: 'DESKTOP-TF6ACUU.bbrouter' (Got an error reading communication packets)
2026-01-07 11:47:27 26 [Warning] Aborted connection 26 to db: 'prologdb' user: 'prologDBadmin' host: 'vidupiyasa.bbrouter' (Got an error reading communication packets)
2026-01-07 11:47:27 27 [Warning] Aborted connection 27 to db: 'prologdb' user: 'prologDBadmin' host: 'vidupiyasa.bbrouter' (Got an error reading communication packets)
2026-01-07 13:45:07 33 [Warning] Aborted connection 33 to db: 'prologdb' user: 'prologDBadmin' host: 'DESKTOP-TF6ACUU.bbrouter' (Got an error reading communication packets)
2026-01-07 15:32:13 53 [Warning] Aborted connection 53 to db: 'prologdb' user: 'prologDBadmin' host: 'vidupiyasa.bbrouter' (Got an error reading communication packets)
2026-01-07 15:32:13 54 [Warning] Aborted connection 54 to db: 'prologdb' user: 'prologDBadmin' host: 'vidupiyasa.bbrouter' (Got an error reading communication packets)
2026-01-07 16:04:06 61 [Warning] Aborted connection 61 to db: 'prologdb' user: 'prologDBadmin' host: 'DESKTOP-TF6ACUU.bbrouter' (Got an error reading communication packets)
2026-01-07 16:04:06 60 [Warning] Aborted connection 60 to db: 'prologdb' user: 'prologDBadmin' host: 'DESKTOP-TF6ACUU.bbrouter' (Got an error reading communication packets)
2026-01-07 16:04:06 59 [Warning] Aborted connection 59 to db: 'prologdb' user: 'prologDBadmin' host: 'DESKTOP-TF6ACUU.bbrouter' (Got an error reading communication packets)
2026-01-07 17:05:23 56 [Warning] Aborted connection 56 to db: 'prologdb' user: 'prologDBadmin' host: 'DESKTOP-TF6ACUU.bbrouter' (Got an error reading communication packets)
2026-01-08  9:53:21 0 [Note] Starting MariaDB 10.4.32-MariaDB source revision c4143f909528e3fab0677a28631d10389354c491 as process 2040
2026-01-08  9:53:21 0 [Note] InnoDB: Mutexes and rw_locks use Windows interlocked functions
2026-01-08  9:53:21 0 [Note] InnoDB: Uses event mutexes
2026-01-08  9:53:21 0 [Note] InnoDB: Compressed tables use zlib 1.3
2026-01-08  9:53:21 0 [Note] InnoDB: Number of pools: 1
2026-01-08  9:53:21 0 [Note] InnoDB: Using SSE2 crc32 instructions
2026-01-08  9:53:21 0 [Note] InnoDB: Initializing buffer pool, total size = 16M, instances = 1, chunk size = 16M
2026-01-08  9:53:21 0 [Note] InnoDB: Completed initialization of buffer pool
2026-01-08  9:53:21 0 [Note] InnoDB: Starting crash recovery from checkpoint LSN=5325112
2026-01-08  9:53:22 0 [Note] InnoDB: 128 out of 128 rollback segments are active.
2026-01-08  9:53:22 0 [Note] InnoDB: Removed temporary tablespace data file: "ibtmp1"
2026-01-08  9:53:22 0 [Note] InnoDB: Creating shared tablespace for temporary tables
2026-01-08  9:53:22 0 [Note] InnoDB: Setting file 'C:\xampp\mysql\data\ibtmp1' size to 12 MB. Physically writing the file full; Please wait ...
2026-01-08  9:53:22 0 [Note] InnoDB: File 'C:\xampp\mysql\data\ibtmp1' size is now 12 MB.
2026-01-08  9:53:22 0 [Note] InnoDB: Waiting for purge to start
2026-01-08  9:53:22 0 [Note] InnoDB: 10.4.32 started; log sequence number 5325121; transaction id 10627
2026-01-08  9:53:22 0 [Note] InnoDB: Loading buffer pool(s) from C:\xampp\mysql\data\ib_buffer_pool
2026-01-08  9:53:22 0 [Note] Plugin 'FEEDBACK' is disabled.
2026-01-08  9:53:22 0 [Note] Server socket created on IP: '::'.
2026-01-08  9:53:22 0 [Note] InnoDB: Buffer pool(s) load completed at 260108  9:53:22
2026-01-08  9:53:22 0 [Note] Reading of all Master_info entries succeeded
2026-01-08  9:53:22 0 [Note] Added new Master_info '' to hash table
2026-01-08  9:53:22 0 [Note] C:\xampp\mysql\bin\mysqld.exe: ready for connections.
Version: '10.4.32-MariaDB'  socket: ''  port: 3306  mariadb.org binary distribution
2026-01-08 10:50:15 8 [Warning] Aborted connection 8 to db: 'prologdb' user: 'prologDBadmin' host: 'vidupiyasa.bbrouter' (Got an error reading communication packets)
2026-01-08 10:50:15 9 [Warning] Aborted connection 9 to db: 'prologdb' user: 'prologDBadmin' host: 'vidupiyasa.bbrouter' (Got an error reading communication packets)
2026-01-08 11:15:49 0 [Note] Starting MariaDB 10.4.32-MariaDB source revision c4143f909528e3fab0677a28631d10389354c491 as process 3028
2026-01-08 11:15:49 0 [Note] InnoDB: Mutexes and rw_locks use Windows interlocked functions
2026-01-08 11:15:49 0 [Note] InnoDB: Uses event mutexes
2026-01-08 11:15:49 0 [Note] InnoDB: Compressed tables use zlib 1.3
2026-01-08 11:15:49 0 [Note] InnoDB: Number of pools: 1
2026-01-08 11:15:49 0 [Note] InnoDB: Using SSE2 crc32 instructions
2026-01-08 11:15:49 0 [Note] InnoDB: Initializing buffer pool, total size = 16M, instances = 1, chunk size = 16M
2026-01-08 11:15:49 0 [Note] InnoDB: Completed initialization of buffer pool
2026-01-08 11:15:50 0 [Note] InnoDB: Starting crash recovery from checkpoint LSN=5336403
2026-01-08 11:15:50 0 [Note] InnoDB: 128 out of 128 rollback segments are active.
2026-01-08 11:15:50 0 [Note] InnoDB: Removed temporary tablespace data file: "ibtmp1"
2026-01-08 11:15:50 0 [Note] InnoDB: Creating shared tablespace for temporary tables
2026-01-08 11:15:50 0 [Note] InnoDB: Setting file 'C:\xampp\mysql\data\ibtmp1' size to 12 MB. Physically writing the file full; Please wait ...
2026-01-08 11:15:50 0 [Note] InnoDB: File 'C:\xampp\mysql\data\ibtmp1' size is now 12 MB.
2026-01-08 11:15:50 0 [Note] InnoDB: Waiting for purge to start
2026-01-08 11:15:51 0 [Note] InnoDB: 10.4.32 started; log sequence number 5336412; transaction id 10673
2026-01-08 11:15:51 0 [Note] InnoDB: Loading buffer pool(s) from C:\xampp\mysql\data\ib_buffer_pool
2026-01-08 11:15:51 0 [Note] Plugin 'FEEDBACK' is disabled.
2026-01-08 11:15:51 0 [Note] Server socket created on IP: '::'.
2026-01-08 11:15:51 0 [Note] InnoDB: Buffer pool(s) load completed at 260108 11:15:51
2026-01-08 11:15:51 0 [Note] Reading of all Master_info entries succeeded
2026-01-08 11:15:51 0 [Note] Added new Master_info '' to hash table
2026-01-08 11:15:51 0 [Note] C:\xampp\mysql\bin\mysqld.exe: ready for connections.
Version: '10.4.32-MariaDB'  socket: ''  port: 3306  mariadb.org binary distribution
2026-01-08 11:35:03 9 [Warning] Aborted connection 9 to db: 'prologdb' user: 'prologDBadmin' host: 'DESKTOP-TF6ACUU.bbrouter' (Got an error reading communication packets)
2026-01-08 11:35:03 8 [Warning] Aborted connection 8 to db: 'prologdb' user: 'prologDBadmin' host: 'DESKTOP-TF6ACUU.bbrouter' (Got an error reading communication packets)
2026-01-08 11:35:03 10 [Warning] Aborted connection 10 to db: 'prologdb' user: 'prologDBadmin' host: 'DESKTOP-TF6ACUU.bbrouter' (Got an error reading communication packets)
2026-01-08 11:51:41 15 [Warning] Aborted connection 15 to db: 'prologdb' user: 'prologDBadmin' host: 'DESKTOP-TF6ACUU.bbrouter' (Got an error reading communication packets)
2026-01-08 11:51:41 13 [Warning] Aborted connection 13 to db: 'prologdb' user: 'prologDBadmin' host: 'DESKTOP-TF6ACUU.bbrouter' (Got an error reading communication packets)
2026-01-08 11:51:41 16 [Warning] Aborted connection 16 to db: 'prologdb' user: 'prologDBadmin' host: 'DESKTOP-TF6ACUU.bbrouter' (Got an error reading communication packets)
2026-01-08 13:00:01 26 [Warning] Aborted connection 26 to db: 'prologdb' user: 'prologDBadmin' host: 'vidupiyasa.bbrouter' (Got an error reading communication packets)
2026-01-08 13:00:01 25 [Warning] Aborted connection 25 to db: 'prologdb' user: 'prologDBadmin' host: 'vidupiyasa.bbrouter' (Got an error reading communication packets)
2026-01-08 13:44:04 34 [Warning] Aborted connection 34 to db: 'prologdb' user: 'prologDBadmin' host: 'DESKTOP-TF6ACUU.bbrouter' (Got an error reading communication packets)
2026-01-08 16:09:57 54 [Warning] Aborted connection 54 to db: 'prologdb' user: 'prologDBadmin' host: 'vidupiyasa.bbrouter' (Got an error reading communication packets)
2026-01-08 16:09:57 53 [Warning] Aborted connection 53 to db: 'prologdb' user: 'prologDBadmin' host: 'vidupiyasa.bbrouter' (Got an error reading communication packets)
2026-01-08 16:43:51 48 [Warning] Aborted connection 48 to db: 'prologdb' user: 'prologDBadmin' host: 'DESKTOP-TF6ACUU.bbrouter' (Got an error reading communication packets)
2026-01-08 16:58:24 47 [Warning] Aborted connection 47 to db: 'prologdb' user: 'prologDBadmin' host: 'DESKTOP-TF6ACUU.bbrouter' (Got an error reading communication packets)
2026-01-08 17:25:07 0 [Note] C:\xampp\mysql\bin\mysqld.exe (initiated by: unknown): Normal shutdown
2026-01-08 17:25:07 0 [Note] Event Scheduler: Purging the queue. 0 events
2026-01-08 17:25:07 0 [Note] InnoDB: FTS optimize thread exiting.
2026-01-08 17:25:07 0 [Note] InnoDB: Starting shutdown...
2026-01-08 17:25:07 0 [Note] InnoDB: Dumping buffer pool(s) to C:\xampp\mysql\data\ib_buffer_pool
2026-01-08 17:25:07 0 [Note] InnoDB: Instance 0, restricted to 250 pages due to innodb_buf_pool_dump_pct=25
2026-01-08 17:25:07 0 [Note] InnoDB: Buffer pool(s) dump completed at 260108 17:25:07
2026-01-08 17:25:08 0 [Note] InnoDB: Removed temporary tablespace data file: "ibtmp1"
2026-01-08 17:25:08 0 [Note] InnoDB: Shutdown completed; log sequence number 5545554; transaction id 11237
2026-01-08 17:25:08 0 [Note] C:\xampp\mysql\bin\mysqld.exe: Shutdown complete

2026-01-09  7:57:37 0 [Note] Starting MariaDB 10.4.32-MariaDB source revision c4143f909528e3fab0677a28631d10389354c491 as process 3140
2026-01-09  7:57:37 0 [Note] InnoDB: Mutexes and rw_locks use Windows interlocked functions
2026-01-09  7:57:37 0 [Note] InnoDB: Uses event mutexes
2026-01-09  7:57:37 0 [Note] InnoDB: Compressed tables use zlib 1.3
2026-01-09  7:57:37 0 [Note] InnoDB: Number of pools: 1
2026-01-09  7:57:37 0 [Note] InnoDB: Using SSE2 crc32 instructions
2026-01-09  7:57:37 0 [Note] InnoDB: Initializing buffer pool, total size = 16M, instances = 1, chunk size = 16M
2026-01-09  7:57:37 0 [Note] InnoDB: Completed initialization of buffer pool
2026-01-09  7:57:38 0 [Note] InnoDB: 128 out of 128 rollback segments are active.
2026-01-09  7:57:38 0 [Note] InnoDB: Creating shared tablespace for temporary tables
2026-01-09  7:57:38 0 [Note] InnoDB: Setting file 'C:\xampp\mysql\data\ibtmp1' size to 12 MB. Physically writing the file full; Please wait ...
2026-01-09  7:57:38 0 [Note] InnoDB: File 'C:\xampp\mysql\data\ibtmp1' size is now 12 MB.
2026-01-09  7:57:38 0 [Note] InnoDB: Waiting for purge to start
2026-01-09  7:57:38 0 [Note] InnoDB: 10.4.32 started; log sequence number 5545554; transaction id 11238
2026-01-09  7:57:38 0 [Note] InnoDB: Loading buffer pool(s) from C:\xampp\mysql\data\ib_buffer_pool
2026-01-09  7:57:38 0 [Note] Plugin 'FEEDBACK' is disabled.
2026-01-09  7:57:38 0 [Note] Server socket created on IP: '::'.
2026-01-09  7:57:38 0 [Note] InnoDB: Buffer pool(s) load completed at 260109  7:57:38
2026-01-09  7:57:38 0 [Note] Reading of all Master_info entries succeeded
2026-01-09  7:57:38 0 [Note] Added new Master_info '' to hash table
2026-01-09  7:57:38 0 [Note] C:\xampp\mysql\bin\mysqld.exe: ready for connections.
Version: '10.4.32-MariaDB'  socket: ''  port: 3306  mariadb.org binary distribution
2026-01-09 15:52:27 18 [Warning] Aborted connection 18 to db: 'prologdb' user: 'prologDBadmin' host: 'vidupiyasa.bbrouter' (Got an error reading communication packets)
2026-01-09 15:52:27 19 [Warning] Aborted connection 19 to db: 'prologdb' user: 'prologDBadmin' host: 'vidupiyasa.bbrouter' (Got an error reading communication packets)
2026-01-10  7:04:35 0 [Note] Starting MariaDB 10.4.32-MariaDB source revision c4143f909528e3fab0677a28631d10389354c491 as process 2256
2026-01-10  7:04:35 0 [Note] InnoDB: Mutexes and rw_locks use Windows interlocked functions
2026-01-10  7:04:35 0 [Note] InnoDB: Uses event mutexes
2026-01-10  7:04:35 0 [Note] InnoDB: Compressed tables use zlib 1.3
2026-01-10  7:04:35 0 [Note] InnoDB: Number of pools: 1
2026-01-10  7:04:35 0 [Note] InnoDB: Using SSE2 crc32 instructions
2026-01-10  7:04:35 0 [Note] InnoDB: Initializing buffer pool, total size = 16M, instances = 1, chunk size = 16M
2026-01-10  7:04:35 0 [Note] InnoDB: Completed initialization of buffer pool
2026-01-10  7:04:35 0 [Note] InnoDB: Starting crash recovery from checkpoint LSN=5545554
2026-01-10  7:04:36 0 [Note] InnoDB: 128 out of 128 rollback segments are active.
2026-01-10  7:04:36 0 [Note] InnoDB: Removed temporary tablespace data file: "ibtmp1"
2026-01-10  7:04:36 0 [Note] InnoDB: Creating shared tablespace for temporary tables
2026-01-10  7:04:36 0 [Note] InnoDB: Setting file 'C:\xampp\mysql\data\ibtmp1' size to 12 MB. Physically writing the file full; Please wait ...
2026-01-10  7:04:36 0 [Note] InnoDB: File 'C:\xampp\mysql\data\ibtmp1' size is now 12 MB.
2026-01-10  7:04:36 0 [Note] InnoDB: Waiting for purge to start
2026-01-10  7:04:36 0 [Note] InnoDB: 10.4.32 started; log sequence number 5545563; transaction id 11238
2026-01-10  7:04:36 0 [Note] InnoDB: Loading buffer pool(s) from C:\xampp\mysql\data\ib_buffer_pool
2026-01-10  7:04:36 0 [Note] Plugin 'FEEDBACK' is disabled.
2026-01-10  7:04:36 0 [Note] Server socket created on IP: '::'.
2026-01-10  7:04:36 0 [Note] InnoDB: Buffer pool(s) load completed at 260110  7:04:36
2026-01-10  7:04:36 0 [Note] Reading of all Master_info entries succeeded
2026-01-10  7:04:36 0 [Note] Added new Master_info '' to hash table
2026-01-10  7:04:36 0 [Note] C:\xampp\mysql\bin\mysqld.exe: ready for connections.
Version: '10.4.32-MariaDB'  socket: ''  port: 3306  mariadb.org binary distribution
2026-01-10 11:41:32 0 [Note] Starting MariaDB 10.4.32-MariaDB source revision c4143f909528e3fab0677a28631d10389354c491 as process 3048
2026-01-10 11:41:32 0 [Note] InnoDB: Mutexes and rw_locks use Windows interlocked functions
2026-01-10 11:41:32 0 [Note] InnoDB: Uses event mutexes
2026-01-10 11:41:32 0 [Note] InnoDB: Compressed tables use zlib 1.3
2026-01-10 11:41:32 0 [Note] InnoDB: Number of pools: 1
2026-01-10 11:41:32 0 [Note] InnoDB: Using SSE2 crc32 instructions
2026-01-10 11:41:32 0 [Note] InnoDB: Initializing buffer pool, total size = 16M, instances = 1, chunk size = 16M
2026-01-10 11:41:32 0 [Note] InnoDB: Completed initialization of buffer pool
2026-01-10 11:41:33 0 [Note] InnoDB: Starting crash recovery from checkpoint LSN=5545572
2026-01-10 11:41:33 0 [Note] InnoDB: 128 out of 128 rollback segments are active.
2026-01-10 11:41:33 0 [Note] InnoDB: Removed temporary tablespace data file: "ibtmp1"
2026-01-10 11:41:33 0 [Note] InnoDB: Creating shared tablespace for temporary tables
2026-01-10 11:41:33 0 [Note] InnoDB: Setting file 'C:\xampp\mysql\data\ibtmp1' size to 12 MB. Physically writing the file full; Please wait ...
2026-01-10 11:41:33 0 [Note] InnoDB: File 'C:\xampp\mysql\data\ibtmp1' size is now 12 MB.
2026-01-10 11:41:33 0 [Note] InnoDB: Waiting for purge to start
2026-01-10 11:41:33 0 [Note] InnoDB: 10.4.32 started; log sequence number 5545581; transaction id 11238
2026-01-10 11:41:33 0 [Note] InnoDB: Loading buffer pool(s) from C:\xampp\mysql\data\ib_buffer_pool
2026-01-10 11:41:33 0 [Note] Plugin 'FEEDBACK' is disabled.
2026-01-10 11:41:33 0 [Note] Server socket created on IP: '::'.
2026-01-10 11:41:34 0 [Note] Reading of all Master_info entries succeeded
2026-01-10 11:41:34 0 [Note] Added new Master_info '' to hash table
2026-01-10 11:41:34 0 [Note] C:\xampp\mysql\bin\mysqld.exe: ready for connections.
Version: '10.4.32-MariaDB'  socket: ''  port: 3306  mariadb.org binary distribution
2026-01-10 11:41:34 0 [Note] InnoDB: Buffer pool(s) load completed at 260110 11:41:34
2026-01-10 17:15:06 31 [Warning] Aborted connection 31 to db: 'prologdb' user: 'prologDBadmin' host: 'vidupiyasa.bbrouter' (Got an error reading communication packets)
2026-01-10 17:15:06 30 [Warning] Aborted connection 30 to db: 'prologdb' user: 'prologDBadmin' host: 'vidupiyasa.bbrouter' (Got an error reading communication packets)
2026-01-11 14:45:55 40 [Warning] Aborted connection 40 to db: 'prologdb' user: 'prologDBadmin' host: 'vidupiyasa.bbrouter' (Got an error reading communication packets)
2026-01-11 14:45:55 41 [Warning] Aborted connection 41 to db: 'prologdb' user: 'prologDBadmin' host: 'vidupiyasa.bbrouter' (Got an error reading communication packets)
2026-01-11 19:52:17 42 [Warning] Aborted connection 42 to db: 'prologdb' user: 'prologDBadmin' host: 'vidupiyasa.bbrouter' (Got an error reading communication packets)
2026-01-11 19:52:17 43 [Warning] Aborted connection 43 to db: 'prologdb' user: 'prologDBadmin' host: 'vidupiyasa.bbrouter' (Got an error reading communication packets)
2026-01-11 19:52:17 44 [Warning] Aborted connection 44 to db: 'prologdb' user: 'prologDBadmin' host: 'vidupiyasa.bbrouter' (Got an error reading communication packets)
2026-01-12  8:50:01 49 [Warning] Aborted connection 49 to db: 'prologdb' user: 'prologDBadmin' host: 'vidupiyasa.bbrouter' (Got an error reading communication packets)
2026-01-12  8:50:01 50 [Warning] Aborted connection 50 to db: 'prologdb' user: 'prologDBadmin' host: 'vidupiyasa.bbrouter' (Got an error reading communication packets)
2026-01-12  8:50:01 51 [Warning] Aborted connection 51 to db: 'prologdb' user: 'prologDBadmin' host: 'vidupiyasa.bbrouter' (Got an error reading communication packets)
2026-01-12  9:55:55 57 [Warning] Aborted connection 57 to db: 'prologdb' user: 'prologDBadmin' host: 'vidupiyasa.bbrouter' (Got an error reading communication packets)
2026-01-12  9:55:55 58 [Warning] Aborted connection 58 to db: 'prologdb' user: 'prologDBadmin' host: 'vidupiyasa.bbrouter' (Got an error reading communication packets)
2026-01-12 11:53:19 0 [Note] Starting MariaDB 10.4.32-MariaDB source revision c4143f909528e3fab0677a28631d10389354c491 as process 3168
2026-01-12 11:53:19 0 [Note] InnoDB: Mutexes and rw_locks use Windows interlocked functions
2026-01-12 11:53:19 0 [Note] InnoDB: Uses event mutexes
2026-01-12 11:53:19 0 [Note] InnoDB: Compressed tables use zlib 1.3
2026-01-12 11:53:19 0 [Note] InnoDB: Number of pools: 1
2026-01-12 11:53:19 0 [Note] InnoDB: Using SSE2 crc32 instructions
2026-01-12 11:53:19 0 [Note] InnoDB: Initializing buffer pool, total size = 16M, instances = 1, chunk size = 16M
2026-01-12 11:53:19 0 [Note] InnoDB: Completed initialization of buffer pool
2026-01-12 11:53:19 0 [Note] InnoDB: Starting crash recovery from checkpoint LSN=5737668
2026-01-12 11:53:20 0 [Note] InnoDB: 128 out of 128 rollback segments are active.
2026-01-12 11:53:20 0 [Note] InnoDB: Removed temporary tablespace data file: "ibtmp1"
2026-01-12 11:53:20 0 [Note] InnoDB: Creating shared tablespace for temporary tables
2026-01-12 11:53:20 0 [Note] InnoDB: Setting file 'C:\xampp\mysql\data\ibtmp1' size to 12 MB. Physically writing the file full; Please wait ...
2026-01-12 11:53:20 0 [Note] InnoDB: File 'C:\xampp\mysql\data\ibtmp1' size is now 12 MB.
2026-01-12 11:53:20 0 [Note] InnoDB: Waiting for purge to start
2026-01-12 11:53:20 0 [Note] InnoDB: 10.4.32 started; log sequence number 5737677; transaction id 11740
2026-01-12 11:53:20 0 [Note] InnoDB: Loading buffer pool(s) from C:\xampp\mysql\data\ib_buffer_pool
2026-01-12 11:53:20 0 [Note] InnoDB: Buffer pool(s) load completed at 260112 11:53:20
2026-01-12 11:53:20 0 [Note] Plugin 'FEEDBACK' is disabled.
2026-01-12 11:53:20 0 [Note] Server socket created on IP: '::'.
2026-01-12 11:53:20 0 [Note] Reading of all Master_info entries succeeded
2026-01-12 11:53:20 0 [Note] Added new Master_info '' to hash table
2026-01-12 11:53:20 0 [Note] C:\xampp\mysql\bin\mysqld.exe: ready for connections.
Version: '10.4.32-MariaDB'  socket: ''  port: 3306  mariadb.org binary distribution
2026-01-12 11:56:25 8 [Warning] Aborted connection 8 to db: 'prologdb' user: 'prologDBadmin' host: 'vidupiyasa.bbrouter' (Got an error reading communication packets)
2026-01-12 11:56:25 9 [Warning] Aborted connection 9 to db: 'prologdb' user: 'prologDBadmin' host: 'vidupiyasa.bbrouter' (Got an error reading communication packets)
2026-01-12 12:39:12 0 [Note] Starting MariaDB 10.4.32-MariaDB source revision c4143f909528e3fab0677a28631d10389354c491 as process 2784
2026-01-12 12:39:12 0 [Note] InnoDB: Mutexes and rw_locks use Windows interlocked functions
2026-01-12 12:39:12 0 [Note] InnoDB: Uses event mutexes
2026-01-12 12:39:12 0 [Note] InnoDB: Compressed tables use zlib 1.3
2026-01-12 12:39:12 0 [Note] InnoDB: Number of pools: 1
2026-01-12 12:39:12 0 [Note] InnoDB: Using SSE2 crc32 instructions
2026-01-12 12:39:12 0 [Note] InnoDB: Initializing buffer pool, total size = 16M, instances = 1, chunk size = 16M
2026-01-12 12:39:12 0 [Note] InnoDB: Completed initialization of buffer pool
2026-01-12 12:39:12 0 [Note] InnoDB: Starting crash recovery from checkpoint LSN=5740263
2026-01-12 12:39:12 0 [Note] InnoDB: 128 out of 128 rollback segments are active.
2026-01-12 12:39:12 0 [Note] InnoDB: Removed temporary tablespace data file: "ibtmp1"
2026-01-12 12:39:12 0 [Note] InnoDB: Creating shared tablespace for temporary tables
2026-01-12 12:39:12 0 [Note] InnoDB: Setting file 'C:\xampp\mysql\data\ibtmp1' size to 12 MB. Physically writing the file full; Please wait ...
2026-01-12 12:39:12 0 [Note] InnoDB: File 'C:\xampp\mysql\data\ibtmp1' size is now 12 MB.
2026-01-12 12:39:12 0 [Note] InnoDB: Waiting for purge to start
2026-01-12 12:39:13 0 [Note] InnoDB: 10.4.32 started; log sequence number 5740272; transaction id 11764
2026-01-12 12:39:13 0 [Note] InnoDB: Loading buffer pool(s) from C:\xampp\mysql\data\ib_buffer_pool
2026-01-12 12:39:13 0 [Note] Plugin 'FEEDBACK' is disabled.
2026-01-12 12:39:13 0 [Note] InnoDB: Buffer pool(s) load completed at 260112 12:39:13
2026-01-12 12:39:13 0 [Note] Server socket created on IP: '::'.
2026-01-12 12:39:13 0 [Note] Reading of all Master_info entries succeeded
2026-01-12 12:39:13 0 [Note] Added new Master_info '' to hash table
2026-01-12 12:39:13 0 [Note] C:\xampp\mysql\bin\mysqld.exe: ready for connections.
Version: '10.4.32-MariaDB'  socket: ''  port: 3306  mariadb.org binary distribution
2026-01-12 12:40:49 8 [Warning] Aborted connection 8 to db: 'prologdb' user: 'prologDBadmin' host: 'vidupiyasa.bbrouter' (Got an error reading communication packets)
2026-01-12 12:40:49 9 [Warning] Aborted connection 9 to db: 'prologdb' user: 'prologDBadmin' host: 'vidupiyasa.bbrouter' (Got an error reading communication packets)
2026-01-12 12:47:28 14 [Warning] Aborted connection 14 to db: 'prologdb' user: 'prologDBadmin' host: 'DESKTOP-TF6ACUU.bbrouter' (Got an error reading communication packets)
2026-01-12 12:47:28 12 [Warning] Aborted connection 12 to db: 'prologdb' user: 'prologDBadmin' host: 'DESKTOP-TF6ACUU.bbrouter' (Got an error reading communication packets)
2026-01-12 12:47:28 13 [Warning] Aborted connection 13 to db: 'prologdb' user: 'prologDBadmin' host: 'DESKTOP-TF6ACUU.bbrouter' (Got an error reading communication packets)
2026-01-12 14:11:59 0 [Note] Starting MariaDB 10.4.32-MariaDB source revision c4143f909528e3fab0677a28631d10389354c491 as process 588
2026-01-12 14:11:59 0 [Note] InnoDB: Mutexes and rw_locks use Windows interlocked functions
2026-01-12 14:11:59 0 [Note] InnoDB: Uses event mutexes
2026-01-12 14:11:59 0 [Note] InnoDB: Compressed tables use zlib 1.3
2026-01-12 14:11:59 0 [Note] InnoDB: Number of pools: 1
2026-01-12 14:11:59 0 [Note] InnoDB: Using SSE2 crc32 instructions
2026-01-12 14:11:59 0 [Note] InnoDB: Initializing buffer pool, total size = 16M, instances = 1, chunk size = 16M
2026-01-12 14:11:59 0 [Note] InnoDB: Completed initialization of buffer pool
2026-01-12 14:11:59 0 [Note] InnoDB: Starting crash recovery from checkpoint LSN=5742740
2026-01-12 14:11:59 0 [Note] InnoDB: 128 out of 128 rollback segments are active.
2026-01-12 14:11:59 0 [Note] InnoDB: Removed temporary tablespace data file: "ibtmp1"
2026-01-12 14:11:59 0 [Note] InnoDB: Creating shared tablespace for temporary tables
2026-01-12 14:11:59 0 [Note] InnoDB: Setting file 'C:\xampp\mysql\data\ibtmp1' size to 12 MB. Physically writing the file full; Please wait ...
2026-01-12 14:11:59 0 [Note] InnoDB: File 'C:\xampp\mysql\data\ibtmp1' size is now 12 MB.
2026-01-12 14:11:59 0 [Note] InnoDB: Waiting for purge to start
2026-01-12 14:12:00 0 [Note] InnoDB: 10.4.32 started; log sequence number 5742749; transaction id 11788
2026-01-12 14:12:00 0 [Note] InnoDB: Loading buffer pool(s) from C:\xampp\mysql\data\ib_buffer_pool
2026-01-12 14:12:00 0 [Note] Plugin 'FEEDBACK' is disabled.
2026-01-12 14:12:00 0 [Note] InnoDB: Buffer pool(s) load completed at 260112 14:12:00
2026-01-12 14:12:00 0 [Note] Server socket created on IP: '::'.
2026-01-12 14:12:00 0 [Note] Reading of all Master_info entries succeeded
2026-01-12 14:12:00 0 [Note] Added new Master_info '' to hash table
2026-01-12 14:12:00 0 [Note] C:\xampp\mysql\bin\mysqld.exe: ready for connections.
Version: '10.4.32-MariaDB'  socket: ''  port: 3306  mariadb.org binary distribution
2026-01-12 14:15:13 9 [Warning] Aborted connection 9 to db: 'prologdb' user: 'prologDBadmin' host: 'DESKTOP-TF6ACUU.bbrouter' (Got an error reading communication packets)
2026-01-12 14:15:13 8 [Warning] Aborted connection 8 to db: 'prologdb' user: 'prologDBadmin' host: 'DESKTOP-TF6ACUU.bbrouter' (Got an error reading communication packets)
2026-01-12 14:15:13 10 [Warning] Aborted connection 10 to db: 'prologdb' user: 'prologDBadmin' host: 'DESKTOP-TF6ACUU.bbrouter' (Got an error reading communication packets)
2026-01-12 14:34:35 13 [Warning] Aborted connection 13 to db: 'prologdb' user: 'prologDBadmin' host: 'DESKTOP-TF6ACUU.bbrouter' (Got an error reading communication packets)
2026-01-12 14:35:52 14 [Warning] Aborted connection 14 to db: 'prologdb' user: 'prologDBadmin' host: 'DESKTOP-TF6ACUU.bbrouter' (Got an error reading communication packets)
2026-01-12 14:35:52 11 [Warning] Aborted connection 11 to db: 'prologdb' user: 'prologDBadmin' host: 'vidupiyasa.bbrouter' (Got an error reading communication packets)
2026-01-12 14:35:52 12 [Warning] Aborted connection 12 to db: 'prologdb' user: 'prologDBadmin' host: 'vidupiyasa.bbrouter' (Got an error reading communication packets)
2026-01-13  9:30:25 0 [Note] Starting MariaDB 10.4.32-MariaDB source revision c4143f909528e3fab0677a28631d10389354c491 as process 2656
2026-01-13  9:30:25 0 [Note] InnoDB: Mutexes and rw_locks use Windows interlocked functions
2026-01-13  9:30:25 0 [Note] InnoDB: Uses event mutexes
2026-01-13  9:30:25 0 [Note] InnoDB: Compressed tables use zlib 1.3
2026-01-13  9:30:25 0 [Note] InnoDB: Number of pools: 1
2026-01-13  9:30:25 0 [Note] InnoDB: Using SSE2 crc32 instructions
2026-01-13  9:30:25 0 [Note] InnoDB: Initializing buffer pool, total size = 16M, instances = 1, chunk size = 16M
2026-01-13  9:30:25 0 [Note] InnoDB: Completed initialization of buffer pool
2026-01-13  9:30:25 0 [Note] InnoDB: Starting crash recovery from checkpoint LSN=5742758
2026-01-13  9:30:26 0 [Note] InnoDB: 128 out of 128 rollback segments are active.
2026-01-13  9:30:26 0 [Note] InnoDB: Removed temporary tablespace data file: "ibtmp1"
2026-01-13  9:30:26 0 [Note] InnoDB: Creating shared tablespace for temporary tables
2026-01-13  9:30:26 0 [Note] InnoDB: Setting file 'C:\xampp\mysql\data\ibtmp1' size to 12 MB. Physically writing the file full; Please wait ...
2026-01-13  9:30:26 0 [Note] InnoDB: File 'C:\xampp\mysql\data\ibtmp1' size is now 12 MB.
2026-01-13  9:30:26 0 [Note] InnoDB: Waiting for purge to start
2026-01-13  9:30:26 0 [Note] InnoDB: 10.4.32 started; log sequence number 5742767; transaction id 11788
2026-01-13  9:30:26 0 [Note] InnoDB: Loading buffer pool(s) from C:\xampp\mysql\data\ib_buffer_pool
2026-01-13  9:30:26 0 [Note] Plugin 'FEEDBACK' is disabled.
2026-01-13  9:30:26 0 [Note] InnoDB: Buffer pool(s) load completed at 260113  9:30:26
2026-01-13  9:30:26 0 [Note] Server socket created on IP: '::'.
2026-01-13  9:30:27 0 [Note] Reading of all Master_info entries succeeded
2026-01-13  9:30:27 0 [Note] Added new Master_info '' to hash table
2026-01-13  9:30:27 0 [Note] C:\xampp\mysql\bin\mysqld.exe: ready for connections.
Version: '10.4.32-MariaDB'  socket: ''  port: 3306  mariadb.org binary distribution
2026-01-14 10:13:39 0 [Note] Starting MariaDB 10.4.32-MariaDB source revision c4143f909528e3fab0677a28631d10389354c491 as process 2296
2026-01-14 10:13:39 0 [Note] InnoDB: Mutexes and rw_locks use Windows interlocked functions
2026-01-14 10:13:39 0 [Note] InnoDB: Uses event mutexes
2026-01-14 10:13:39 0 [Note] InnoDB: Compressed tables use zlib 1.3
2026-01-14 10:13:39 0 [Note] InnoDB: Number of pools: 1
2026-01-14 10:13:39 0 [Note] InnoDB: Using SSE2 crc32 instructions
2026-01-14 10:13:39 0 [Note] InnoDB: Initializing buffer pool, total size = 16M, instances = 1, chunk size = 16M
2026-01-14 10:13:39 0 [Note] InnoDB: Completed initialization of buffer pool
2026-01-14 10:13:39 0 [Note] InnoDB: Starting crash recovery from checkpoint LSN=5742776
2026-01-14 10:13:40 0 [Note] InnoDB: 128 out of 128 rollback segments are active.
2026-01-14 10:13:40 0 [Note] InnoDB: Removed temporary tablespace data file: "ibtmp1"
2026-01-14 10:13:40 0 [Note] InnoDB: Creating shared tablespace for temporary tables
2026-01-14 10:13:40 0 [Note] InnoDB: Setting file 'C:\xampp\mysql\data\ibtmp1' size to 12 MB. Physically writing the file full; Please wait ...
2026-01-14 10:13:40 0 [Note] InnoDB: File 'C:\xampp\mysql\data\ibtmp1' size is now 12 MB.
2026-01-14 10:13:40 0 [Note] InnoDB: Waiting for purge to start
2026-01-14 10:13:40 0 [Note] InnoDB: 10.4.32 started; log sequence number 5742785; transaction id 11788
2026-01-14 10:13:40 0 [Note] InnoDB: Loading buffer pool(s) from C:\xampp\mysql\data\ib_buffer_pool
2026-01-14 10:13:40 0 [Note] Plugin 'FEEDBACK' is disabled.
2026-01-14 10:13:40 0 [Note] Server socket created on IP: '::'.
2026-01-14 10:13:40 0 [Note] InnoDB: Buffer pool(s) load completed at 260114 10:13:40
2026-01-14 10:13:40 0 [Note] Reading of all Master_info entries succeeded
2026-01-14 10:13:40 0 [Note] Added new Master_info '' to hash table
2026-01-14 10:13:40 0 [Note] C:\xampp\mysql\bin\mysqld.exe: ready for connections.
Version: '10.4.32-MariaDB'  socket: ''  port: 3306  mariadb.org binary distribution
2026-01-14 14:57:32 0 [Note] Starting MariaDB 10.4.32-MariaDB source revision c4143f909528e3fab0677a28631d10389354c491 as process 1732
2026-01-14 14:57:32 0 [Note] InnoDB: Mutexes and rw_locks use Windows interlocked functions
2026-01-14 14:57:32 0 [Note] InnoDB: Uses event mutexes
2026-01-14 14:57:32 0 [Note] InnoDB: Compressed tables use zlib 1.3
2026-01-14 14:57:32 0 [Note] InnoDB: Number of pools: 1
2026-01-14 14:57:32 0 [Note] InnoDB: Using SSE2 crc32 instructions
2026-01-14 14:57:32 0 [Note] InnoDB: Initializing buffer pool, total size = 16M, instances = 1, chunk size = 16M
2026-01-14 14:57:32 0 [Note] InnoDB: Completed initialization of buffer pool
2026-01-14 14:57:32 0 [Note] InnoDB: Starting crash recovery from checkpoint LSN=5742794
2026-01-14 14:57:32 0 [Note] InnoDB: 128 out of 128 rollback segments are active.
2026-01-14 14:57:32 0 [Note] InnoDB: Removed temporary tablespace data file: "ibtmp1"
2026-01-14 14:57:32 0 [Note] InnoDB: Creating shared tablespace for temporary tables
2026-01-14 14:57:32 0 [Note] InnoDB: Setting file 'C:\xampp\mysql\data\ibtmp1' size to 12 MB. Physically writing the file full; Please wait ...
2026-01-14 14:57:32 0 [Note] InnoDB: File 'C:\xampp\mysql\data\ibtmp1' size is now 12 MB.
2026-01-14 14:57:32 0 [Note] InnoDB: Waiting for purge to start
2026-01-14 14:57:33 0 [Note] InnoDB: 10.4.32 started; log sequence number 5742803; transaction id 11788
2026-01-14 14:57:33 0 [Note] InnoDB: Loading buffer pool(s) from C:\xampp\mysql\data\ib_buffer_pool
2026-01-14 14:57:33 0 [Note] Plugin 'FEEDBACK' is disabled.
2026-01-14 14:57:33 0 [Note] Server socket created on IP: '::'.
2026-01-14 14:57:33 0 [Note] InnoDB: Buffer pool(s) load completed at 260114 14:57:33
2026-01-14 14:57:33 0 [Note] Reading of all Master_info entries succeeded
2026-01-14 14:57:33 0 [Note] Added new Master_info '' to hash table
2026-01-14 14:57:33 0 [Note] C:\xampp\mysql\bin\mysqld.exe: ready for connections.
Version: '10.4.32-MariaDB'  socket: ''  port: 3306  mariadb.org binary distribution
2026-01-15 10:22:27 0 [Note] Starting MariaDB 10.4.32-MariaDB source revision c4143f909528e3fab0677a28631d10389354c491 as process 3108
2026-01-15 10:22:27 0 [Note] InnoDB: Mutexes and rw_locks use Windows interlocked functions
2026-01-15 10:22:27 0 [Note] InnoDB: Uses event mutexes
2026-01-15 10:22:27 0 [Note] InnoDB: Compressed tables use zlib 1.3
2026-01-15 10:22:27 0 [Note] InnoDB: Number of pools: 1
2026-01-15 10:22:27 0 [Note] InnoDB: Using SSE2 crc32 instructions
2026-01-15 10:22:27 0 [Note] InnoDB: Initializing buffer pool, total size = 16M, instances = 1, chunk size = 16M
2026-01-15 10:22:27 0 [Note] InnoDB: Completed initialization of buffer pool
2026-01-15 10:22:27 0 [Note] InnoDB: Starting crash recovery from checkpoint LSN=5742812
2026-01-15 10:22:28 0 [Note] InnoDB: 128 out of 128 rollback segments are active.
2026-01-15 10:22:28 0 [Note] InnoDB: Removed temporary tablespace data file: "ibtmp1"
2026-01-15 10:22:28 0 [Note] InnoDB: Creating shared tablespace for temporary tables
2026-01-15 10:22:28 0 [Note] InnoDB: Setting file 'C:\xampp\mysql\data\ibtmp1' size to 12 MB. Physically writing the file full; Please wait ...
2026-01-15 10:22:28 0 [Note] InnoDB: File 'C:\xampp\mysql\data\ibtmp1' size is now 12 MB.
2026-01-15 10:22:28 0 [Note] InnoDB: Waiting for purge to start
2026-01-15 10:22:28 0 [Note] InnoDB: 10.4.32 started; log sequence number 5742821; transaction id 11788
2026-01-15 10:22:28 0 [Note] InnoDB: Loading buffer pool(s) from C:\xampp\mysql\data\ib_buffer_pool
2026-01-15 10:22:28 0 [Note] Plugin 'FEEDBACK' is disabled.
2026-01-15 10:22:28 0 [Note] Server socket created on IP: '::'.
2026-01-15 10:22:28 0 [Note] Reading of all Master_info entries succeeded
2026-01-15 10:22:28 0 [Note] Added new Master_info '' to hash table
2026-01-15 10:22:28 0 [Note] C:\xampp\mysql\bin\mysqld.exe: ready for connections.
Version: '10.4.32-MariaDB'  socket: ''  port: 3306  mariadb.org binary distribution
2026-01-15 10:22:28 0 [Note] InnoDB: Buffer pool(s) load completed at 260115 10:22:28
2026-01-15 10:52:13 8 [Warning] Aborted connection 8 to db: 'prologdb' user: 'prologDBadmin' host: 'vidupiyasa.bbrouter' (Got an error reading communication packets)
2026-01-15 10:52:13 9 [Warning] Aborted connection 9 to db: 'prologdb' user: 'prologDBadmin' host: 'vidupiyasa.bbrouter' (Got an error reading communication packets)
2026-01-15 10:55:11 10 [Warning] Aborted connection 10 to db: 'prologdb' user: 'prologDBadmin' host: 'DESKTOP-TF6ACUU.bbrouter' (Got an error reading communication packets)
2026-01-15 10:55:30 11 [Warning] Aborted connection 11 to db: 'prologdb' user: 'prologDBadmin' host: 'DESKTOP-TF6ACUU.bbrouter' (Got an error reading communication packets)
2026-01-15 10:56:17 14 [Warning] Aborted connection 14 to db: 'prologdb' user: 'prologDBadmin' host: 'DESKTOP-TF6ACUU.bbrouter' (Got an error reading communication packets)
2026-01-15 10:56:17 13 [Warning] Aborted connection 13 to db: 'prologdb' user: 'prologDBadmin' host: 'DESKTOP-TF6ACUU.bbrouter' (Got an error reading communication packets)
2026-01-15 10:56:17 12 [Warning] Aborted connection 12 to db: 'prologdb' user: 'prologDBadmin' host: 'DESKTOP-TF6ACUU.bbrouter' (Got an error reading communication packets)
2026-01-15 10:57:52 17 [Warning] Aborted connection 17 to db: 'prologdb' user: 'prologDBadmin' host: 'DESKTOP-TF6ACUU.bbrouter' (Got an error reading communication packets)
2026-01-15 10:57:52 15 [Warning] Aborted connection 15 to db: 'prologdb' user: 'prologDBadmin' host: 'DESKTOP-TF6ACUU.bbrouter' (Got an error reading communication packets)
2026-01-15 10:57:52 16 [Warning] Aborted connection 16 to db: 'prologdb' user: 'prologDBadmin' host: 'DESKTOP-TF6ACUU.bbrouter' (Got an error reading communication packets)
2026-01-15 10:58:54 18 [Warning] Aborted connection 18 to db: 'unconnected' user: 'unauthenticated' host: 'DESKTOP-TF6ACUU.bbrouter' (Got an error reading communication packets)
2026-01-15 10:58:54 18 [Warning] Aborted connection 18 to db: 'unconnected' user: 'unauthenticated' host: 'DESKTOP-TF6ACUU.bbrouter' (This connection closed normally without authentication)
2026-01-15 13:46:38 30 [Warning] Aborted connection 30 to db: 'prologdb' user: 'prologDBadmin' host: 'DESKTOP-TF6ACUU.bbrouter' (Got an error reading communication packets)
2026-01-15 14:00:21 29 [Warning] Aborted connection 29 to db: 'prologdb' user: 'prologDBadmin' host: 'DESKTOP-TF6ACUU.bbrouter' (Got an error reading communication packets)
2026-01-15 14:02:06 47 [Warning] Aborted connection 47 to db: 'prologdb' user: 'prologDBadmin' host: 'vidupiyasa.bbrouter' (Got an error reading communication packets)
2026-01-15 14:02:06 45 [Warning] Aborted connection 45 to db: 'prologdb' user: 'prologDBadmin' host: 'DESKTOP-TF6ACUU.bbrouter' (Got an error reading communication packets)
2026-01-15 14:02:06 46 [Warning] Aborted connection 46 to db: 'prologdb' user: 'prologDBadmin' host: 'vidupiyasa.bbrouter' (Got an error reading communication packets)
2026-01-15 14:02:06 44 [Warning] Aborted connection 44 to db: 'prologdb' user: 'prologDBadmin' host: 'DESKTOP-TF6ACUU.bbrouter' (Got an error reading communication packets)
2026-01-15 14:35:14 50 [Warning] Aborted connection 50 to db: 'prologdb' user: 'prologDBadmin' host: 'DESKTOP-TF6ACUU' (Got an error reading communication packets)
2026-01-15 14:44:59 53 [Warning] Aborted connection 53 to db: 'prologdb' user: 'prologDBadmin' host: 'DESKTOP-TF6ACUU' (Got an error reading communication packets)
2026-01-15 14:44:59 55 [Warning] Aborted connection 55 to db: 'prologdb' user: 'prologDBadmin' host: 'DESKTOP-TF6ACUU' (Got an error reading communication packets)
2026-01-15 14:44:59 54 [Warning] Aborted connection 54 to db: 'prologdb' user: 'prologDBadmin' host: 'DESKTOP-TF6ACUU' (Got an error reading communication packets)
2026-01-15 16:33:16 62 [Warning] Aborted connection 62 to db: 'prologdb' user: 'prologDBadmin' host: 'vidupiyasa' (Got an error reading communication packets)
2026-01-15 16:33:16 64 [Warning] Aborted connection 64 to db: 'prologdb' user: 'prologDBadmin' host: 'vidupiyasa' (Got an error reading communication packets)
2026-01-15 16:33:16 63 [Warning] Aborted connection 63 to db: 'prologdb' user: 'prologDBadmin' host: 'vidupiyasa' (Got an error reading communication packets)
2026-01-16 16:05:28 81 [Warning] Aborted connection 81 to db: 'prologdb' user: 'prologDBadmin' host: 'DESKTOP-TF6ACUU.bbrouter' (Got an error reading communication packets)
2026-01-16 16:05:28 82 [Warning] Aborted connection 82 to db: 'prologdb' user: 'prologDBadmin' host: 'DESKTOP-TF6ACUU.bbrouter' (Got an error reading communication packets)
2026-01-16 16:30:08 83 [Warning] Aborted connection 83 to db: 'prologdb' user: 'prologDBadmin' host: 'DESKTOP-TF6ACUU.bbrouter' (Got an error reading communication packets)
2026-01-16 16:30:08 84 [Warning] Aborted connection 84 to db: 'prologdb' user: 'prologDBadmin' host: 'DESKTOP-TF6ACUU.bbrouter' (Got an error reading communication packets)
2026-01-16 17:03:23 88 [Warning] Aborted connection 88 to db: 'prologdb' user: 'prologDBadmin' host: 'DESKTOP-TF6ACUU.bbrouter' (Got an error reading communication packets)
2026-01-16 17:03:23 87 [Warning] Aborted connection 87 to db: 'prologdb' user: 'prologDBadmin' host: 'DESKTOP-TF6ACUU.bbrouter' (Got an error reading communication packets)
2026-01-16 17:13:15 89 [Warning] Aborted connection 89 to db: 'prologdb' user: 'prologDBadmin' host: 'DESKTOP-TF6ACUU.bbrouter' (Got an error reading communication packets)
2026-01-16 17:13:15 90 [Warning] Aborted connection 90 to db: 'prologdb' user: 'prologDBadmin' host: 'DESKTOP-TF6ACUU.bbrouter' (Got an error reading communication packets)
2026-01-16 17:13:23 0 [Note] C:\xampp\mysql\bin\mysqld.exe (initiated by: unknown): Normal shutdown
2026-01-16 17:13:23 0 [Note] Event Scheduler: Purging the queue. 0 events
2026-01-16 17:13:23 0 [Note] InnoDB: FTS optimize thread exiting.
2026-01-16 17:13:23 0 [Note] InnoDB: Starting shutdown...
2026-01-16 17:13:23 0 [Note] InnoDB: Dumping buffer pool(s) to C:\xampp\mysql\data\ib_buffer_pool
2026-01-16 17:13:23 0 [Note] InnoDB: Instance 0, restricted to 250 pages due to innodb_buf_pool_dump_pct=25
2026-01-16 17:13:23 0 [Note] InnoDB: Buffer pool(s) dump completed at 260116 17:13:23
2026-01-16 17:13:24 0 [Note] InnoDB: Removed temporary tablespace data file: "ibtmp1"
2026-01-16 17:13:24 0 [Note] InnoDB: Shutdown completed; log sequence number 5790908; transaction id 11941
2026-01-16 17:13:24 0 [Note] C:\xampp\mysql\bin\mysqld.exe: Shutdown complete

2026-01-16 17:13:53 0 [Note] Starting MariaDB 10.4.32-MariaDB source revision c4143f909528e3fab0677a28631d10389354c491 as process 3276
2026-01-16 17:13:53 0 [Note] InnoDB: Mutexes and rw_locks use Windows interlocked functions
2026-01-16 17:13:53 0 [Note] InnoDB: Uses event mutexes
2026-01-16 17:13:53 0 [Note] InnoDB: Compressed tables use zlib 1.3
2026-01-16 17:13:53 0 [Note] InnoDB: Number of pools: 1
2026-01-16 17:13:53 0 [Note] InnoDB: Using SSE2 crc32 instructions
2026-01-16 17:13:54 0 [Note] InnoDB: Initializing buffer pool, total size = 16M, instances = 1, chunk size = 16M
2026-01-16 17:13:54 0 [Note] InnoDB: Completed initialization of buffer pool
2026-01-16 17:13:54 0 [Note] InnoDB: 128 out of 128 rollback segments are active.
2026-01-16 17:13:54 0 [Note] InnoDB: Creating shared tablespace for temporary tables
2026-01-16 17:13:54 0 [Note] InnoDB: Setting file 'C:\xampp\mysql\data\ibtmp1' size to 12 MB. Physically writing the file full; Please wait ...
2026-01-16 17:13:54 0 [Note] InnoDB: File 'C:\xampp\mysql\data\ibtmp1' size is now 12 MB.
2026-01-16 17:13:54 0 [Note] InnoDB: Waiting for purge to start
2026-01-16 17:13:54 0 [Note] InnoDB: 10.4.32 started; log sequence number 5790908; transaction id 11940
2026-01-16 17:13:54 0 [Note] InnoDB: Loading buffer pool(s) from C:\xampp\mysql\data\ib_buffer_pool
2026-01-16 17:13:54 0 [Note] Plugin 'FEEDBACK' is disabled.
2026-01-16 17:13:54 0 [Note] Server socket created on IP: '::'.
2026-01-16 17:13:55 0 [Note] Reading of all Master_info entries succeeded
2026-01-16 17:13:55 0 [Note] Added new Master_info '' to hash table
2026-01-16 17:13:55 0 [Note] C:\xampp\mysql\bin\mysqld.exe: ready for connections.
Version: '10.4.32-MariaDB'  socket: ''  port: 3306  mariadb.org binary distribution
2026-01-16 17:13:55 0 [Note] InnoDB: Buffer pool(s) load completed at 260116 17:13:55
2026-01-16 17:42:03 10 [Warning] Aborted connection 10 to db: 'prologdb' user: 'prologDBadmin' host: 'DESKTOP-TF6ACUU.bbrouter' (Got an error reading communication packets)
2026-01-16 17:42:29 11 [Warning] Aborted connection 11 to db: 'prologdb' user: 'prologDBadmin' host: 'DESKTOP-TF6ACUU.bbrouter' (Got an error reading communication packets)
2026-01-16 18:19:41 16 [Warning] Aborted connection 16 to db: 'prologdb' user: 'prologDBadmin' host: 'DESKTOP-TF6ACUU.bbrouter' (Got an error reading communication packets)
2026-01-16 18:19:41 17 [Warning] Aborted connection 17 to db: 'prologdb' user: 'prologDBadmin' host: 'DESKTOP-TF6ACUU.bbrouter' (Got an error reading communication packets)
2026-01-16 18:19:41 18 [Warning] Aborted connection 18 to db: 'prologdb' user: 'prologDBadmin' host: 'DESKTOP-TF6ACUU.bbrouter' (Got an error reading communication packets)
2026-01-17  7:17:26 0 [Note] Starting MariaDB 10.4.32-MariaDB source revision c4143f909528e3fab0677a28631d10389354c491 as process 2988
2026-01-17  7:17:26 0 [Note] InnoDB: Mutexes and rw_locks use Windows interlocked functions
2026-01-17  7:17:26 0 [Note] InnoDB: Uses event mutexes
2026-01-17  7:17:26 0 [Note] InnoDB: Compressed tables use zlib 1.3
2026-01-17  7:17:26 0 [Note] InnoDB: Number of pools: 1
2026-01-17  7:17:26 0 [Note] InnoDB: Using SSE2 crc32 instructions
2026-01-17  7:17:26 0 [Note] InnoDB: Initializing buffer pool, total size = 16M, instances = 1, chunk size = 16M
2026-01-17  7:17:26 0 [Note] InnoDB: Completed initialization of buffer pool
2026-01-17  7:17:26 0 [Note] InnoDB: Starting crash recovery from checkpoint LSN=5790908
2026-01-17  7:17:27 0 [Note] InnoDB: 128 out of 128 rollback segments are active.
2026-01-17  7:17:27 0 [Note] InnoDB: Removed temporary tablespace data file: "ibtmp1"
2026-01-17  7:17:27 0 [Note] InnoDB: Creating shared tablespace for temporary tables
2026-01-17  7:17:27 0 [Note] InnoDB: Setting file 'C:\xampp\mysql\data\ibtmp1' size to 12 MB. Physically writing the file full; Please wait ...
2026-01-17  7:17:27 0 [Note] InnoDB: File 'C:\xampp\mysql\data\ibtmp1' size is now 12 MB.
2026-01-17  7:17:27 0 [Note] InnoDB: Waiting for purge to start
2026-01-17  7:17:27 0 [Note] InnoDB: 10.4.32 started; log sequence number 5790917; transaction id 11940
2026-01-17  7:17:27 0 [Note] InnoDB: Loading buffer pool(s) from C:\xampp\mysql\data\ib_buffer_pool
2026-01-17  7:17:27 0 [Note] Plugin 'FEEDBACK' is disabled.
2026-01-17  7:17:27 0 [Note] Server socket created on IP: '::'.
2026-01-17  7:17:27 0 [Note] InnoDB: Buffer pool(s) load completed at 260117  7:17:27
2026-01-17  7:17:27 0 [Note] Reading of all Master_info entries succeeded
2026-01-17  7:17:27 0 [Note] Added new Master_info '' to hash table
2026-01-17  7:17:27 0 [Note] C:\xampp\mysql\bin\mysqld.exe: ready for connections.
Version: '10.4.32-MariaDB'  socket: ''  port: 3306  mariadb.org binary distribution
2026-01-17 10:19:00 14 [Warning] Aborted connection 14 to db: 'prologdb' user: 'prologDBadmin' host: 'vidupiyasa.bbrouter' (Got an error reading communication packets)
2026-01-17 10:19:00 15 [Warning] Aborted connection 15 to db: 'prologdb' user: 'prologDBadmin' host: 'vidupiyasa.bbrouter' (Got an error reading communication packets)
2026-01-17 11:45:09 19 [Warning] Aborted connection 19 to db: 'prologdb' user: 'prologDBadmin' host: 'DESKTOP-TF6ACUU.bbrouter' (Got an error reading communication packets)
2026-01-17 11:45:09 18 [Warning] Aborted connection 18 to db: 'prologdb' user: 'prologDBadmin' host: 'DESKTOP-TF6ACUU.bbrouter' (Got an error reading communication packets)
2026-01-17 11:45:09 20 [Warning] Aborted connection 20 to db: 'prologdb' user: 'prologDBadmin' host: 'DESKTOP-TF6ACUU.bbrouter' (Got an error reading communication packets)
2026-01-17 11:46:12 21 [Warning] Aborted connection 21 to db: 'prologdb' user: 'prologDBadmin' host: 'DESKTOP-TF6ACUU.bbrouter' (Got an error reading communication packets)
2026-01-17 11:46:12 22 [Warning] Aborted connection 22 to db: 'prologdb' user: 'prologDBadmin' host: 'DESKTOP-TF6ACUU.bbrouter' (Got an error reading communication packets)
2026-01-17 11:47:33 24 [Warning] Aborted connection 24 to db: 'prologdb' user: 'prologDBadmin' host: 'DESKTOP-TF6ACUU.bbrouter' (Got an error reading communication packets)
2026-01-17 11:47:33 23 [Warning] Aborted connection 23 to db: 'prologdb' user: 'prologDBadmin' host: 'DESKTOP-TF6ACUU.bbrouter' (Got an error reading communication packets)
2026-01-17 12:25:14 25 [Warning] Aborted connection 25 to db: 'prologdb' user: 'prologDBadmin' host: 'vidupiyasa.bbrouter' (Got an error reading communication packets)
2026-01-17 12:25:14 26 [Warning] Aborted connection 26 to db: 'prologdb' user: 'prologDBadmin' host: 'vidupiyasa.bbrouter' (Got an error reading communication packets)
2026-01-19  8:25:05 0 [Note] Starting MariaDB 10.4.32-MariaDB source revision c4143f909528e3fab0677a28631d10389354c491 as process 2772
2026-01-19  8:25:05 0 [Note] InnoDB: Mutexes and rw_locks use Windows interlocked functions
2026-01-19  8:25:05 0 [Note] InnoDB: Uses event mutexes
2026-01-19  8:25:05 0 [Note] InnoDB: Compressed tables use zlib 1.3
2026-01-19  8:25:05 0 [Note] InnoDB: Number of pools: 1
2026-01-19  8:25:05 0 [Note] InnoDB: Using SSE2 crc32 instructions
2026-01-19  8:25:05 0 [Note] InnoDB: Initializing buffer pool, total size = 16M, instances = 1, chunk size = 16M
2026-01-19  8:25:05 0 [Note] InnoDB: Completed initialization of buffer pool
2026-01-19  8:25:05 0 [Note] InnoDB: Starting crash recovery from checkpoint LSN=5836220
2026-01-19  8:25:05 0 [Note] InnoDB: 128 out of 128 rollback segments are active.
2026-01-19  8:25:05 0 [Note] InnoDB: Removed temporary tablespace data file: "ibtmp1"
2026-01-19  8:25:05 0 [Note] InnoDB: Creating shared tablespace for temporary tables
2026-01-19  8:25:05 0 [Note] InnoDB: Setting file 'C:\xampp\mysql\data\ibtmp1' size to 12 MB. Physically writing the file full; Please wait ...
2026-01-19  8:25:05 0 [Note] InnoDB: File 'C:\xampp\mysql\data\ibtmp1' size is now 12 MB.
2026-01-19  8:25:05 0 [Note] InnoDB: Waiting for purge to start
2026-01-19  8:25:06 0 [Note] InnoDB: 10.4.32 started; log sequence number 5836229; transaction id 12110
2026-01-19  8:25:06 0 [Note] InnoDB: Loading buffer pool(s) from C:\xampp\mysql\data\ib_buffer_pool
2026-01-19  8:25:06 0 [Note] Plugin 'FEEDBACK' is disabled.
2026-01-19  8:25:06 0 [Note] Server socket created on IP: '::'.
2026-01-19  8:25:06 0 [Note] InnoDB: Buffer pool(s) load completed at 260119  8:25:06
2026-01-19  8:25:06 0 [Note] Reading of all Master_info entries succeeded
2026-01-19  8:25:06 0 [Note] Added new Master_info '' to hash table
2026-01-19  8:25:06 0 [Note] C:\xampp\mysql\bin\mysqld.exe: ready for connections.
Version: '10.4.32-MariaDB'  socket: ''  port: 3306  mariadb.org binary distribution
2026-01-20 11:08:29 0 [Note] Starting MariaDB 10.4.32-MariaDB source revision c4143f909528e3fab0677a28631d10389354c491 as process 3164
2026-01-20 11:08:29 0 [Note] InnoDB: Mutexes and rw_locks use Windows interlocked functions
2026-01-20 11:08:29 0 [Note] InnoDB: Uses event mutexes
2026-01-20 11:08:29 0 [Note] InnoDB: Compressed tables use zlib 1.3
2026-01-20 11:08:29 0 [Note] InnoDB: Number of pools: 1
2026-01-20 11:08:29 0 [Note] InnoDB: Using SSE2 crc32 instructions
2026-01-20 11:08:29 0 [Note] InnoDB: Initializing buffer pool, total size = 16M, instances = 1, chunk size = 16M
2026-01-20 11:08:29 0 [Note] InnoDB: Completed initialization of buffer pool
2026-01-20 11:08:29 0 [Note] InnoDB: Starting crash recovery from checkpoint LSN=5836238
2026-01-20 11:08:30 0 [Note] InnoDB: 128 out of 128 rollback segments are active.
2026-01-20 11:08:30 0 [Note] InnoDB: Removed temporary tablespace data file: "ibtmp1"
2026-01-20 11:08:30 0 [Note] InnoDB: Creating shared tablespace for temporary tables
2026-01-20 11:08:30 0 [Note] InnoDB: Setting file 'C:\xampp\mysql\data\ibtmp1' size to 12 MB. Physically writing the file full; Please wait ...
2026-01-20 11:08:30 0 [Note] InnoDB: File 'C:\xampp\mysql\data\ibtmp1' size is now 12 MB.
2026-01-20 11:08:30 0 [Note] InnoDB: Waiting for purge to start
2026-01-20 11:08:30 0 [Note] InnoDB: 10.4.32 started; log sequence number 5836247; transaction id 12110
2026-01-20 11:08:30 0 [Note] InnoDB: Loading buffer pool(s) from C:\xampp\mysql\data\ib_buffer_pool
2026-01-20 11:08:30 0 [Note] Plugin 'FEEDBACK' is disabled.
2026-01-20 11:08:30 0 [Note] Server socket created on IP: '::'.
2026-01-20 11:08:30 0 [Note] InnoDB: Buffer pool(s) load completed at 260120 11:08:30
2026-01-20 11:08:30 0 [Note] Reading of all Master_info entries succeeded
2026-01-20 11:08:30 0 [Note] Added new Master_info '' to hash table
2026-01-20 11:08:30 0 [Note] C:\xampp\mysql\bin\mysqld.exe: ready for connections.
Version: '10.4.32-MariaDB'  socket: ''  port: 3306  mariadb.org binary distribution
2026-01-20 14:11:36 0 [Note] Starting MariaDB 10.4.32-MariaDB source revision c4143f909528e3fab0677a28631d10389354c491 as process 2016
2026-01-20 14:11:36 0 [Note] InnoDB: Mutexes and rw_locks use Windows interlocked functions
2026-01-20 14:11:36 0 [Note] InnoDB: Uses event mutexes
2026-01-20 14:11:36 0 [Note] InnoDB: Compressed tables use zlib 1.3
2026-01-20 14:11:36 0 [Note] InnoDB: Number of pools: 1
2026-01-20 14:11:36 0 [Note] InnoDB: Using SSE2 crc32 instructions
2026-01-20 14:11:36 0 [Note] InnoDB: Initializing buffer pool, total size = 16M, instances = 1, chunk size = 16M
2026-01-20 14:11:36 0 [Note] InnoDB: Completed initialization of buffer pool
2026-01-20 14:11:36 0 [Note] InnoDB: Starting crash recovery from checkpoint LSN=5836256
2026-01-20 14:11:37 0 [Note] InnoDB: 128 out of 128 rollback segments are active.
2026-01-20 14:11:37 0 [Note] InnoDB: Removed temporary tablespace data file: "ibtmp1"
2026-01-20 14:11:37 0 [Note] InnoDB: Creating shared tablespace for temporary tables
2026-01-20 14:11:37 0 [Note] InnoDB: Setting file 'C:\xampp\mysql\data\ibtmp1' size to 12 MB. Physically writing the file full; Please wait ...
2026-01-20 14:11:37 0 [Note] InnoDB: File 'C:\xampp\mysql\data\ibtmp1' size is now 12 MB.
2026-01-20 14:11:37 0 [Note] InnoDB: Waiting for purge to start
2026-01-20 14:11:37 0 [Note] InnoDB: 10.4.32 started; log sequence number 5836265; transaction id 12110
2026-01-20 14:11:37 0 [Note] InnoDB: Loading buffer pool(s) from C:\xampp\mysql\data\ib_buffer_pool
2026-01-20 14:11:37 0 [Note] Plugin 'FEEDBACK' is disabled.
2026-01-20 14:11:37 0 [Note] Server socket created on IP: '::'.
2026-01-20 14:11:37 0 [Note] InnoDB: Buffer pool(s) load completed at 260120 14:11:37
2026-01-20 14:11:38 0 [Note] Reading of all Master_info entries succeeded
2026-01-20 14:11:38 0 [Note] Added new Master_info '' to hash table
2026-01-20 14:11:38 0 [Note] C:\xampp\mysql\bin\mysqld.exe: ready for connections.
Version: '10.4.32-MariaDB'  socket: ''  port: 3306  mariadb.org binary distribution
2026-01-20 16:25:06 0 [Note] C:\xampp\mysql\bin\mysqld.exe (initiated by: unknown): Normal shutdown
2026-01-20 16:25:07 0 [Note] Event Scheduler: Purging the queue. 0 events
2026-01-20 16:25:07 0 [Note] InnoDB: FTS optimize thread exiting.
2026-01-20 16:25:07 0 [Note] InnoDB: Starting shutdown...
2026-01-20 16:25:07 0 [Note] InnoDB: Dumping buffer pool(s) to C:\xampp\mysql\data\ib_buffer_pool
2026-01-20 16:25:07 0 [Note] InnoDB: Instance 0, restricted to 250 pages due to innodb_buf_pool_dump_pct=25
2026-01-20 16:25:07 0 [Note] InnoDB: Buffer pool(s) dump completed at 260120 16:25:07
2026-01-20 16:25:07 0 [Note] InnoDB: Removed temporary tablespace data file: "ibtmp1"
2026-01-20 16:25:07 0 [Note] InnoDB: Shutdown completed; log sequence number 5836283; transaction id 12111
2026-01-20 16:25:07 0 [Note] C:\xampp\mysql\bin\mysqld.exe: Shutdown complete

2026-01-20 16:25:36 0 [Note] Starting MariaDB 10.4.32-MariaDB source revision c4143f909528e3fab0677a28631d10389354c491 as process 3196
2026-01-20 16:25:36 0 [Note] InnoDB: Mutexes and rw_locks use Windows interlocked functions
2026-01-20 16:25:36 0 [Note] InnoDB: Uses event mutexes
2026-01-20 16:25:36 0 [Note] InnoDB: Compressed tables use zlib 1.3
2026-01-20 16:25:36 0 [Note] InnoDB: Number of pools: 1
2026-01-20 16:25:36 0 [Note] InnoDB: Using SSE2 crc32 instructions
2026-01-20 16:25:36 0 [Note] InnoDB: Initializing buffer pool, total size = 16M, instances = 1, chunk size = 16M
2026-01-20 16:25:36 0 [Note] InnoDB: Completed initialization of buffer pool
2026-01-20 16:25:37 0 [Note] InnoDB: 128 out of 128 rollback segments are active.
2026-01-20 16:25:37 0 [Note] InnoDB: Creating shared tablespace for temporary tables
2026-01-20 16:25:37 0 [Note] InnoDB: Setting file 'C:\xampp\mysql\data\ibtmp1' size to 12 MB. Physically writing the file full; Please wait ...
2026-01-20 16:25:37 0 [Note] InnoDB: File 'C:\xampp\mysql\data\ibtmp1' size is now 12 MB.
2026-01-20 16:25:37 0 [Note] InnoDB: Waiting for purge to start
2026-01-20 16:25:37 0 [Note] InnoDB: 10.4.32 started; log sequence number 5836283; transaction id 12110
2026-01-20 16:25:37 0 [Note] InnoDB: Loading buffer pool(s) from C:\xampp\mysql\data\ib_buffer_pool
2026-01-20 16:25:37 0 [Note] Plugin 'FEEDBACK' is disabled.
2026-01-20 16:25:37 0 [Note] Server socket created on IP: '::'.
2026-01-20 16:25:37 0 [Note] InnoDB: Buffer pool(s) load completed at 260120 16:25:37
2026-01-20 16:25:37 0 [Note] Reading of all Master_info entries succeeded
2026-01-20 16:25:37 0 [Note] Added new Master_info '' to hash table
2026-01-20 16:25:37 0 [Note] C:\xampp\mysql\bin\mysqld.exe: ready for connections.
Version: '10.4.32-MariaDB'  socket: ''  port: 3306  mariadb.org binary distribution
2026-01-21  7:45:22 0 [Note] Starting MariaDB 10.4.32-MariaDB source revision c4143f909528e3fab0677a28631d10389354c491 as process 3044
2026-01-21  7:45:22 0 [Note] InnoDB: Mutexes and rw_locks use Windows interlocked functions
2026-01-21  7:45:22 0 [Note] InnoDB: Uses event mutexes
2026-01-21  7:45:22 0 [Note] InnoDB: Compressed tables use zlib 1.3
2026-01-21  7:45:22 0 [Note] InnoDB: Number of pools: 1
2026-01-21  7:45:22 0 [Note] InnoDB: Using SSE2 crc32 instructions
2026-01-21  7:45:22 0 [Note] InnoDB: Initializing buffer pool, total size = 16M, instances = 1, chunk size = 16M
2026-01-21  7:45:22 0 [Note] InnoDB: Completed initialization of buffer pool
2026-01-21  7:45:22 0 [Note] InnoDB: Starting crash recovery from checkpoint LSN=5836283
2026-01-21  7:45:23 0 [Note] InnoDB: 128 out of 128 rollback segments are active.
2026-01-21  7:45:23 0 [Note] InnoDB: Removed temporary tablespace data file: "ibtmp1"
2026-01-21  7:45:23 0 [Note] InnoDB: Creating shared tablespace for temporary tables
2026-01-21  7:45:23 0 [Note] InnoDB: Setting file 'C:\xampp\mysql\data\ibtmp1' size to 12 MB. Physically writing the file full; Please wait ...
2026-01-21  7:45:23 0 [Note] InnoDB: File 'C:\xampp\mysql\data\ibtmp1' size is now 12 MB.
2026-01-21  7:45:23 0 [Note] InnoDB: Waiting for purge to start
2026-01-21  7:45:23 0 [Note] InnoDB: 10.4.32 started; log sequence number 5836308; transaction id 12110
2026-01-21  7:45:23 0 [Note] InnoDB: Loading buffer pool(s) from C:\xampp\mysql\data\ib_buffer_pool
2026-01-21  7:45:23 0 [Note] Plugin 'FEEDBACK' is disabled.
2026-01-21  7:45:23 0 [Note] Server socket created on IP: '::'.
2026-01-21  7:45:23 0 [Note] InnoDB: Buffer pool(s) load completed at 260121  7:45:23
2026-01-21  7:45:23 0 [Note] Reading of all Master_info entries succeeded
2026-01-21  7:45:23 0 [Note] Added new Master_info '' to hash table
2026-01-21  7:45:23 0 [Note] C:\xampp\mysql\bin\mysqld.exe: ready for connections.
Version: '10.4.32-MariaDB'  socket: ''  port: 3306  mariadb.org binary distribution
2026-01-21 11:20:41 8 [Warning] Aborted connection 8 to db: 'prologdb' user: 'prologDBadmin' host: 'vidupiyasa.bbrouter' (Got an error reading communication packets)
2026-01-21 11:20:41 9 [Warning] Aborted connection 9 to db: 'prologdb' user: 'prologDBadmin' host: 'vidupiyasa.bbrouter' (Got an error reading communication packets)
2026-01-21 11:23:58 10 [Warning] Aborted connection 10 to db: 'prologdb' user: 'prologDBadmin' host: 'vidupiyasa.bbrouter' (Got an error reading communication packets)
2026-01-21 11:23:58 11 [Warning] Aborted connection 11 to db: 'prologdb' user: 'prologDBadmin' host: 'vidupiyasa.bbrouter' (Got an error reading communication packets)
2026-01-21 11:25:12 12 [Warning] Aborted connection 12 to db: 'prologdb' user: 'prologDBadmin' host: 'vidupiyasa.bbrouter' (Got an error reading communication packets)
2026-01-21 11:25:12 13 [Warning] Aborted connection 13 to db: 'prologdb' user: 'prologDBadmin' host: 'vidupiyasa.bbrouter' (Got an error reading communication packets)
2026-01-21 11:44:39 14 [Warning] Aborted connection 14 to db: 'prologdb' user: 'prologDBadmin' host: 'DESKTOP-TF6ACUU.bbrouter' (Got an error reading communication packets)
2026-01-21 11:44:39 19 [Warning] Aborted connection 19 to db: 'prologdb' user: 'prologDBadmin' host: 'DESKTOP-TF6ACUU.bbrouter' (Got an error reading communication packets)
2026-01-21 16:57:39 41 [Warning] Aborted connection 41 to db: 'prologdb' user: 'prologDBadmin' host: 'vidupiyasa.bbrouter' (Got an error reading communication packets)
2026-01-21 16:57:39 40 [Warning] Aborted connection 40 to db: 'prologdb' user: 'prologDBadmin' host: 'vidupiyasa.bbrouter' (Got an error reading communication packets)
2026-01-22 16:11:22 53 [Warning] Aborted connection 53 to db: 'prologdb' user: 'prologDBadmin' host: 'vidupiyasa.bbrouter' (Got an error reading communication packets)
2026-01-22 16:11:22 52 [Warning] Aborted connection 52 to db: 'prologdb' user: 'prologDBadmin' host: 'vidupiyasa.bbrouter' (Got an error reading communication packets)
2026-01-24 11:36:42 0 [Note] Starting MariaDB 10.4.32-MariaDB source revision c4143f909528e3fab0677a28631d10389354c491 as process 2860
2026-01-24 11:36:42 0 [Note] InnoDB: Mutexes and rw_locks use Windows interlocked functions
2026-01-24 11:36:42 0 [Note] InnoDB: Uses event mutexes
2026-01-24 11:36:42 0 [Note] InnoDB: Compressed tables use zlib 1.3
2026-01-24 11:36:42 0 [Note] InnoDB: Number of pools: 1
2026-01-24 11:36:42 0 [Note] InnoDB: Using SSE2 crc32 instructions
2026-01-24 11:36:42 0 [Note] InnoDB: Initializing buffer pool, total size = 16M, instances = 1, chunk size = 16M
2026-01-24 11:36:42 0 [Note] InnoDB: Completed initialization of buffer pool
2026-01-24 11:36:42 0 [Note] InnoDB: Starting crash recovery from checkpoint LSN=5983952
2026-01-24 11:36:43 0 [Note] InnoDB: 128 out of 128 rollback segments are active.
2026-01-24 11:36:43 0 [Note] InnoDB: Removed temporary tablespace data file: "ibtmp1"
2026-01-24 11:36:43 0 [Note] InnoDB: Creating shared tablespace for temporary tables
2026-01-24 11:36:43 0 [Note] InnoDB: Setting file 'C:\xampp\mysql\data\ibtmp1' size to 12 MB. Physically writing the file full; Please wait ...
2026-01-24 11:36:43 0 [Note] InnoDB: File 'C:\xampp\mysql\data\ibtmp1' size is now 12 MB.
2026-01-24 11:36:43 0 [Note] InnoDB: Waiting for purge to start
2026-01-24 11:36:43 0 [Note] InnoDB: 10.4.32 started; log sequence number 5983961; transaction id 12474
2026-01-24 11:36:43 0 [Note] InnoDB: Loading buffer pool(s) from C:\xampp\mysql\data\ib_buffer_pool
2026-01-24 11:36:43 0 [Note] Plugin 'FEEDBACK' is disabled.
2026-01-24 11:36:43 0 [Note] Server socket created on IP: '::'.
2026-01-24 11:36:43 0 [Note] InnoDB: Buffer pool(s) load completed at 260124 11:36:43
2026-01-24 11:36:43 0 [Note] Reading of all Master_info entries succeeded
2026-01-24 11:36:43 0 [Note] Added new Master_info '' to hash table
2026-01-24 11:36:43 0 [Note] C:\xampp\mysql\bin\mysqld.exe: ready for connections.
Version: '10.4.32-MariaDB'  socket: ''  port: 3306  mariadb.org binary distribution
2026-01-24 14:50:08 18 [Warning] Aborted connection 18 to db: 'prologdb' user: 'prologDBadmin' host: 'vidupiyasa.bbrouter' (Got an error reading communication packets)
2026-01-24 14:50:08 20 [Warning] Aborted connection 20 to db: 'prologdb' user: 'prologDBadmin' host: 'vidupiyasa.bbrouter' (Got an error reading communication packets)
2026-01-24 14:50:08 19 [Warning] Aborted connection 19 to db: 'prologdb' user: 'prologDBadmin' host: 'vidupiyasa.bbrouter' (Got an error reading communication packets)
2026-01-24 16:01:51 27 [Warning] Aborted connection 27 to db: 'prologdb' user: 'prologDBadmin' host: 'vidupiyasa.bbrouter' (Got an error reading communication packets)
2026-01-24 16:01:51 26 [Warning] Aborted connection 26 to db: 'prologdb' user: 'prologDBadmin' host: 'vidupiyasa.bbrouter' (Got an error reading communication packets)
2026-01-25  7:33:34 0 [Note] Starting MariaDB 10.4.32-MariaDB source revision c4143f909528e3fab0677a28631d10389354c491 as process 3172
2026-01-25  7:33:34 0 [Note] InnoDB: Mutexes and rw_locks use Windows interlocked functions
2026-01-25  7:33:34 0 [Note] InnoDB: Uses event mutexes
2026-01-25  7:33:34 0 [Note] InnoDB: Compressed tables use zlib 1.3
2026-01-25  7:33:34 0 [Note] InnoDB: Number of pools: 1
2026-01-25  7:33:34 0 [Note] InnoDB: Using SSE2 crc32 instructions
2026-01-25  7:33:34 0 [Note] InnoDB: Initializing buffer pool, total size = 16M, instances = 1, chunk size = 16M
2026-01-25  7:33:34 0 [Note] InnoDB: Completed initialization of buffer pool
2026-01-25  7:33:34 0 [Note] InnoDB: Starting crash recovery from checkpoint LSN=5983970
2026-01-25  7:33:35 0 [Note] InnoDB: 128 out of 128 rollback segments are active.
2026-01-25  7:33:35 0 [Note] InnoDB: Removed temporary tablespace data file: "ibtmp1"
2026-01-25  7:33:35 0 [Note] InnoDB: Creating shared tablespace for temporary tables
2026-01-25  7:33:35 0 [Note] InnoDB: Setting file 'C:\xampp\mysql\data\ibtmp1' size to 12 MB. Physically writing the file full; Please wait ...
2026-01-25  7:33:35 0 [Note] InnoDB: File 'C:\xampp\mysql\data\ibtmp1' size is now 12 MB.
2026-01-25  7:33:35 0 [Note] InnoDB: Waiting for purge to start
2026-01-25  7:33:35 0 [Note] InnoDB: 10.4.32 started; log sequence number 5983979; transaction id 12474
2026-01-25  7:33:35 0 [Note] InnoDB: Loading buffer pool(s) from C:\xampp\mysql\data\ib_buffer_pool
2026-01-25  7:33:35 0 [Note] Plugin 'FEEDBACK' is disabled.
2026-01-25  7:33:35 0 [Note] Server socket created on IP: '::'.
2026-01-25  7:33:35 0 [Note] InnoDB: Buffer pool(s) load completed at 260125  7:33:35
2026-01-25  7:33:35 0 [Note] Reading of all Master_info entries succeeded
2026-01-25  7:33:35 0 [Note] Added new Master_info '' to hash table
2026-01-25  7:33:35 0 [Note] C:\xampp\mysql\bin\mysqld.exe: ready for connections.
Version: '10.4.32-MariaDB'  socket: ''  port: 3306  mariadb.org binary distribution
2026-01-25  7:36:35 0 [Note] Starting MariaDB 10.4.32-MariaDB source revision c4143f909528e3fab0677a28631d10389354c491 as process 2108
2026-01-25  7:36:35 0 [Note] InnoDB: Mutexes and rw_locks use Windows interlocked functions
2026-01-25  7:36:35 0 [Note] InnoDB: Uses event mutexes
2026-01-25  7:36:35 0 [Note] InnoDB: Compressed tables use zlib 1.3
2026-01-25  7:36:35 0 [Note] InnoDB: Number of pools: 1
2026-01-25  7:36:35 0 [Note] InnoDB: Using SSE2 crc32 instructions
2026-01-25  7:36:35 0 [Note] InnoDB: Initializing buffer pool, total size = 16M, instances = 1, chunk size = 16M
2026-01-25  7:36:35 0 [Note] InnoDB: Completed initialization of buffer pool
2026-01-25  7:36:35 0 [Note] InnoDB: Starting crash recovery from checkpoint LSN=5983988
2026-01-25  7:36:36 0 [Note] InnoDB: 128 out of 128 rollback segments are active.
2026-01-25  7:36:36 0 [Note] InnoDB: Removed temporary tablespace data file: "ibtmp1"
2026-01-25  7:36:36 0 [Note] InnoDB: Creating shared tablespace for temporary tables
2026-01-25  7:36:36 0 [Note] InnoDB: Setting file 'C:\xampp\mysql\data\ibtmp1' size to 12 MB. Physically writing the file full; Please wait ...
2026-01-25  7:36:36 0 [Note] InnoDB: File 'C:\xampp\mysql\data\ibtmp1' size is now 12 MB.
2026-01-25  7:36:36 0 [Note] InnoDB: Waiting for purge to start
2026-01-25  7:36:36 0 [Note] InnoDB: 10.4.32 started; log sequence number 5983997; transaction id 12474
2026-01-25  7:36:36 0 [Note] InnoDB: Loading buffer pool(s) from C:\xampp\mysql\data\ib_buffer_pool
2026-01-25  7:36:36 0 [Note] Plugin 'FEEDBACK' is disabled.
2026-01-25  7:36:36 0 [Note] Server socket created on IP: '::'.
2026-01-25  7:36:36 0 [Note] InnoDB: Buffer pool(s) load completed at 260125  7:36:36
2026-01-25  7:36:36 0 [Note] Reading of all Master_info entries succeeded
2026-01-25  7:36:36 0 [Note] Added new Master_info '' to hash table
2026-01-25  7:36:36 0 [Note] C:\xampp\mysql\bin\mysqld.exe: ready for connections.
Version: '10.4.32-MariaDB'  socket: ''  port: 3306  mariadb.org binary distribution
2026-01-25 12:34:17 25 [Warning] Aborted connection 25 to db: 'prologdb' user: 'prologDBadmin' host: 'vidupiyasa.bbrouter' (Got an error reading communication packets)
2026-01-25 12:34:17 26 [Warning] Aborted connection 26 to db: 'prologdb' user: 'prologDBadmin' host: 'vidupiyasa.bbrouter' (Got an error reading communication packets)
2026-01-25 14:16:14 45 [Warning] Aborted connection 45 to db: 'prologdb' user: 'prologDBadmin' host: 'DESKTOP-TF6ACUU.bbrouter' (Got an error reading communication packets)
2026-01-25 14:24:25 48 [Warning] Aborted connection 48 to db: 'prologdb' user: 'prologDBadmin' host: 'DESKTOP-TF6ACUU.bbrouter' (Got an error reading communication packets)
2026-01-25 14:26:47 46 [Warning] Aborted connection 46 to db: 'prologdb' user: 'prologDBadmin' host: 'vidupiyasa.bbrouter' (Got an error reading communication packets)
2026-01-25 14:26:47 50 [Warning] Aborted connection 50 to db: 'prologdb' user: 'prologDBadmin' host: 'DESKTOP-TF6ACUU.bbrouter' (Got an error reading communication packets)
2026-01-25 14:26:47 47 [Warning] Aborted connection 47 to db: 'prologdb' user: 'prologDBadmin' host: 'vidupiyasa.bbrouter' (Got an error reading communication packets)
2026-01-25 14:26:47 51 [Warning] Aborted connection 51 to db: 'prologdb' user: 'prologDBadmin' host: 'DESKTOP-TF6ACUU.bbrouter' (Got an error reading communication packets)
2026-01-25 15:25:40 64 [Warning] Aborted connection 64 to db: 'prologdb' user: 'prologDBadmin' host: 'DESKTOP-TF6ACUU.bbrouter' (Got an error reading communication packets)
2026-01-25 15:30:54 63 [Warning] Aborted connection 63 to db: 'prologdb' user: 'prologDBadmin' host: 'DESKTOP-TF6ACUU.bbrouter' (Got an error reading communication packets)
2026-01-25 17:25:25 61 [Warning] Aborted connection 61 to db: 'prologdb' user: 'prologDBadmin' host: 'DESKTOP-TF6ACUU.bbrouter' (Got an error reading communication packets)
2026-01-25 17:25:43 66 [Warning] Aborted connection 66 to db: 'prologdb' user: 'prologDBadmin' host: 'DESKTOP-TF6ACUU.bbrouter' (Got an error reading communication packets)
2026-01-25 17:25:52 67 [Warning] Aborted connection 67 to db: 'prologdb' user: 'prologDBadmin' host: 'DESKTOP-TF6ACUU.bbrouter' (Got an error reading communication packets)
2026-01-25 17:26:56 65 [Warning] Aborted connection 65 to db: 'prologdb' user: 'prologDBadmin' host: 'DESKTOP-TF6ACUU.bbrouter' (Got an error reading communication packets)
2026-01-25 18:24:28 91 [Warning] Aborted connection 91 to db: 'prologdb' user: 'prologDBadmin' host: 'DESKTOP-TF6ACUU.bbrouter' (Got an error reading communication packets)
2026-01-25 18:24:28 88 [Warning] Aborted connection 88 to db: 'prologdb' user: 'prologDBadmin' host: 'DESKTOP-TF6ACUU.bbrouter' (Got an error reading communication packets)
2026-01-25 18:24:48 89 [Warning] Aborted connection 89 to db: 'prologdb' user: 'prologDBadmin' host: 'vidupiyasa.bbrouter' (Got an error reading communication packets)
2026-01-25 18:24:48 90 [Warning] Aborted connection 90 to db: 'prologdb' user: 'prologDBadmin' host: 'vidupiyasa.bbrouter' (Got an error reading communication packets)
2026-01-26  9:06:54 103 [Warning] Aborted connection 103 to db: 'prologdb' user: 'prologDBadmin' host: 'DESKTOP-TF6ACUU.bbrouter' (Got an error reading communication packets)
2026-01-26  9:06:54 102 [Warning] Aborted connection 102 to db: 'prologdb' user: 'prologDBadmin' host: 'vidupiyasa.bbrouter' (Got an error reading communication packets)
2026-01-26  9:06:54 99 [Warning] Aborted connection 99 to db: 'prologdb' user: 'prologDBadmin' host: 'DESKTOP-TF6ACUU.bbrouter' (Got an error reading communication packets)
2026-01-26  9:06:54 100 [Warning] Aborted connection 100 to db: 'prologdb' user: 'prologDBadmin' host: 'DESKTOP-TF6ACUU.bbrouter' (Got an error reading communication packets)
2026-01-26  9:06:54 101 [Warning] Aborted connection 101 to db: 'prologdb' user: 'prologDBadmin' host: 'vidupiyasa.bbrouter' (Got an error reading communication packets)
2026-01-26 11:41:47 114 [Warning] Aborted connection 114 to db: 'prologdb' user: 'prologDBadmin' host: 'DESKTOP-TF6ACUU.bbrouter' (Got an error reading communication packets)
2026-01-26 11:45:28 111 [Warning] Aborted connection 111 to db: 'prologdb' user: 'prologDBadmin' host: 'DESKTOP-TF6ACUU.bbrouter' (Got an error reading communication packets)
2026-01-26 13:15:58 149 [Warning] Aborted connection 149 to db: 'prologdb' user: 'prologDBadmin' host: 'DESKTOP-TF6ACUU.bbrouter' (Got an error reading communication packets)
2026-01-26 15:45:54 161 [Warning] Aborted connection 161 to db: 'prologdb' user: 'prologDBadmin' host: 'DESKTOP-TF6ACUU.bbrouter' (Got an error reading communication packets)
2026-01-26 16:02:38 160 [Warning] Aborted connection 160 to db: 'prologdb' user: 'prologDBadmin' host: 'DESKTOP-TF6ACUU.bbrouter' (Got an error reading communication packets)
2026-01-26 17:16:27 174 [Warning] Aborted connection 174 to db: 'prologdb' user: 'prologDBadmin' host: 'DESKTOP-TF6ACUU.bbrouter' (Got an error reading communication packets)
2026-01-26 17:20:30 173 [Warning] Aborted connection 173 to db: 'prologdb' user: 'prologDBadmin' host: 'DESKTOP-TF6ACUU.bbrouter' (Got an error reading communication packets)
2026-01-26 17:20:49 181 [Warning] Aborted connection 181 to db: 'prologdb' user: 'prologDBadmin' host: 'vidupiyasa.bbrouter' (Got an error reading communication packets)
2026-01-26 17:20:49 182 [Warning] Aborted connection 182 to db: 'prologdb' user: 'prologDBadmin' host: 'vidupiyasa.bbrouter' (Got an error reading communication packets)
2026-01-27 16:16:47 201 [Warning] Aborted connection 201 to db: 'prologdb' user: 'prologDBadmin' host: 'vidupiyasa.bbrouter' (Got an error reading communication packets)
2026-01-27 16:16:47 202 [Warning] Aborted connection 202 to db: 'prologdb' user: 'prologDBadmin' host: 'vidupiyasa.bbrouter' (Got an error reading communication packets)
2026-01-27 17:24:02 209 [Warning] Aborted connection 209 to db: 'prologdb' user: 'prologDBadmin' host: 'vidupiyasa.bbrouter' (Got an error reading communication packets)
2026-01-27 17:24:02 208 [Warning] Aborted connection 208 to db: 'prologdb' user: 'prologDBadmin' host: 'vidupiyasa.bbrouter' (Got an error reading communication packets)
2026-01-28 10:00:43 213 [Warning] Aborted connection 213 to db: 'prologdb' user: 'prologDBadmin' host: 'DESKTOP-TF6ACUU.bbrouter' (Got an error reading communication packets)
2026-01-28 10:00:43 212 [Warning] Aborted connection 212 to db: 'prologdb' user: 'prologDBadmin' host: 'DESKTOP-TF6ACUU.bbrouter' (Got an error reading communication packets)
2026-01-28 10:01:25 216 [Warning] Aborted connection 216 to db: 'unconnected' user: 'unauthenticated' host: 'DESKTOP-TF6ACUU.bbrouter' (Got an error reading communication packets)
2026-01-28 10:01:25 216 [Warning] Aborted connection 216 to db: 'unconnected' user: 'unauthenticated' host: 'DESKTOP-TF6ACUU.bbrouter' (This connection closed normally without authentication)
2026-01-28 10:01:57 215 [Warning] Aborted connection 215 to db: 'prologdb' user: 'prologDBadmin' host: 'DESKTOP-TF6ACUU.bbrouter' (Got an error reading communication packets)
2026-01-28 10:01:57 217 [Warning] Aborted connection 217 to db: 'prologdb' user: 'prologDBadmin' host: 'DESKTOP-TF6ACUU.bbrouter' (Got an error reading communication packets)
2026-01-28 10:01:57 218 [Warning] Aborted connection 218 to db: 'prologdb' user: 'prologDBadmin' host: 'DESKTOP-TF6ACUU.bbrouter' (Got an error reading communication packets)
2026-01-28 10:02:50 221 [Warning] Aborted connection 221 to db: 'prologdb' user: 'prologDBadmin' host: 'DESKTOP-TF6ACUU.bbrouter' (Got an error reading communication packets)
2026-01-28 10:02:50 220 [Warning] Aborted connection 220 to db: 'prologdb' user: 'prologDBadmin' host: 'DESKTOP-TF6ACUU.bbrouter' (Got an error reading communication packets)
2026-01-28 10:02:50 219 [Warning] Aborted connection 219 to db: 'prologdb' user: 'prologDBadmin' host: 'DESKTOP-TF6ACUU.bbrouter' (Got an error reading communication packets)
2026-01-28 10:22:33 210 [Warning] Aborted connection 210 to db: 'prologdb' user: 'prologDBadmin' host: 'DESKTOP-TF6ACUU.bbrouter' (Got an error reading communication packets)
2026-01-28 10:22:33 211 [Warning] Aborted connection 211 to db: 'prologdb' user: 'prologDBadmin' host: 'DESKTOP-TF6ACUU.bbrouter' (Got an error reading communication packets)
2026-01-28 10:24:19 227 [Warning] Aborted connection 227 to db: 'prologdb' user: 'prologDBadmin' host: 'DESKTOP-TF6ACUU.bbrouter' (Got an error reading communication packets)
2026-01-28 10:24:19 228 [Warning] Aborted connection 228 to db: 'prologdb' user: 'prologDBadmin' host: 'DESKTOP-TF6ACUU.bbrouter' (Got an error reading communication packets)
2026-01-28 10:28:02 229 [Warning] Aborted connection 229 to db: 'prologdb' user: 'prologDBadmin' host: 'DESKTOP-TF6ACUU.bbrouter' (Got an error reading communication packets)
2026-01-28 10:28:02 230 [Warning] Aborted connection 230 to db: 'prologdb' user: 'prologDBadmin' host: 'DESKTOP-TF6ACUU.bbrouter' (Got an error reading communication packets)
2026-01-28 10:29:16 231 [Warning] Aborted connection 231 to db: 'prologdb' user: 'prologDBadmin' host: 'DESKTOP-TF6ACUU.bbrouter' (Got an error reading communication packets)
2026-01-28 10:29:16 232 [Warning] Aborted connection 232 to db: 'prologdb' user: 'prologDBadmin' host: 'DESKTOP-TF6ACUU.bbrouter' (Got an error reading communication packets)
2026-01-28 10:49:59 238 [Warning] Aborted connection 238 to db: 'prologdb' user: 'prologDBadmin' host: 'DESKTOP-TF6ACUU.bbrouter' (Got an error reading communication packets)
2026-01-28 10:49:59 233 [Warning] Aborted connection 233 to db: 'prologdb' user: 'prologDBadmin' host: 'DESKTOP-TF6ACUU.bbrouter' (Got an error reading communication packets)
2026-01-28 12:00:29 214 [Warning] Aborted connection 214 to db: 'prologdb' user: 'prologDBadmin' host: 'DESKTOP-TF6ACUU.bbrouter' (Got an error reading communication packets)
2026-01-28 15:27:24 259 [Warning] Aborted connection 259 to db: 'prologdb' user: 'prologDBadmin' host: 'DESKTOP-TF6ACUU.bbrouter' (Got an error reading communication packets)
2026-01-28 15:27:24 258 [Warning] Aborted connection 258 to db: 'prologdb' user: 'prologDBadmin' host: 'DESKTOP-TF6ACUU.bbrouter' (Got an error reading communication packets)
2026-01-29 14:30:27 0 [Note] Starting MariaDB 10.4.32-MariaDB source revision c4143f909528e3fab0677a28631d10389354c491 as process 3092
2026-01-29 14:30:27 0 [Note] InnoDB: Mutexes and rw_locks use Windows interlocked functions
2026-01-29 14:30:27 0 [Note] InnoDB: Uses event mutexes
2026-01-29 14:30:27 0 [Note] InnoDB: Compressed tables use zlib 1.3
2026-01-29 14:30:27 0 [Note] InnoDB: Number of pools: 1
2026-01-29 14:30:27 0 [Note] InnoDB: Using SSE2 crc32 instructions
2026-01-29 14:30:27 0 [Note] InnoDB: Initializing buffer pool, total size = 16M, instances = 1, chunk size = 16M
2026-01-29 14:30:27 0 [Note] InnoDB: Completed initialization of buffer pool
2026-01-29 14:30:27 0 [Note] InnoDB: Starting crash recovery from checkpoint LSN=6259806
2026-01-29 14:30:28 0 [Note] InnoDB: 128 out of 128 rollback segments are active.
2026-01-29 14:30:28 0 [Note] InnoDB: Removed temporary tablespace data file: "ibtmp1"
2026-01-29 14:30:28 0 [Note] InnoDB: Creating shared tablespace for temporary tables
2026-01-29 14:30:28 0 [Note] InnoDB: Setting file 'C:\xampp\mysql\data\ibtmp1' size to 12 MB. Physically writing the file full; Please wait ...
2026-01-29 14:30:28 0 [Note] InnoDB: File 'C:\xampp\mysql\data\ibtmp1' size is now 12 MB.
2026-01-29 14:30:28 0 [Note] InnoDB: Waiting for purge to start
2026-01-29 14:30:28 0 [Note] InnoDB: 10.4.32 started; log sequence number 6259815; transaction id 13272
2026-01-29 14:30:28 0 [Note] InnoDB: Loading buffer pool(s) from C:\xampp\mysql\data\ib_buffer_pool
2026-01-29 14:30:28 0 [Note] Plugin 'FEEDBACK' is disabled.
2026-01-29 14:30:28 0 [Note] Server socket created on IP: '::'.
2026-01-29 14:30:28 0 [Note] InnoDB: Buffer pool(s) load completed at 260129 14:30:28
2026-01-29 14:30:28 0 [Note] Reading of all Master_info entries succeeded
2026-01-29 14:30:28 0 [Note] Added new Master_info '' to hash table
2026-01-29 14:30:28 0 [Note] C:\xampp\mysql\bin\mysqld.exe: ready for connections.
Version: '10.4.32-MariaDB'  socket: ''  port: 3306  mariadb.org binary distribution
2026-01-29 15:23:01 0 [Note] Starting MariaDB 10.4.32-MariaDB source revision c4143f909528e3fab0677a28631d10389354c491 as process 2776
2026-01-29 15:23:01 0 [Note] InnoDB: Mutexes and rw_locks use Windows interlocked functions
2026-01-29 15:23:01 0 [Note] InnoDB: Uses event mutexes
2026-01-29 15:23:01 0 [Note] InnoDB: Compressed tables use zlib 1.3
2026-01-29 15:23:01 0 [Note] InnoDB: Number of pools: 1
2026-01-29 15:23:01 0 [Note] InnoDB: Using SSE2 crc32 instructions
2026-01-29 15:23:02 0 [Note] InnoDB: Initializing buffer pool, total size = 16M, instances = 1, chunk size = 16M
2026-01-29 15:23:02 0 [Note] InnoDB: Completed initialization of buffer pool
2026-01-29 15:23:02 0 [Note] InnoDB: Starting crash recovery from checkpoint LSN=6292868
2026-01-29 15:23:02 0 [Note] InnoDB: 128 out of 128 rollback segments are active.
2026-01-29 15:23:02 0 [Note] InnoDB: Removed temporary tablespace data file: "ibtmp1"
2026-01-29 15:23:02 0 [Note] InnoDB: Creating shared tablespace for temporary tables
2026-01-29 15:23:02 0 [Note] InnoDB: Setting file 'C:\xampp\mysql\data\ibtmp1' size to 12 MB. Physically writing the file full; Please wait ...
2026-01-29 15:23:02 0 [Note] InnoDB: File 'C:\xampp\mysql\data\ibtmp1' size is now 12 MB.
2026-01-29 15:23:02 0 [Note] InnoDB: Waiting for purge to start
2026-01-29 15:23:02 0 [Note] InnoDB: 10.4.32 started; log sequence number 6292877; transaction id 13416
2026-01-29 15:23:02 0 [Note] InnoDB: Loading buffer pool(s) from C:\xampp\mysql\data\ib_buffer_pool
2026-01-29 15:23:02 0 [Note] Plugin 'FEEDBACK' is disabled.
2026-01-29 15:23:02 0 [Note] Server socket created on IP: '::'.
2026-01-29 15:23:03 0 [Note] Reading of all Master_info entries succeeded
2026-01-29 15:23:03 0 [Note] Added new Master_info '' to hash table
2026-01-29 15:23:03 0 [Note] C:\xampp\mysql\bin\mysqld.exe: ready for connections.
Version: '10.4.32-MariaDB'  socket: ''  port: 3306  mariadb.org binary distribution
2026-01-29 15:23:03 0 [Note] InnoDB: Buffer pool(s) load completed at 260129 15:23:03
2026-01-29 17:15:30 13 [Warning] Aborted connection 13 to db: 'prologdb' user: 'prologDBadmin' host: 'vidupiyasa.bbrouter' (Got an error reading communication packets)
2026-01-29 17:15:30 14 [Warning] Aborted connection 14 to db: 'prologdb' user: 'prologDBadmin' host: 'vidupiyasa.bbrouter' (Got an error reading communication packets)
2026-01-30 15:17:11 34 [Warning] Aborted connection 34 to db: 'prologdb' user: 'prologDBadmin' host: 'vidupiyasa.bbrouter' (Got an error reading communication packets)
2026-01-30 15:17:11 35 [Warning] Aborted connection 35 to db: 'prologdb' user: 'prologDBadmin' host: 'vidupiyasa.bbrouter' (Got an error reading communication packets)
2026-01-30 17:30:03 39 [Warning] Aborted connection 39 to db: 'prologdb' user: 'prologDBadmin' host: 'vidupiyasa.bbrouter' (Got an error reading communication packets)
2026-01-30 17:30:03 38 [Warning] Aborted connection 38 to db: 'prologdb' user: 'prologDBadmin' host: 'vidupiyasa.bbrouter' (Got an error reading communication packets)
2026-01-31 11:47:48 49 [Warning] Aborted connection 49 to db: 'prologdb' user: 'prologDBadmin' host: 'DESKTOP-TF6ACUU.bbrouter' (Got an error reading communication packets)
2026-01-31 11:56:44 50 [Warning] Aborted connection 50 to db: 'prologdb' user: 'prologDBadmin' host: 'DESKTOP-TF6ACUU.bbrouter' (Got an error reading communication packets)
2026-01-31 13:24:36 48 [Warning] Aborted connection 48 to db: 'prologdb' user: 'prologDBadmin' host: 'DESKTOP-TF6ACUU.bbrouter' (Got an error reading communication packets)
2026-01-31 13:46:28 47 [Warning] Aborted connection 47 to db: 'prologdb' user: 'prologDBadmin' host: 'DESKTOP-TF6ACUU.bbrouter' (Got an error reading communication packets)
2026-01-31 14:35:43 71 [Warning] Aborted connection 71 to db: 'prologdb' user: 'prologDBadmin' host: 'vidupiyasa.bbrouter' (Got an error reading communication packets)
2026-01-31 14:35:43 70 [Warning] Aborted connection 70 to db: 'prologdb' user: 'prologDBadmin' host: 'vidupiyasa.bbrouter' (Got an error reading communication packets)
2026-01-31 14:52:18 65 [Warning] Aborted connection 65 to db: 'prologdb' user: 'prologDBadmin' host: 'DESKTOP-TF6ACUU.bbrouter' (Got an error reading communication packets)
2026-01-31 14:52:18 64 [Warning] Aborted connection 64 to db: 'prologdb' user: 'prologDBadmin' host: 'DESKTOP-TF6ACUU.bbrouter' (Got an error reading communication packets)
2026-02-02  8:42:06 0 [Note] Starting MariaDB 10.4.32-MariaDB source revision c4143f909528e3fab0677a28631d10389354c491 as process 3136
2026-02-02  8:42:06 0 [Note] InnoDB: Mutexes and rw_locks use Windows interlocked functions
2026-02-02  8:42:06 0 [Note] InnoDB: Uses event mutexes
2026-02-02  8:42:06 0 [Note] InnoDB: Compressed tables use zlib 1.3
2026-02-02  8:42:06 0 [Note] InnoDB: Number of pools: 1
2026-02-02  8:42:06 0 [Note] InnoDB: Using SSE2 crc32 instructions
2026-02-02  8:42:06 0 [Note] InnoDB: Initializing buffer pool, total size = 16M, instances = 1, chunk size = 16M
2026-02-02  8:42:06 0 [Note] InnoDB: Completed initialization of buffer pool
2026-02-02  8:42:06 0 [Note] InnoDB: Starting crash recovery from checkpoint LSN=6378665
2026-02-02  8:42:06 0 [Note] InnoDB: 128 out of 128 rollback segments are active.
2026-02-02  8:42:06 0 [Note] InnoDB: Removed temporary tablespace data file: "ibtmp1"
2026-02-02  8:42:06 0 [Note] InnoDB: Creating shared tablespace for temporary tables
2026-02-02  8:42:06 0 [Note] InnoDB: Setting file 'C:\xampp\mysql\data\ibtmp1' size to 12 MB. Physically writing the file full; Please wait ...
2026-02-02  8:42:06 0 [Note] InnoDB: File 'C:\xampp\mysql\data\ibtmp1' size is now 12 MB.
2026-02-02  8:42:06 0 [Note] InnoDB: Waiting for purge to start
2026-02-02  8:42:07 0 [Note] InnoDB: 10.4.32 started; log sequence number 6378674; transaction id 13681
2026-02-02  8:42:07 0 [Note] InnoDB: Loading buffer pool(s) from C:\xampp\mysql\data\ib_buffer_pool
2026-02-02  8:42:07 0 [Note] Plugin 'FEEDBACK' is disabled.
2026-02-02  8:42:07 0 [Note] Server socket created on IP: '::'.
2026-02-02  8:42:07 0 [Note] InnoDB: Buffer pool(s) load completed at 260202  8:42:07
2026-02-02  8:42:07 0 [Note] Reading of all Master_info entries succeeded
2026-02-02  8:42:07 0 [Note] Added new Master_info '' to hash table
2026-02-02  8:42:07 0 [Note] C:\xampp\mysql\bin\mysqld.exe: ready for connections.
Version: '10.4.32-MariaDB'  socket: ''  port: 3306  mariadb.org binary distribution
2026-02-02  9:15:27 11 [Warning] Aborted connection 11 to db: 'prologdb' user: 'prologDBadmin' host: 'DESKTOP-TF6ACUU.bbrouter' (Got an error reading communication packets)
2026-02-02  9:15:27 10 [Warning] Aborted connection 10 to db: 'prologdb' user: 'prologDBadmin' host: 'DESKTOP-TF6ACUU.bbrouter' (Got an error reading communication packets)
2026-02-02  9:15:27 12 [Warning] Aborted connection 12 to db: 'prologdb' user: 'prologDBadmin' host: 'DESKTOP-TF6ACUU.bbrouter' (Got an error reading communication packets)
2026-02-02  9:16:46 13 [Warning] Aborted connection 13 to db: 'prologdb' user: 'prologDBadmin' host: 'DESKTOP-TF6ACUU.bbrouter' (Got an error reading communication packets)
2026-02-02  9:16:46 14 [Warning] Aborted connection 14 to db: 'prologdb' user: 'prologDBadmin' host: 'DESKTOP-TF6ACUU.bbrouter' (Got an error reading communication packets)
2026-02-02  9:16:46 15 [Warning] Aborted connection 15 to db: 'prologdb' user: 'prologDBadmin' host: 'DESKTOP-TF6ACUU.bbrouter' (Got an error reading communication packets)
2026-02-02  9:25:21 16 [Warning] Aborted connection 16 to db: 'prologdb' user: 'prologDBadmin' host: 'DESKTOP-TF6ACUU.bbrouter' (Got an error reading communication packets)
2026-02-02  9:34:29 19 [Warning] Aborted connection 19 to db: 'prologdb' user: 'prologDBadmin' host: 'DESKTOP-TF6ACUU.bbrouter' (Got an error reading communication packets)
2026-02-02  9:35:10 20 [Warning] Aborted connection 20 to db: 'prologdb' user: 'prologDBadmin' host: 'DESKTOP-TF6ACUU.bbrouter' (Got an error reading communication packets)
2026-02-02  9:49:54 21 [Warning] Aborted connection 21 to db: 'prologdb' user: 'prologDBadmin' host: 'DESKTOP-TF6ACUU.bbrouter' (Got an error reading communication packets)
2026-02-02  9:52:55 23 [Warning] Aborted connection 23 to db: 'prologdb' user: 'prologDBadmin' host: 'DESKTOP-TF6ACUU.bbrouter' (Got an error reading communication packets)
2026-02-02  9:54:59 26 [Warning] Aborted connection 26 to db: 'prologdb' user: 'prologDBadmin' host: 'DESKTOP-TF6ACUU.bbrouter' (Got an error reading communication packets)
2026-02-02 11:17:31 17 [Warning] Aborted connection 17 to db: 'prologdb' user: 'prologDBadmin' host: 'DESKTOP-TF6ACUU.bbrouter' (Got an error reading communication packets)
2026-02-02 11:17:31 18 [Warning] Aborted connection 18 to db: 'prologdb' user: 'prologDBadmin' host: 'DESKTOP-TF6ACUU.bbrouter' (Got an error reading communication packets)
2026-02-02 11:24:30 38 [Warning] Aborted connection 38 to db: 'prologdb' user: 'prologDBadmin' host: 'DESKTOP-TF6ACUU.bbrouter' (Got an error reading communication packets)
2026-02-02 11:24:49 39 [Warning] Aborted connection 39 to db: 'prologdb' user: 'prologDBadmin' host: 'DESKTOP-TF6ACUU.bbrouter' (Got an error reading communication packets)
2026-02-02 11:51:00 27 [Warning] Aborted connection 27 to db: 'prologdb' user: 'prologDBadmin' host: 'DESKTOP-TF6ACUU.bbrouter' (Got an error reading communication packets)
2026-02-02 12:01:47 28 [Warning] Aborted connection 28 to db: 'prologdb' user: 'prologDBadmin' host: 'DESKTOP-TF6ACUU.bbrouter' (Got an error reading communication packets)
2026-02-02 13:50:35 45 [Warning] Aborted connection 45 to db: 'prologdb' user: 'prologDBadmin' host: 'DESKTOP-TF6ACUU.bbrouter' (Got an error reading communication packets)
2026-02-02 13:52:15 40 [Warning] Aborted connection 40 to db: 'prologdb' user: 'prologDBadmin' host: 'DESKTOP-TF6ACUU.bbrouter' (Got an error reading communication packets)
2026-02-02 14:03:49 56 [Warning] Aborted connection 56 to db: 'prologdb' user: 'prologDBadmin' host: 'DESKTOP-TF6ACUU.bbrouter' (Got an error reading communication packets)
2026-02-02 14:03:49 55 [Warning] Aborted connection 55 to db: 'prologdb' user: 'prologDBadmin' host: 'DESKTOP-TF6ACUU.bbrouter' (Got an error reading communication packets)
2026-02-02 14:03:49 54 [Warning] Aborted connection 54 to db: 'prologdb' user: 'prologDBadmin' host: 'DESKTOP-TF6ACUU.bbrouter' (Got an error reading communication packets)
2026-02-02 15:32:47 75 [Warning] Aborted connection 75 to db: 'prologdb' user: 'prologDBadmin' host: 'DESKTOP-TF6ACUU.bbrouter' (Got an error reading communication packets)
2026-02-02 15:50:39 80 [Warning] Aborted connection 80 to db: 'prologdb' user: 'prologDBadmin' host: 'vidupiyasa.bbrouter' (Got an error reading communication packets)
2026-02-02 15:50:39 79 [Warning] Aborted connection 79 to db: 'prologdb' user: 'prologDBadmin' host: 'vidupiyasa.bbrouter' (Got an error reading communication packets)
2026-02-03  9:03:49 0 [Note] Starting MariaDB 10.4.32-MariaDB source revision c4143f909528e3fab0677a28631d10389354c491 as process 2144
2026-02-03  9:03:49 0 [Note] InnoDB: Mutexes and rw_locks use Windows interlocked functions
2026-02-03  9:03:49 0 [Note] InnoDB: Uses event mutexes
2026-02-03  9:03:49 0 [Note] InnoDB: Compressed tables use zlib 1.3
2026-02-03  9:03:49 0 [Note] InnoDB: Number of pools: 1
2026-02-03  9:03:49 0 [Note] InnoDB: Using SSE2 crc32 instructions
2026-02-03  9:03:49 0 [Note] InnoDB: Initializing buffer pool, total size = 16M, instances = 1, chunk size = 16M
2026-02-03  9:03:49 0 [Note] InnoDB: Completed initialization of buffer pool
2026-02-03  9:03:49 0 [Note] InnoDB: Starting crash recovery from checkpoint LSN=6482402
2026-02-03  9:03:50 0 [Note] InnoDB: 128 out of 128 rollback segments are active.
2026-02-03  9:03:50 0 [Note] InnoDB: Removed temporary tablespace data file: "ibtmp1"
2026-02-03  9:03:50 0 [Note] InnoDB: Creating shared tablespace for temporary tables
2026-02-03  9:03:50 0 [Note] InnoDB: Setting file 'C:\xampp\mysql\data\ibtmp1' size to 12 MB. Physically writing the file full; Please wait ...
2026-02-03  9:03:50 0 [Note] InnoDB: File 'C:\xampp\mysql\data\ibtmp1' size is now 12 MB.
2026-02-03  9:03:50 0 [Note] InnoDB: Waiting for purge to start
2026-02-03  9:03:50 0 [Note] InnoDB: 10.4.32 started; log sequence number 6482411; transaction id 13983
2026-02-03  9:03:50 0 [Note] InnoDB: Loading buffer pool(s) from C:\xampp\mysql\data\ib_buffer_pool
2026-02-03  9:03:50 0 [Note] Plugin 'FEEDBACK' is disabled.
2026-02-03  9:03:50 0 [Note] Server socket created on IP: '::'.
2026-02-03  9:03:50 0 [Note] InnoDB: Buffer pool(s) load completed at 260203  9:03:50
2026-02-03  9:03:50 0 [Note] Reading of all Master_info entries succeeded
2026-02-03  9:03:50 0 [Note] Added new Master_info '' to hash table
2026-02-03  9:03:50 0 [Note] C:\xampp\mysql\bin\mysqld.exe: ready for connections.
Version: '10.4.32-MariaDB'  socket: ''  port: 3306  mariadb.org binary distribution
2026-02-03 14:03:20 13 [Warning] Aborted connection 13 to db: 'prologdb' user: 'prologDBadmin' host: 'vidupiyasa.bbrouter' (Got an error reading communication packets)
2026-02-03 14:03:20 12 [Warning] Aborted connection 12 to db: 'prologdb' user: 'prologDBadmin' host: 'vidupiyasa.bbrouter' (Got an error reading communication packets)
2026-02-03 14:05:01 14 [Warning] Aborted connection 14 to db: 'prologdb' user: 'prologDBadmin' host: 'vidupiyasa.bbrouter' (Got an error reading communication packets)
2026-02-03 14:05:01 15 [Warning] Aborted connection 15 to db: 'prologdb' user: 'prologDBadmin' host: 'vidupiyasa.bbrouter' (Got an error reading communication packets)
2026-02-03 14:07:15 16 [Warning] Aborted connection 16 to db: 'prologdb' user: 'prologDBadmin' host: 'vidupiyasa.bbrouter' (Got an error reading communication packets)
2026-02-03 14:07:15 17 [Warning] Aborted connection 17 to db: 'prologdb' user: 'prologDBadmin' host: 'vidupiyasa.bbrouter' (Got an error reading communication packets)
2026-02-03 14:09:29 18 [Warning] Aborted connection 18 to db: 'prologdb' user: 'prologDBadmin' host: 'vidupiyasa.bbrouter' (Got an error reading communication packets)
2026-02-03 14:09:29 19 [Warning] Aborted connection 19 to db: 'prologdb' user: 'prologDBadmin' host: 'vidupiyasa.bbrouter' (Got an error reading communication packets)
2026-02-04  7:43:02 37 [Warning] Aborted connection 37 to db: 'prologdb' user: 'prologDBadmin' host: 'vidupiyasa.bbrouter' (Got timeout reading communication packets)
2026-02-04  7:43:03 36 [Warning] Aborted connection 36 to db: 'prologdb' user: 'prologDBadmin' host: 'vidupiyasa.bbrouter' (Got timeout reading communication packets)
2026-02-04  7:55:16 38 [Warning] Aborted connection 38 to db: 'prologdb' user: 'prologDBadmin' host: 'vidupiyasa.bbrouter' (Got an error reading communication packets)
2026-02-04  7:55:16 39 [Warning] Aborted connection 39 to db: 'prologdb' user: 'prologDBadmin' host: 'vidupiyasa.bbrouter' (Got an error reading communication packets)
2026-02-04 15:06:08 50 [Warning] Aborted connection 50 to db: 'prologdb' user: 'prologDBadmin' host: 'DESKTOP-TF6ACUU.bbrouter' (Got an error reading communication packets)
2026-02-04 15:06:08 51 [Warning] Aborted connection 51 to db: 'prologdb' user: 'prologDBadmin' host: 'vidupiyasa.bbrouter' (Got an error reading communication packets)
2026-02-04 15:06:08 47 [Warning] Aborted connection 47 to db: 'prologdb' user: 'prologDBadmin' host: 'DESKTOP-TF6ACUU.bbrouter' (Got an error reading communication packets)
2026-02-04 15:06:08 49 [Warning] Aborted connection 49 to db: 'prologdb' user: 'prologDBadmin' host: 'vidupiyasa.bbrouter' (Got an error reading communication packets)
2026-02-04 16:31:20 0 [Note] Starting MariaDB 10.4.32-MariaDB source revision c4143f909528e3fab0677a28631d10389354c491 as process 2996
2026-02-04 16:31:20 0 [Note] InnoDB: Mutexes and rw_locks use Windows interlocked functions
2026-02-04 16:31:20 0 [Note] InnoDB: Uses event mutexes
2026-02-04 16:31:20 0 [Note] InnoDB: Compressed tables use zlib 1.3
2026-02-04 16:31:20 0 [Note] InnoDB: Number of pools: 1
2026-02-04 16:31:20 0 [Note] InnoDB: Using SSE2 crc32 instructions
2026-02-04 16:31:20 0 [Note] InnoDB: Initializing buffer pool, total size = 16M, instances = 1, chunk size = 16M
2026-02-04 16:31:20 0 [Note] InnoDB: Completed initialization of buffer pool
2026-02-04 16:31:20 0 [Note] InnoDB: Starting crash recovery from checkpoint LSN=6553798
2026-02-04 16:31:21 0 [Note] InnoDB: 128 out of 128 rollback segments are active.
2026-02-04 16:31:21 0 [Note] InnoDB: Removed temporary tablespace data file: "ibtmp1"
2026-02-04 16:31:21 0 [Note] InnoDB: Creating shared tablespace for temporary tables
2026-02-04 16:31:21 0 [Note] InnoDB: Setting file 'C:\xampp\mysql\data\ibtmp1' size to 12 MB. Physically writing the file full; Please wait ...
2026-02-04 16:31:21 0 [Note] InnoDB: File 'C:\xampp\mysql\data\ibtmp1' size is now 12 MB.
2026-02-04 16:31:21 0 [Note] InnoDB: Waiting for purge to start
2026-02-04 16:31:21 0 [Note] InnoDB: 10.4.32 started; log sequence number 6553807; transaction id 14221
2026-02-04 16:31:21 0 [Note] InnoDB: Loading buffer pool(s) from C:\xampp\mysql\data\ib_buffer_pool
2026-02-04 16:31:21 0 [Note] Plugin 'FEEDBACK' is disabled.
2026-02-04 16:31:21 0 [Note] InnoDB: Buffer pool(s) load completed at 260204 16:31:21
2026-02-04 16:31:21 0 [Note] Server socket created on IP: '::'.
2026-02-04 16:31:21 0 [Note] Reading of all Master_info entries succeeded
2026-02-04 16:31:21 0 [Note] Added new Master_info '' to hash table
2026-02-04 16:31:21 0 [Note] C:\xampp\mysql\bin\mysqld.exe: ready for connections.
Version: '10.4.32-MariaDB'  socket: ''  port: 3306  mariadb.org binary distribution
2026-02-05 11:37:45 26 [Warning] Aborted connection 26 to db: 'prologdb' user: 'prologDBadmin' host: 'DESKTOP-TF6ACUU.bbrouter' (Got timeout reading communication packets)
2026-02-05 11:37:45 21 [Warning] Aborted connection 21 to db: 'prologdb' user: 'prologDBadmin' host: 'DESKTOP-TF6ACUU.bbrouter' (Got timeout reading communication packets)
2026-02-05 11:37:45 24 [Warning] Aborted connection 24 to db: 'prologdb' user: 'prologDBadmin' host: 'vidupiyasa.bbrouter' (Got timeout reading communication packets)
2026-02-05 11:37:45 25 [Warning] Aborted connection 25 to db: 'prologdb' user: 'prologDBadmin' host: 'vidupiyasa.bbrouter' (Got timeout reading communication packets)
2026-02-05 11:38:00 27 [Warning] Aborted connection 27 to db: 'prologdb' user: 'prologDBadmin' host: 'vidupiyasa.bbrouter' (Got an error writing communication packets)
2026-02-05 11:38:00 29 [Warning] Aborted connection 29 to db: 'prologdb' user: 'prologDBadmin' host: 'vidupiyasa.bbrouter' (Got an error reading communication packets)
2026-02-05 11:38:00 28 [Warning] Aborted connection 28 to db: 'prologdb' user: 'prologDBadmin' host: 'vidupiyasa.bbrouter' (Got an error reading communication packets)
2026-02-05 11:49:21 0 [Note] C:\xampp\mysql\bin\mysqld.exe (initiated by: unknown): Normal shutdown
2026-02-05 11:49:21 0 [Note] Event Scheduler: Purging the queue. 0 events
2026-02-05 11:49:21 0 [Note] InnoDB: FTS optimize thread exiting.
2026-02-05 11:49:21 0 [Note] InnoDB: Starting shutdown...
2026-02-05 11:49:21 0 [Note] InnoDB: Dumping buffer pool(s) to C:\xampp\mysql\data\ib_buffer_pool
2026-02-05 11:49:21 0 [Note] InnoDB: Instance 0, restricted to 250 pages due to innodb_buf_pool_dump_pct=25
2026-02-05 11:49:21 0 [Note] InnoDB: Buffer pool(s) dump completed at 260205 11:49:21
2026-02-05 11:49:21 0 [Note] InnoDB: Removed temporary tablespace data file: "ibtmp1"
2026-02-05 11:49:21 0 [Note] InnoDB: Shutdown completed; log sequence number 6575923; transaction id 14301
2026-02-05 11:49:21 0 [Note] C:\xampp\mysql\bin\mysqld.exe: Shutdown complete

2026-02-05 11:49:50 0 [Note] Starting MariaDB 10.4.32-MariaDB source revision c4143f909528e3fab0677a28631d10389354c491 as process 3172
2026-02-05 11:49:50 0 [Note] InnoDB: Mutexes and rw_locks use Windows interlocked functions
2026-02-05 11:49:50 0 [Note] InnoDB: Uses event mutexes
2026-02-05 11:49:50 0 [Note] InnoDB: Compressed tables use zlib 1.3
2026-02-05 11:49:50 0 [Note] InnoDB: Number of pools: 1
2026-02-05 11:49:50 0 [Note] InnoDB: Using SSE2 crc32 instructions
2026-02-05 11:49:50 0 [Note] InnoDB: Initializing buffer pool, total size = 16M, instances = 1, chunk size = 16M
2026-02-05 11:49:50 0 [Note] InnoDB: Completed initialization of buffer pool
2026-02-05 11:49:51 0 [Note] InnoDB: 128 out of 128 rollback segments are active.
2026-02-05 11:49:51 0 [Note] InnoDB: Creating shared tablespace for temporary tables
2026-02-05 11:49:51 0 [Note] InnoDB: Setting file 'C:\xampp\mysql\data\ibtmp1' size to 12 MB. Physically writing the file full; Please wait ...
2026-02-05 11:49:51 0 [Note] InnoDB: File 'C:\xampp\mysql\data\ibtmp1' size is now 12 MB.
2026-02-05 11:49:51 0 [Note] InnoDB: Waiting for purge to start
2026-02-05 11:49:51 0 [Note] InnoDB: 10.4.32 started; log sequence number 6575923; transaction id 14302
2026-02-05 11:49:51 0 [Note] InnoDB: Loading buffer pool(s) from C:\xampp\mysql\data\ib_buffer_pool
2026-02-05 11:49:51 0 [Note] Plugin 'FEEDBACK' is disabled.
2026-02-05 11:49:51 0 [Note] Server socket created on IP: '::'.
2026-02-05 11:49:51 0 [Note] InnoDB: Buffer pool(s) load completed at 260205 11:49:51
2026-02-05 11:49:51 0 [Note] Reading of all Master_info entries succeeded
2026-02-05 11:49:51 0 [Note] Added new Master_info '' to hash table
2026-02-05 11:49:51 0 [Note] C:\xampp\mysql\bin\mysqld.exe: ready for connections.
Version: '10.4.32-MariaDB'  socket: ''  port: 3306  mariadb.org binary distribution
2026-02-05 11:56:12 8 [Warning] Aborted connection 8 to db: 'prologdb' user: 'prologDBadmin' host: 'vidupiyasa.bbrouter' (Got an error reading communication packets)
2026-02-05 11:56:12 10 [Warning] Aborted connection 10 to db: 'prologdb' user: 'prologDBadmin' host: 'vidupiyasa.bbrouter' (Got an error reading communication packets)
2026-02-05 11:56:12 9 [Warning] Aborted connection 9 to db: 'prologdb' user: 'prologDBadmin' host: 'vidupiyasa.bbrouter' (Got an error reading communication packets)
2026-02-05 11:58:37 11 [Warning] Aborted connection 11 to db: 'prologdb' user: 'prologDBadmin' host: 'vidupiyasa.bbrouter' (Got an error reading communication packets)
2026-02-05 11:58:37 12 [Warning] Aborted connection 12 to db: 'prologdb' user: 'prologDBadmin' host: 'vidupiyasa.bbrouter' (Got an error reading communication packets)
2026-02-05 12:36:22 16 [Warning] Aborted connection 16 to db: 'prologdb' user: 'prologDBadmin' host: 'vidupiyasa.bbrouter' (Got an error reading communication packets)
2026-02-05 12:36:22 15 [Warning] Aborted connection 15 to db: 'prologdb' user: 'prologDBadmin' host: 'vidupiyasa.bbrouter' (Got an error reading communication packets)
2026-02-05 15:12:22 28 [Warning] Aborted connection 28 to db: 'prologdb' user: 'prologDBadmin' host: 'DESKTOP-TF6ACUU.bbrouter' (Got an error reading communication packets)
2026-02-05 15:12:22 26 [Warning] Aborted connection 26 to db: 'prologdb' user: 'prologDBadmin' host: 'vidupiyasa.bbrouter' (Got an error reading communication packets)
2026-02-05 15:12:22 27 [Warning] Aborted connection 27 to db: 'prologdb' user: 'prologDBadmin' host: 'vidupiyasa.bbrouter' (Got an error reading communication packets)
2026-02-05 17:06:38 31 [Warning] Aborted connection 31 to db: 'prologdb' user: 'prologDBadmin' host: 'DESKTOP-TF6ACUU.bbrouter' (Got an error reading communication packets)
2026-02-06  8:46:15 0 [Note] Starting MariaDB 10.4.32-MariaDB source revision c4143f909528e3fab0677a28631d10389354c491 as process 3104
2026-02-06  8:46:15 0 [Note] InnoDB: Mutexes and rw_locks use Windows interlocked functions
2026-02-06  8:46:15 0 [Note] InnoDB: Uses event mutexes
2026-02-06  8:46:15 0 [Note] InnoDB: Compressed tables use zlib 1.3
2026-02-06  8:46:15 0 [Note] InnoDB: Number of pools: 1
2026-02-06  8:46:15 0 [Note] InnoDB: Using SSE2 crc32 instructions
2026-02-06  8:46:15 0 [Note] InnoDB: Initializing buffer pool, total size = 16M, instances = 1, chunk size = 16M
2026-02-06  8:46:15 0 [Note] InnoDB: Completed initialization of buffer pool
2026-02-06  8:46:15 0 [Note] InnoDB: Starting crash recovery from checkpoint LSN=6679687
2026-02-06  8:46:16 0 [Note] InnoDB: 128 out of 128 rollback segments are active.
2026-02-06  8:46:16 0 [Note] InnoDB: Removed temporary tablespace data file: "ibtmp1"
2026-02-06  8:46:16 0 [Note] InnoDB: Creating shared tablespace for temporary tables
2026-02-06  8:46:16 0 [Note] InnoDB: Setting file 'C:\xampp\mysql\data\ibtmp1' size to 12 MB. Physically writing the file full; Please wait ...
2026-02-06  8:46:16 0 [Note] InnoDB: File 'C:\xampp\mysql\data\ibtmp1' size is now 12 MB.
2026-02-06  8:46:16 0 [Note] InnoDB: Waiting for purge to start
2026-02-06  8:46:16 0 [Note] InnoDB: 10.4.32 started; log sequence number 6679696; transaction id 14589
2026-02-06  8:46:16 0 [Note] InnoDB: Loading buffer pool(s) from C:\xampp\mysql\data\ib_buffer_pool
2026-02-06  8:46:16 0 [Note] Plugin 'FEEDBACK' is disabled.
2026-02-06  8:46:16 0 [Note] Server socket created on IP: '::'.
2026-02-06  8:46:16 0 [Note] InnoDB: Buffer pool(s) load completed at 260206  8:46:16
2026-02-06  8:46:16 0 [Note] Reading of all Master_info entries succeeded
2026-02-06  8:46:16 0 [Note] Added new Master_info '' to hash table
2026-02-06  8:46:16 0 [Note] C:\xampp\mysql\bin\mysqld.exe: ready for connections.
Version: '10.4.32-MariaDB'  socket: ''  port: 3306  mariadb.org binary distribution
2026-02-06 13:29:30 0 [Note] Starting MariaDB 10.4.32-MariaDB source revision c4143f909528e3fab0677a28631d10389354c491 as process 3084
2026-02-06 13:29:31 0 [Note] InnoDB: Mutexes and rw_locks use Windows interlocked functions
2026-02-06 13:29:31 0 [Note] InnoDB: Uses event mutexes
2026-02-06 13:29:31 0 [Note] InnoDB: Compressed tables use zlib 1.3
2026-02-06 13:29:31 0 [Note] InnoDB: Number of pools: 1
2026-02-06 13:29:31 0 [Note] InnoDB: Using SSE2 crc32 instructions
2026-02-06 13:29:31 0 [Note] InnoDB: Initializing buffer pool, total size = 16M, instances = 1, chunk size = 16M
2026-02-06 13:29:31 0 [Note] InnoDB: Completed initialization of buffer pool
2026-02-06 13:29:31 0 [Note] InnoDB: Starting crash recovery from checkpoint LSN=6688113
2026-02-06 13:29:31 0 [Note] InnoDB: 128 out of 128 rollback segments are active.
2026-02-06 13:29:31 0 [Note] InnoDB: Removed temporary tablespace data file: "ibtmp1"
2026-02-06 13:29:31 0 [Note] InnoDB: Creating shared tablespace for temporary tables
2026-02-06 13:29:31 0 [Note] InnoDB: Setting file 'C:\xampp\mysql\data\ibtmp1' size to 12 MB. Physically writing the file full; Please wait ...
2026-02-06 13:29:31 0 [Note] InnoDB: File 'C:\xampp\mysql\data\ibtmp1' size is now 12 MB.
2026-02-06 13:29:31 0 [Note] InnoDB: Waiting for purge to start
2026-02-06 13:29:31 0 [Note] InnoDB: 10.4.32 started; log sequence number 6688122; transaction id 14627
2026-02-06 13:29:31 0 [Note] InnoDB: Loading buffer pool(s) from C:\xampp\mysql\data\ib_buffer_pool
2026-02-06 13:29:31 0 [Note] Plugin 'FEEDBACK' is disabled.
2026-02-06 13:29:31 0 [Note] Server socket created on IP: '::'.
2026-02-06 13:29:32 0 [Note] InnoDB: Buffer pool(s) load completed at 260206 13:29:32
2026-02-06 13:29:32 0 [Note] Reading of all Master_info entries succeeded
2026-02-06 13:29:32 0 [Note] Added new Master_info '' to hash table
2026-02-06 13:29:32 0 [Note] C:\xampp\mysql\bin\mysqld.exe: ready for connections.
Version: '10.4.32-MariaDB'  socket: ''  port: 3306  mariadb.org binary distribution
2026-02-06 15:14:25 13 [Warning] Aborted connection 13 to db: 'prologdb' user: 'prologDBadmin' host: 'vidupiyasa.bbrouter' (Got an error reading communication packets)
2026-02-06 15:14:25 14 [Warning] Aborted connection 14 to db: 'prologdb' user: 'prologDBadmin' host: 'vidupiyasa.bbrouter' (Got an error reading communication packets)
2026-02-06 16:33:29 15 [Warning] Aborted connection 15 to db: 'prologdb' user: 'prologDBadmin' host: 'vidupiyasa.bbrouter' (Got an error reading communication packets)
2026-02-06 16:33:29 16 [Warning] Aborted connection 16 to db: 'prologdb' user: 'prologDBadmin' host: 'vidupiyasa.bbrouter' (Got an error reading communication packets)
2026-02-07 12:00:56 25 [Warning] Aborted connection 25 to db: 'prologdb' user: 'prologDBadmin' host: 'DESKTOP-TF6ACUU.bbrouter' (Got an error reading communication packets)
2026-02-07 13:59:15 26 [Warning] Aborted connection 26 to db: 'prologdb' user: 'prologDBadmin' host: 'DESKTOP-TF6ACUU.bbrouter' (Got an error reading communication packets)
2026-02-07 13:59:45 27 [Warning] Aborted connection 27 to db: 'prologdb' user: 'prologDBadmin' host: 'DESKTOP-TF6ACUU.bbrouter' (Got an error reading communication packets)
2026-02-07 15:22:04 54 [Warning] Aborted connection 54 to db: 'prologdb' user: 'prologDBadmin' host: 'DESKTOP-TF6ACUU.bbrouter' (Got an error reading communication packets)
2026-02-07 15:22:04 56 [Warning] Aborted connection 56 to db: 'prologdb' user: 'prologDBadmin' host: 'DESKTOP-TF6ACUU.bbrouter' (Got an error reading communication packets)
2026-02-07 16:04:44 59 [Warning] Aborted connection 59 to db: 'prologdb' user: 'prologDBadmin' host: 'vidupiyasa.bbrouter' (Got an error reading communication packets)
2026-02-07 16:04:44 60 [Warning] Aborted connection 60 to db: 'prologdb' user: 'prologDBadmin' host: 'vidupiyasa.bbrouter' (Got an error reading communication packets)
2026-02-07 17:22:36 63 [Warning] Aborted connection 63 to db: 'prologdb' user: 'prologDBadmin' host: 'vidupiyasa.bbrouter' (Got an error reading communication packets)
2026-02-07 17:22:36 64 [Warning] Aborted connection 64 to db: 'prologdb' user: 'prologDBadmin' host: 'vidupiyasa.bbrouter' (Got an error reading communication packets)
2026-02-08 11:20:41 77 [Warning] Aborted connection 77 to db: 'prologdb' user: 'prologDBadmin' host: 'vidupiyasa.bbrouter' (Got an error reading communication packets)
2026-02-08 11:20:41 76 [Warning] Aborted connection 76 to db: 'prologdb' user: 'prologDBadmin' host: 'vidupiyasa.bbrouter' (Got an error reading communication packets)
2026-02-08 11:20:41 75 [Warning] Aborted connection 75 to db: 'prologdb' user: 'prologDBadmin' host: 'vidupiyasa.bbrouter' (Got an error reading communication packets)
2026-02-08 17:25:52 103 [Warning] Aborted connection 103 to db: 'prologdb' user: 'prologDBadmin' host: 'vidupiyasa.bbrouter' (Got an error reading communication packets)
2026-02-08 17:25:52 104 [Warning] Aborted connection 104 to db: 'prologdb' user: 'prologDBadmin' host: 'vidupiyasa.bbrouter' (Got an error reading communication packets)
2026-02-09 13:17:27 117 [Warning] Aborted connection 117 to db: 'prologdb' user: 'prologDBadmin' host: 'vidupiyasa.bbrouter' (Got an error reading communication packets)
2026-02-09 13:17:27 116 [Warning] Aborted connection 116 to db: 'prologdb' user: 'prologDBadmin' host: 'vidupiyasa.bbrouter' (Got an error reading communication packets)
2026-02-09 13:31:32 120 [Warning] Aborted connection 120 to db: 'prologdb' user: 'prologDBadmin' host: 'vidupiyasa.bbrouter' (Got an error reading communication packets)
2026-02-09 13:31:32 121 [Warning] Aborted connection 121 to db: 'prologdb' user: 'prologDBadmin' host: 'vidupiyasa.bbrouter' (Got an error reading communication packets)
2026-02-09 14:14:57 0 [Note] Starting MariaDB 10.4.32-MariaDB source revision c4143f909528e3fab0677a28631d10389354c491 as process 3024
2026-02-09 14:14:57 0 [Note] InnoDB: Mutexes and rw_locks use Windows interlocked functions
2026-02-09 14:14:57 0 [Note] InnoDB: Uses event mutexes
2026-02-09 14:14:57 0 [Note] InnoDB: Compressed tables use zlib 1.3
2026-02-09 14:14:57 0 [Note] InnoDB: Number of pools: 1
2026-02-09 14:14:57 0 [Note] InnoDB: Using SSE2 crc32 instructions
2026-02-09 14:14:57 0 [Note] InnoDB: Initializing buffer pool, total size = 16M, instances = 1, chunk size = 16M
2026-02-09 14:14:57 0 [Note] InnoDB: Completed initialization of buffer pool
2026-02-09 14:14:58 0 [Note] InnoDB: Starting crash recovery from checkpoint LSN=7149499
2026-02-09 14:14:58 0 [Note] InnoDB: 128 out of 128 rollback segments are active.
2026-02-09 14:14:58 0 [Note] InnoDB: Removed temporary tablespace data file: "ibtmp1"
2026-02-09 14:14:58 0 [Note] InnoDB: Creating shared tablespace for temporary tables
2026-02-09 14:14:58 0 [Note] InnoDB: Setting file 'C:\xampp\mysql\data\ibtmp1' size to 12 MB. Physically writing the file full; Please wait ...
2026-02-09 14:14:58 0 [Note] InnoDB: File 'C:\xampp\mysql\data\ibtmp1' size is now 12 MB.
2026-02-09 14:14:58 0 [Note] InnoDB: Waiting for purge to start
2026-02-09 14:14:58 0 [Note] InnoDB: 10.4.32 started; log sequence number 7149539; transaction id 15756
2026-02-09 14:14:58 0 [Note] InnoDB: Loading buffer pool(s) from C:\xampp\mysql\data\ib_buffer_pool
2026-02-09 14:14:58 0 [Note] Plugin 'FEEDBACK' is disabled.
2026-02-09 14:14:58 0 [Note] Server socket created on IP: '::'.
2026-02-09 14:14:58 0 [Note] InnoDB: Buffer pool(s) load completed at 260209 14:14:58
2026-02-09 14:14:59 0 [Note] Reading of all Master_info entries succeeded
2026-02-09 14:14:59 0 [Note] Added new Master_info '' to hash table
2026-02-09 14:14:59 0 [Note] C:\xampp\mysql\bin\mysqld.exe: ready for connections.
Version: '10.4.32-MariaDB'  socket: ''  port: 3306  mariadb.org binary distribution
2026-02-09 15:30:27 22 [Warning] Aborted connection 22 to db: 'prologdb' user: 'prologDBadmin' host: 'DESKTOP-TF6ACUU.bbrouter' (Got an error reading communication packets)
2026-02-09 16:58:36 38 [Warning] Aborted connection 38 to db: 'prologdb' user: 'prologDBadmin' host: 'vidupiyasa.bbrouter' (Got an error reading communication packets)
2026-02-09 16:58:36 37 [Warning] Aborted connection 37 to db: 'prologdb' user: 'prologDBadmin' host: 'vidupiyasa.bbrouter' (Got an error reading communication packets)
2026-02-09 18:08:42 53 [Warning] Aborted connection 53 to db: 'prologdb' user: 'prologDBadmin' host: 'vidupiyasa.bbrouter' (Got an error reading communication packets)
2026-02-09 18:08:42 52 [Warning] Aborted connection 52 to db: 'prologdb' user: 'prologDBadmin' host: 'vidupiyasa.bbrouter' (Got an error reading communication packets)
2026-02-10  7:37:56 56 [Warning] Aborted connection 56 to db: 'prologdb' user: 'prologDBadmin' host: 'DESKTOP-TF6ACUU.bbrouter' (Got timeout reading communication packets)
2026-02-10  7:37:56 55 [Warning] Aborted connection 55 to db: 'prologdb' user: 'prologDBadmin' host: 'DESKTOP-TF6ACUU.bbrouter' (Got timeout reading communication packets)
2026-02-10  7:37:56 54 [Warning] Aborted connection 54 to db: 'prologdb' user: 'prologDBadmin' host: 'DESKTOP-TF6ACUU.bbrouter' (Got timeout reading communication packets)
2026-02-10  9:35:00 62 [Warning] Aborted connection 62 to db: 'prologdb' user: 'prologDBadmin' host: 'vidupiyasa.bbrouter' (Got an error reading communication packets)
2026-02-10  9:35:00 61 [Warning] Aborted connection 61 to db: 'prologdb' user: 'prologDBadmin' host: 'vidupiyasa.bbrouter' (Got an error reading communication packets)
2026-02-10 15:37:45 90 [Warning] Aborted connection 90 to db: 'prologdb' user: 'prologDBadmin' host: 'vidupiyasa.bbrouter' (Got an error reading communication packets)
2026-02-10 15:37:45 89 [Warning] Aborted connection 89 to db: 'prologdb' user: 'prologDBadmin' host: 'vidupiyasa.bbrouter' (Got an error reading communication packets)
2026-02-10 16:36:39 98 [Warning] Aborted connection 98 to db: 'prologdb' user: 'prologDBadmin' host: 'vidupiyasa.bbrouter' (Got an error reading communication packets)
2026-02-10 16:36:39 102 [Warning] Aborted connection 102 to db: 'prologdb' user: 'prologDBadmin' host: 'vidupiyasa.bbrouter' (Got an error reading communication packets)
2026-02-10 17:02:16 103 [Warning] Aborted connection 103 to db: 'prologdb' user: 'prologDBadmin' host: 'vidupiyasa.bbrouter' (Got an error reading communication packets)
2026-02-10 17:02:16 104 [Warning] Aborted connection 104 to db: 'prologdb' user: 'prologDBadmin' host: 'vidupiyasa.bbrouter' (Got an error reading communication packets)
2026-02-10 17:33:04 113 [Warning] Aborted connection 113 to db: 'prologdb' user: 'prologDBadmin' host: 'DESKTOP-TF6ACUU.bbrouter' (Got an error reading communication packets)
2026-02-10 17:33:04 114 [Warning] Aborted connection 114 to db: 'prologdb' user: 'prologDBadmin' host: 'DESKTOP-TF6ACUU.bbrouter' (Got an error reading communication packets)
2026-02-10 17:33:04 116 [Warning] Aborted connection 116 to db: 'prologdb' user: 'prologDBadmin' host: 'DESKTOP-TF6ACUU.bbrouter' (Got an error reading communication packets)
2026-02-11  9:46:20 112 [Warning] Aborted connection 112 to db: 'prologdb' user: 'prologDBadmin' host: 'DESKTOP-TF6ACUU.bbrouter' (Got timeout reading communication packets)
2026-02-11  9:46:21 119 [Warning] Aborted connection 119 to db: 'prologdb' user: 'prologDBadmin' host: 'DESKTOP-TF6ACUU.bbrouter' (Got timeout reading communication packets)
2026-02-11  9:46:21 108 [Warning] Aborted connection 108 to db: 'prologdb' user: 'prologDBadmin' host: 'DESKTOP-TF6ACUU.bbrouter' (Got timeout reading communication packets)
2026-02-11  9:46:21 118 [Warning] Aborted connection 118 to db: 'prologdb' user: 'prologDBadmin' host: 'vidupiyasa.bbrouter' (Got timeout reading communication packets)
2026-02-11  9:46:21 117 [Warning] Aborted connection 117 to db: 'prologdb' user: 'prologDBadmin' host: 'vidupiyasa.bbrouter' (Got timeout reading communication packets)
2026-02-11  9:46:21 111 [Warning] Aborted connection 111 to db: 'prologdb' user: 'prologDBadmin' host: 'DESKTOP-TF6ACUU.bbrouter' (Got timeout reading communication packets)
2026-02-11  9:46:21 121 [Warning] Aborted connection 121 to db: 'prologdb' user: 'prologDBadmin' host: 'DESKTOP-TF6ACUU.bbrouter' (Got timeout reading communication packets)
2026-02-11  9:46:36 122 [Warning] Aborted connection 122 to db: 'prologdb' user: 'prologDBadmin' host: 'vidupiyasa.bbrouter' (Got an error writing communication packets)
2026-02-11  9:46:36 124 [Warning] Aborted connection 124 to db: 'prologdb' user: 'prologDBadmin' host: 'vidupiyasa.bbrouter' (Got an error reading communication packets)
2026-02-11  9:46:36 123 [Warning] Aborted connection 123 to db: 'prologdb' user: 'prologDBadmin' host: 'vidupiyasa.bbrouter' (Got an error reading communication packets)
2026-02-11  9:47:00 125 [Warning] Aborted connection 125 to db: 'prologdb' user: 'prologDBadmin' host: 'vidupiyasa.bbrouter' (Got an error writing communication packets)
2026-02-11  9:47:00 127 [Warning] Aborted connection 127 to db: 'prologdb' user: 'prologDBadmin' host: 'vidupiyasa.bbrouter' (Got an error reading communication packets)
2026-02-11  9:47:00 126 [Warning] Aborted connection 126 to db: 'prologdb' user: 'prologDBadmin' host: 'vidupiyasa.bbrouter' (Got an error reading communication packets)
2026-02-11 10:50:02 134 [Warning] Aborted connection 134 to db: 'prologdb' user: 'prologDBadmin' host: 'vidupiyasa.bbrouter' (Got an error reading communication packets)
2026-02-11 10:50:02 133 [Warning] Aborted connection 133 to db: 'prologdb' user: 'prologDBadmin' host: 'vidupiyasa.bbrouter' (Got an error reading communication packets)
2026-02-11 13:33:47 154 [Warning] Aborted connection 154 to db: 'prologdb' user: 'prologDBadmin' host: 'vidupiyasa.bbrouter' (Got an error reading communication packets)
2026-02-11 13:33:47 156 [Warning] Aborted connection 156 to db: 'prologdb' user: 'prologDBadmin' host: 'vidupiyasa.bbrouter' (Got an error reading communication packets)
2026-02-11 13:33:47 155 [Warning] Aborted connection 155 to db: 'prologdb' user: 'prologDBadmin' host: 'vidupiyasa.bbrouter' (Got an error reading communication packets)
2026-02-11 13:58:10 150 [Warning] Aborted connection 150 to db: 'prologdb' user: 'prologDBadmin' host: 'DESKTOP-TF6ACUU.bbrouter' (Got an error reading communication packets)
2026-02-11 14:14:45 147 [Warning] Aborted connection 147 to db: 'prologdb' user: 'prologDBadmin' host: 'DESKTOP-TF6ACUU.bbrouter' (Got an error reading communication packets)
2026-02-11 15:18:22 175 [Warning] Aborted connection 175 to db: 'prologdb' user: 'prologDBadmin' host: 'DESKTOP-TF6ACUU.bbrouter' (Got an error reading communication packets)
2026-02-11 15:29:27 152 [Warning] Aborted connection 152 to db: 'prologdb' user: 'prologDBadmin' host: 'DESKTOP-TF6ACUU.bbrouter' (Got an error reading communication packets)
2026-02-11 15:55:28 151 [Warning] Aborted connection 151 to db: 'prologdb' user: 'prologDBadmin' host: 'DESKTOP-TF6ACUU.bbrouter' (Got an error reading communication packets)
2026-02-11 17:29:31 179 [Warning] Aborted connection 179 to db: 'prologdb' user: 'prologDBadmin' host: 'DESKTOP-TF6ACUU.bbrouter' (Got an error reading communication packets)
2026-02-11 17:31:31 180 [Warning] Aborted connection 180 to db: 'prologdb' user: 'prologDBadmin' host: 'DESKTOP-TF6ACUU.bbrouter' (Got an error reading communication packets)
2026-02-11 17:39:53 176 [Warning] Aborted connection 176 to db: 'prologdb' user: 'prologDBadmin' host: 'DESKTOP-TF6ACUU.bbrouter' (Got an error reading communication packets)
2026-02-11 18:19:09 189 [Warning] Aborted connection 189 to db: 'prologdb' user: 'prologDBadmin' host: 'vidupiyasa.bbrouter' (Got an error reading communication packets)
2026-02-11 18:19:09 190 [Warning] Aborted connection 190 to db: 'prologdb' user: 'prologDBadmin' host: 'vidupiyasa.bbrouter' (Got an error reading communication packets)
2026-02-11 18:20:44 191 [Warning] Aborted connection 191 to db: 'prologdb' user: 'prologDBadmin' host: 'vidupiyasa.bbrouter' (Got an error reading communication packets)
2026-02-11 18:20:44 192 [Warning] Aborted connection 192 to db: 'prologdb' user: 'prologDBadmin' host: 'vidupiyasa.bbrouter' (Got an error reading communication packets)
2026-02-13  9:29:59 204 [Warning] Aborted connection 204 to db: 'prologdb' user: 'prologDBadmin' host: 'vidupiyasa.bbrouter' (Got timeout reading communication packets)
2026-02-13  9:29:59 205 [Warning] Aborted connection 205 to db: 'prologdb' user: 'prologDBadmin' host: 'vidupiyasa.bbrouter' (Got timeout reading communication packets)
2026-02-13 16:28:27 0 [Note] Starting MariaDB 10.4.32-MariaDB source revision c4143f909528e3fab0677a28631d10389354c491 as process 3080
2026-02-13 16:28:27 0 [Note] InnoDB: Mutexes and rw_locks use Windows interlocked functions
2026-02-13 16:28:27 0 [Note] InnoDB: Uses event mutexes
2026-02-13 16:28:27 0 [Note] InnoDB: Compressed tables use zlib 1.3
2026-02-13 16:28:27 0 [Note] InnoDB: Number of pools: 1
2026-02-13 16:28:27 0 [Note] InnoDB: Using SSE2 crc32 instructions
2026-02-13 16:28:27 0 [Note] InnoDB: Initializing buffer pool, total size = 16M, instances = 1, chunk size = 16M
2026-02-13 16:28:27 0 [Note] InnoDB: Completed initialization of buffer pool
2026-02-13 16:28:27 0 [Note] InnoDB: Starting crash recovery from checkpoint LSN=7600333
2026-02-13 16:28:28 0 [Note] InnoDB: 128 out of 128 rollback segments are active.
2026-02-13 16:28:28 0 [Note] InnoDB: Removed temporary tablespace data file: "ibtmp1"
2026-02-13 16:28:28 0 [Note] InnoDB: Creating shared tablespace for temporary tables
2026-02-13 16:28:28 0 [Note] InnoDB: Setting file 'C:\xampp\mysql\data\ibtmp1' size to 12 MB. Physically writing the file full; Please wait ...
2026-02-13 16:28:28 0 [Note] InnoDB: File 'C:\xampp\mysql\data\ibtmp1' size is now 12 MB.
2026-02-13 16:28:28 0 [Note] InnoDB: Waiting for purge to start
2026-02-13 16:28:28 0 [Note] InnoDB: 10.4.32 started; log sequence number 7600342; transaction id 16901
2026-02-13 16:28:28 0 [Note] InnoDB: Loading buffer pool(s) from C:\xampp\mysql\data\ib_buffer_pool
2026-02-13 16:28:28 0 [Note] Plugin 'FEEDBACK' is disabled.
2026-02-13 16:28:28 0 [Note] InnoDB: Buffer pool(s) load completed at 260213 16:28:28
2026-02-13 16:28:28 0 [Note] Server socket created on IP: '::'.
2026-02-13 16:28:29 0 [Note] Reading of all Master_info entries succeeded
2026-02-13 16:28:29 0 [Note] Added new Master_info '' to hash table
2026-02-13 16:28:29 0 [Note] C:\xampp\mysql\bin\mysqld.exe: ready for connections.
Version: '10.4.32-MariaDB'  socket: ''  port: 3306  mariadb.org binary distribution
2026-02-14 14:08:02 66 [Warning] Aborted connection 66 to db: 'prologdb' user: 'prologDBadmin' host: 'vidupiyasa.bbrouter' (Got an error reading communication packets)
2026-02-14 14:08:02 67 [Warning] Aborted connection 67 to db: 'prologdb' user: 'prologDBadmin' host: 'vidupiyasa.bbrouter' (Got an error reading communication packets)
2026-02-14 14:52:42 77 [Warning] Aborted connection 77 to db: 'prologdb' user: 'prologDBadmin' host: 'DESKTOP-TF6ACUU.bbrouter' (Got an error reading communication packets)
2026-02-14 14:52:42 76 [Warning] Aborted connection 76 to db: 'prologdb' user: 'prologDBadmin' host: 'DESKTOP-TF6ACUU.bbrouter' (Got an error reading communication packets)
2026-02-14 17:59:28 86 [Warning] Aborted connection 86 to db: 'prologdb' user: 'prologDBadmin' host: 'vidupiyasa.bbrouter' (Got an error reading communication packets)
2026-02-14 17:59:28 84 [Warning] Aborted connection 84 to db: 'prologdb' user: 'prologDBadmin' host: 'vidupiyasa.bbrouter' (Got an error reading communication packets)
2026-02-14 17:59:28 85 [Warning] Aborted connection 85 to db: 'prologdb' user: 'prologDBadmin' host: 'vidupiyasa.bbrouter' (Got an error reading communication packets)
2026-02-15 10:25:00 89 [Warning] Aborted connection 89 to db: 'prologdb' user: 'prologDBadmin' host: 'vidupiyasa.bbrouter' (Got an error reading communication packets)
2026-02-15 10:25:00 90 [Warning] Aborted connection 90 to db: 'prologdb' user: 'prologDBadmin' host: 'vidupiyasa.bbrouter' (Got an error reading communication packets)
2026-02-15 10:25:00 91 [Warning] Aborted connection 91 to db: 'prologdb' user: 'prologDBadmin' host: 'vidupiyasa.bbrouter' (Got an error reading communication packets)
2026-02-15 12:50:03 95 [Warning] Aborted connection 95 to db: 'prologdb' user: 'prologDBadmin' host: 'vidupiyasa.bbrouter' (Got an error reading communication packets)
2026-02-15 12:50:03 96 [Warning] Aborted connection 96 to db: 'prologdb' user: 'prologDBadmin' host: 'vidupiyasa.bbrouter' (Got an error reading communication packets)
2026-02-15 12:55:47 94 [Warning] Aborted connection 94 to db: 'prologdb' user: 'prologDBadmin' host: 'vidupiyasa.bbrouter' (Got an error reading communication packets)
2026-02-15 17:25:32 132 [Warning] Aborted connection 132 to db: 'prologdb' user: 'prologDBadmin' host: 'vidupiyasa.bbrouter' (Got an error reading communication packets)
2026-02-15 17:25:32 130 [Warning] Aborted connection 130 to db: 'prologdb' user: 'prologDBadmin' host: 'vidupiyasa.bbrouter' (Got an error reading communication packets)
2026-02-15 17:58:20 133 [Warning] Aborted connection 133 to db: 'prologdb' user: 'prologDBadmin' host: 'vidupiyasa.bbrouter' (Got an error reading communication packets)
2026-02-15 18:12:00 136 [Warning] Aborted connection 136 to db: 'prologdb' user: 'prologDBadmin' host: 'vidupiyasa.bbrouter' (Got an error reading communication packets)
2026-02-15 18:12:00 135 [Warning] Aborted connection 135 to db: 'prologdb' user: 'prologDBadmin' host: 'vidupiyasa.bbrouter' (Got an error reading communication packets)
2026-02-16  7:19:18 134 [Warning] Aborted connection 134 to db: 'prologdb' user: 'prologDBadmin' host: 'vidupiyasa.bbrouter' (Got timeout reading communication packets)
2026-02-16  7:19:18 124 [Warning] Aborted connection 124 to db: 'prologdb' user: 'prologDBadmin' host: 'vidupiyasa.bbrouter' (Got timeout reading communication packets)
2026-02-16  7:19:18 125 [Warning] Aborted connection 125 to db: 'prologdb' user: 'prologDBadmin' host: 'vidupiyasa.bbrouter' (Got timeout reading communication packets)
2026-02-16  9:45:13 146 [Warning] Aborted connection 146 to db: 'prologdb' user: 'prologDBadmin' host: 'vidupiyasa.bbrouter' (Got an error reading communication packets)
2026-02-16  9:45:13 147 [Warning] Aborted connection 147 to db: 'prologdb' user: 'prologDBadmin' host: 'vidupiyasa.bbrouter' (Got an error reading communication packets)
2026-02-16 11:21:56 154 [Warning] Aborted connection 154 to db: 'prologdb' user: 'prologDBadmin' host: 'vidupiyasa.bbrouter' (Got an error reading communication packets)
2026-02-16 11:29:20 160 [Warning] Aborted connection 160 to db: 'prologdb' user: 'prologDBadmin' host: 'vidupiyasa.bbrouter' (Got an error reading communication packets)
2026-02-16 12:26:22 169 [Warning] Aborted connection 169 to db: 'prologdb' user: 'prologDBadmin' host: 'vidupiyasa.bbrouter' (Got an error reading communication packets)
2026-02-16 12:26:22 170 [Warning] Aborted connection 170 to db: 'prologdb' user: 'prologDBadmin' host: 'vidupiyasa.bbrouter' (Got an error reading communication packets)
2026-02-16 13:09:18 157 [Warning] Aborted connection 157 to db: 'prologdb' user: 'prologDBadmin' host: 'vidupiyasa.bbrouter' (Got an error reading communication packets)
2026-02-16 13:28:51 188 [Warning] Aborted connection 188 to db: 'prologdb' user: 'prologDBadmin' host: 'vidupiyasa.bbrouter' (Got an error reading communication packets)
2026-02-16 14:53:47 207 [Warning] Aborted connection 207 to db: 'prologdb' user: 'prologDBadmin' host: 'vidupiyasa.bbrouter' (Got an error reading communication packets)
2026-02-16 16:03:07 220 [Warning] Aborted connection 220 to db: 'prologdb' user: 'prologDBadmin' host: 'vidupiyasa.bbrouter' (Got an error reading communication packets)
2026-02-16 17:24:20 234 [Warning] Aborted connection 234 to db: 'prologdb' user: 'prologDBadmin' host: 'vidupiyasa.bbrouter' (Got an error reading communication packets)
2026-02-16 17:24:20 235 [Warning] Aborted connection 235 to db: 'prologdb' user: 'prologDBadmin' host: 'vidupiyasa.bbrouter' (Got an error reading communication packets)
2026-02-17  7:27:58 231 [Warning] Aborted connection 231 to db: 'prologdb' user: 'prologDBadmin' host: 'vidupiyasa.bbrouter' (Got timeout reading communication packets)
2026-02-17  7:27:59 227 [Warning] Aborted connection 227 to db: 'prologdb' user: 'prologDBadmin' host: 'vidupiyasa.bbrouter' (Got timeout reading communication packets)
2026-02-17 11:17:29 0 [Note] Starting MariaDB 10.4.32-MariaDB source revision c4143f909528e3fab0677a28631d10389354c491 as process 3048
2026-02-17 11:17:29 0 [Note] InnoDB: Mutexes and rw_locks use Windows interlocked functions
2026-02-17 11:17:29 0 [Note] InnoDB: Uses event mutexes
2026-02-17 11:17:29 0 [Note] InnoDB: Compressed tables use zlib 1.3
2026-02-17 11:17:29 0 [Note] InnoDB: Number of pools: 1
2026-02-17 11:17:29 0 [Note] InnoDB: Using SSE2 crc32 instructions
2026-02-17 11:17:29 0 [Note] InnoDB: Initializing buffer pool, total size = 16M, instances = 1, chunk size = 16M
2026-02-17 11:17:29 0 [Note] InnoDB: Completed initialization of buffer pool
2026-02-17 11:17:29 0 [Note] InnoDB: Starting crash recovery from checkpoint LSN=8983286
2026-02-17 11:17:29 0 [Note] InnoDB: 128 out of 128 rollback segments are active.
2026-02-17 11:17:29 0 [Note] InnoDB: Removed temporary tablespace data file: "ibtmp1"
2026-02-17 11:17:29 0 [Note] InnoDB: Creating shared tablespace for temporary tables
2026-02-17 11:17:29 0 [Note] InnoDB: Setting file 'C:\xampp\mysql\data\ibtmp1' size to 12 MB. Physically writing the file full; Please wait ...
2026-02-17 11:17:29 0 [Note] InnoDB: File 'C:\xampp\mysql\data\ibtmp1' size is now 12 MB.
2026-02-17 11:17:29 0 [Note] InnoDB: Waiting for purge to start
2026-02-17 11:17:30 0 [Note] InnoDB: 10.4.32 started; log sequence number 8983295; transaction id 20329
2026-02-17 11:17:30 0 [Note] InnoDB: Loading buffer pool(s) from C:\xampp\mysql\data\ib_buffer_pool
2026-02-17 11:17:30 0 [Note] Plugin 'FEEDBACK' is disabled.
2026-02-17 11:17:30 0 [Note] Server socket created on IP: '::'.
2026-02-17 11:17:30 0 [Note] InnoDB: Buffer pool(s) load completed at 260217 11:17:30
2026-02-17 11:17:30 0 [Note] Reading of all Master_info entries succeeded
2026-02-17 11:17:30 0 [Note] Added new Master_info '' to hash table
2026-02-17 11:17:30 0 [Note] C:\xampp\mysql\bin\mysqld.exe: ready for connections.
Version: '10.4.32-MariaDB'  socket: ''  port: 3306  mariadb.org binary distribution
2026-02-17 17:24:15 28 [Warning] Aborted connection 28 to db: 'prologdb' user: 'prologDBadmin' host: 'vidupiyasa.bbrouter' (Got an error reading communication packets)
2026-02-17 17:24:15 29 [Warning] Aborted connection 29 to db: 'prologdb' user: 'prologDBadmin' host: 'vidupiyasa.bbrouter' (Got an error reading communication packets)
2026-02-18 10:51:16 0 [Note] Starting MariaDB 10.4.32-MariaDB source revision c4143f909528e3fab0677a28631d10389354c491 as process 3128
2026-02-18 10:51:16 0 [Note] InnoDB: Mutexes and rw_locks use Windows interlocked functions
2026-02-18 10:51:16 0 [Note] InnoDB: Uses event mutexes
2026-02-18 10:51:16 0 [Note] InnoDB: Compressed tables use zlib 1.3
2026-02-18 10:51:16 0 [Note] InnoDB: Number of pools: 1
2026-02-18 10:51:16 0 [Note] InnoDB: Using SSE2 crc32 instructions
2026-02-18 10:51:16 0 [Note] InnoDB: Initializing buffer pool, total size = 16M, instances = 1, chunk size = 16M
2026-02-18 10:51:16 0 [Note] InnoDB: Completed initialization of buffer pool
2026-02-18 10:51:16 0 [Note] InnoDB: Starting crash recovery from checkpoint LSN=9019689
2026-02-18 10:51:17 0 [Note] InnoDB: 128 out of 128 rollback segments are active.
2026-02-18 10:51:17 0 [Note] InnoDB: Removed temporary tablespace data file: "ibtmp1"
2026-02-18 10:51:17 0 [Note] InnoDB: Creating shared tablespace for temporary tables
2026-02-18 10:51:17 0 [Note] InnoDB: Setting file 'C:\xampp\mysql\data\ibtmp1' size to 12 MB. Physically writing the file full; Please wait ...
2026-02-18 10:51:17 0 [Note] InnoDB: File 'C:\xampp\mysql\data\ibtmp1' size is now 12 MB.
2026-02-18 10:51:17 0 [Note] InnoDB: Waiting for purge to start
2026-02-18 10:51:17 0 [Note] InnoDB: 10.4.32 started; log sequence number 9019698; transaction id 20461
2026-02-18 10:51:17 0 [Note] InnoDB: Loading buffer pool(s) from C:\xampp\mysql\data\ib_buffer_pool
2026-02-18 10:51:17 0 [Note] Plugin 'FEEDBACK' is disabled.
2026-02-18 10:51:17 0 [Note] Server socket created on IP: '::'.
2026-02-18 10:51:17 0 [Note] InnoDB: Buffer pool(s) load completed at 260218 10:51:17
2026-02-18 10:51:17 0 [Note] Reading of all Master_info entries succeeded
2026-02-18 10:51:17 0 [Note] Added new Master_info '' to hash table
2026-02-18 10:51:17 0 [Note] C:\xampp\mysql\bin\mysqld.exe: ready for connections.
Version: '10.4.32-MariaDB'  socket: ''  port: 3306  mariadb.org binary distribution
2026-02-18 10:57:30 0 [Note] Starting MariaDB 10.4.32-MariaDB source revision c4143f909528e3fab0677a28631d10389354c491 as process 2116
2026-02-18 10:57:30 0 [Note] InnoDB: Mutexes and rw_locks use Windows interlocked functions
2026-02-18 10:57:30 0 [Note] InnoDB: Uses event mutexes
2026-02-18 10:57:30 0 [Note] InnoDB: Compressed tables use zlib 1.3
2026-02-18 10:57:30 0 [Note] InnoDB: Number of pools: 1
2026-02-18 10:57:30 0 [Note] InnoDB: Using SSE2 crc32 instructions
2026-02-18 10:57:30 0 [Note] InnoDB: Initializing buffer pool, total size = 16M, instances = 1, chunk size = 16M
2026-02-18 10:57:30 0 [Note] InnoDB: Completed initialization of buffer pool
2026-02-18 10:57:30 0 [Note] InnoDB: Starting crash recovery from checkpoint LSN=9019707
2026-02-18 10:57:31 0 [Note] InnoDB: 128 out of 128 rollback segments are active.
2026-02-18 10:57:31 0 [Note] InnoDB: Removed temporary tablespace data file: "ibtmp1"
2026-02-18 10:57:31 0 [Note] InnoDB: Creating shared tablespace for temporary tables
2026-02-18 10:57:31 0 [Note] InnoDB: Setting file 'C:\xampp\mysql\data\ibtmp1' size to 12 MB. Physically writing the file full; Please wait ...
2026-02-18 10:57:31 0 [Note] InnoDB: File 'C:\xampp\mysql\data\ibtmp1' size is now 12 MB.
2026-02-18 10:57:31 0 [Note] InnoDB: Waiting for purge to start
2026-02-18 10:57:31 0 [Note] InnoDB: 10.4.32 started; log sequence number 9019716; transaction id 20461
2026-02-18 10:57:31 0 [Note] InnoDB: Loading buffer pool(s) from C:\xampp\mysql\data\ib_buffer_pool
2026-02-18 10:57:31 0 [Note] Plugin 'FEEDBACK' is disabled.
2026-02-18 10:57:31 0 [Note] Server socket created on IP: '::'.
2026-02-18 10:57:31 0 [Note] InnoDB: Buffer pool(s) load completed at 260218 10:57:31
2026-02-18 10:57:31 0 [Note] Reading of all Master_info entries succeeded
2026-02-18 10:57:31 0 [Note] Added new Master_info '' to hash table
2026-02-18 10:57:31 0 [Note] C:\xampp\mysql\bin\mysqld.exe: ready for connections.
Version: '10.4.32-MariaDB'  socket: ''  port: 3306  mariadb.org binary distribution
2026-02-18 12:23:32 13 [Warning] Aborted connection 13 to db: 'prologdb' user: 'prologDBadmin' host: 'vidupiyasa.bbrouter' (Got an error reading communication packets)
2026-02-18 12:23:32 12 [Warning] Aborted connection 12 to db: 'prologdb' user: 'prologDBadmin' host: 'vidupiyasa.bbrouter' (Got an error reading communication packets)
2026-02-18 12:26:32 17 [Warning] Aborted connection 17 to db: 'prologdb' user: 'prologDBadmin' host: 'vidupiyasa.bbrouter' (Got an error reading communication packets)
2026-02-18 12:26:32 18 [Warning] Aborted connection 18 to db: 'prologdb' user: 'prologDBadmin' host: 'vidupiyasa.bbrouter' (Got an error reading communication packets)
2026-02-18 14:37:56 35 [Warning] Aborted connection 35 to db: 'prologdb' user: 'prologDBadmin' host: 'DESKTOP-TF6ACUU.bbrouter' (Got an error reading communication packets)
2026-02-18 16:29:54 39 [Warning] Aborted connection 39 to db: 'prologdb' user: 'prologDBadmin' host: 'DESKTOP-TF6ACUU.bbrouter' (Got an error reading communication packets)
2026-02-18 16:39:31 41 [Warning] Aborted connection 41 to db: 'prologdb' user: 'prologDBadmin' host: 'DESKTOP-TF6ACUU.bbrouter' (Got an error reading communication packets)
2026-02-18 16:55:50 68 [Warning] Aborted connection 68 to db: 'prologdb' user: 'prologDBadmin' host: 'DESKTOP-TF6ACUU.bbrouter' (Got an error reading communication packets)
2026-02-18 16:55:50 65 [Warning] Aborted connection 65 to db: 'prologdb' user: 'prologDBadmin' host: 'DESKTOP-TF6ACUU.bbrouter' (Got an error reading communication packets)
2026-02-18 17:00:22 40 [Warning] Aborted connection 40 to db: 'prologdb' user: 'prologDBadmin' host: 'DESKTOP-TF6ACUU.bbrouter' (Got an error reading communication packets)
2026-02-18 17:21:43 67 [Warning] Aborted connection 67 to db: 'prologdb' user: 'prologDBadmin' host: 'vidupiyasa.bbrouter' (Got an error reading communication packets)
2026-02-18 17:21:43 69 [Warning] Aborted connection 69 to db: 'prologdb' user: 'prologDBadmin' host: 'vidupiyasa.bbrouter' (Got an error reading communication packets)
2026-02-19  9:07:21 78 [Warning] Aborted connection 78 to db: 'prologdb' user: 'prologDBadmin' host: 'vidupiyasa.bbrouter' (Got an error reading communication packets)
2026-02-19  9:07:21 77 [Warning] Aborted connection 77 to db: 'prologdb' user: 'prologDBadmin' host: 'vidupiyasa.bbrouter' (Got an error reading communication packets)
2026-02-19  9:08:22 80 [Warning] Aborted connection 80 to db: 'prologdb' user: 'prologDBadmin' host: 'vidupiyasa.bbrouter' (Got an error reading communication packets)
2026-02-19  9:08:22 79 [Warning] Aborted connection 79 to db: 'prologdb' user: 'prologDBadmin' host: 'vidupiyasa.bbrouter' (Got an error reading communication packets)
2026-02-19  9:08:22 81 [Warning] Aborted connection 81 to db: 'prologdb' user: 'prologDBadmin' host: 'vidupiyasa.bbrouter' (Got an error reading communication packets)
2026-02-19 10:36:28 0 [Note] Starting MariaDB 10.4.32-MariaDB source revision c4143f909528e3fab0677a28631d10389354c491 as process 3044
2026-02-19 10:36:28 0 [Note] InnoDB: Mutexes and rw_locks use Windows interlocked functions
2026-02-19 10:36:28 0 [Note] InnoDB: Uses event mutexes
2026-02-19 10:36:28 0 [Note] InnoDB: Compressed tables use zlib 1.3
2026-02-19 10:36:28 0 [Note] InnoDB: Number of pools: 1
2026-02-19 10:36:28 0 [Note] InnoDB: Using SSE2 crc32 instructions
2026-02-19 10:36:28 0 [Note] InnoDB: Initializing buffer pool, total size = 16M, instances = 1, chunk size = 16M
2026-02-19 10:36:28 0 [Note] InnoDB: Completed initialization of buffer pool
2026-02-19 10:36:28 0 [Note] InnoDB: Starting crash recovery from checkpoint LSN=9227790
2026-02-19 10:36:28 0 [Note] InnoDB: 128 out of 128 rollback segments are active.
2026-02-19 10:36:28 0 [Note] InnoDB: Removed temporary tablespace data file: "ibtmp1"
2026-02-19 10:36:28 0 [Note] InnoDB: Creating shared tablespace for temporary tables
2026-02-19 10:36:28 0 [Note] InnoDB: Setting file 'C:\xampp\mysql\data\ibtmp1' size to 12 MB. Physically writing the file full; Please wait ...
2026-02-19 10:36:28 0 [Note] InnoDB: File 'C:\xampp\mysql\data\ibtmp1' size is now 12 MB.
2026-02-19 10:36:28 0 [Note] InnoDB: Waiting for purge to start
2026-02-19 10:36:29 0 [Note] InnoDB: 10.4.32 started; log sequence number 9227799; transaction id 21000
2026-02-19 10:36:29 0 [Note] InnoDB: Loading buffer pool(s) from C:\xampp\mysql\data\ib_buffer_pool
2026-02-19 10:36:29 0 [Note] Plugin 'FEEDBACK' is disabled.
2026-02-19 10:36:29 0 [Note] Server socket created on IP: '::'.
2026-02-19 10:36:29 0 [Note] InnoDB: Buffer pool(s) load completed at 260219 10:36:29
2026-02-19 10:36:29 0 [Note] Reading of all Master_info entries succeeded
2026-02-19 10:36:29 0 [Note] Added new Master_info '' to hash table
2026-02-19 10:36:29 0 [Note] C:\xampp\mysql\bin\mysqld.exe: ready for connections.
Version: '10.4.32-MariaDB'  socket: ''  port: 3306  mariadb.org binary distribution
2026-02-19 15:48:12 31 [Warning] Aborted connection 31 to db: 'prologdb' user: 'prologDBadmin' host: 'DESKTOP-TF6ACUU.bbrouter' (Got an error reading communication packets)
2026-02-19 15:48:12 35 [Warning] Aborted connection 35 to db: 'prologdb' user: 'prologDBadmin' host: 'DESKTOP-TF6ACUU.bbrouter' (Got an error reading communication packets)
2026-02-19 15:48:12 33 [Warning] Aborted connection 33 to db: 'prologdb' user: 'prologDBadmin' host: 'DESKTOP-TF6ACUU.bbrouter' (Got an error reading communication packets)
2026-02-19 16:09:20 40 [Warning] Aborted connection 40 to db: 'prologdb' user: 'prologDBadmin' host: 'DESKTOP-TF6ACUU.bbrouter' (Got an error reading communication packets)
2026-02-19 16:09:20 36 [Warning] Aborted connection 36 to db: 'prologdb' user: 'prologDBadmin' host: 'DESKTOP-TF6ACUU.bbrouter' (Got an error reading communication packets)
2026-02-19 16:09:20 39 [Warning] Aborted connection 39 to db: 'prologdb' user: 'prologDBadmin' host: 'DESKTOP-TF6ACUU.bbrouter' (Got an error reading communication packets)
2026-02-19 16:10:44 41 [Warning] Aborted connection 41 to db: 'prologdb' user: 'prologDBadmin' host: 'DESKTOP-TF6ACUU.bbrouter' (Got an error reading communication packets)
2026-02-19 16:10:44 42 [Warning] Aborted connection 42 to db: 'prologdb' user: 'prologDBadmin' host: 'DESKTOP-TF6ACUU.bbrouter' (Got an error reading communication packets)
2026-02-19 16:10:44 43 [Warning] Aborted connection 43 to db: 'prologdb' user: 'prologDBadmin' host: 'DESKTOP-TF6ACUU.bbrouter' (Got an error reading communication packets)
2026-02-19 16:15:18 45 [Warning] Aborted connection 45 to db: 'prologdb' user: 'prologDBadmin' host: 'DESKTOP-TF6ACUU.bbrouter' (Got an error reading communication packets)
2026-02-19 16:15:18 46 [Warning] Aborted connection 46 to db: 'prologdb' user: 'prologDBadmin' host: 'DESKTOP-TF6ACUU.bbrouter' (Got an error reading communication packets)
2026-02-19 16:15:18 44 [Warning] Aborted connection 44 to db: 'prologdb' user: 'prologDBadmin' host: 'DESKTOP-TF6ACUU.bbrouter' (Got an error reading communication packets)
2026-02-19 16:22:17 48 [Warning] Aborted connection 48 to db: 'prologdb' user: 'prologDBadmin' host: 'vidupiyasa.bbrouter' (Got an error reading communication packets)
2026-02-19 16:22:17 47 [Warning] Aborted connection 47 to db: 'prologdb' user: 'prologDBadmin' host: 'vidupiyasa.bbrouter' (Got an error reading communication packets)
2026-02-19 18:22:43 70 [Warning] Aborted connection 70 to db: 'prologdb' user: 'prologDBadmin' host: 'vidupiyasa.bbrouter' (Got an error reading communication packets)
2026-02-19 18:22:43 69 [Warning] Aborted connection 69 to db: 'prologdb' user: 'prologDBadmin' host: 'vidupiyasa.bbrouter' (Got an error reading communication packets)
2026-02-20  7:38:21 68 [Warning] Aborted connection 68 to db: 'prologdb' user: 'prologDBadmin' host: 'DESKTOP-TF6ACUU.bbrouter' (Got timeout reading communication packets)
2026-02-20  7:38:21 66 [Warning] Aborted connection 66 to db: 'prologdb' user: 'prologDBadmin' host: 'DESKTOP-TF6ACUU.bbrouter' (Got timeout reading communication packets)
2026-02-20 11:15:24 85 [Warning] Aborted connection 85 to db: 'prologdb' user: 'prologDBadmin' host: 'DESKTOP-TF6ACUU.bbrouter' (Got an error reading communication packets)
2026-02-20 11:41:47 100 [Warning] Aborted connection 100 to db: 'prologdb' user: 'prologDBadmin' host: 'vidupiyasa.bbrouter' (Got an error reading communication packets)
2026-02-20 11:41:47 101 [Warning] Aborted connection 101 to db: 'prologdb' user: 'prologDBadmin' host: 'vidupiyasa.bbrouter' (Got an error reading communication packets)
2026-02-20 11:43:09 102 [Warning] Aborted connection 102 to db: 'prologdb' user: 'prologDBadmin' host: 'vidupiyasa.bbrouter' (Got an error reading communication packets)
2026-02-20 11:43:09 103 [Warning] Aborted connection 103 to db: 'prologdb' user: 'prologDBadmin' host: 'vidupiyasa.bbrouter' (Got an error reading communication packets)
2026-02-20 12:38:50 109 [Warning] Aborted connection 109 to db: 'prologdb' user: 'prologDBadmin' host: 'DESKTOP-TF6ACUU.bbrouter' (Got an error reading communication packets)
2026-02-20 13:24:25 121 [Warning] Aborted connection 121 to db: 'prologdb' user: 'prologDBadmin' host: 'vidupiyasa.bbrouter' (Got an error reading communication packets)
2026-02-20 13:24:25 122 [Warning] Aborted connection 122 to db: 'prologdb' user: 'prologDBadmin' host: 'vidupiyasa.bbrouter' (Got an error reading communication packets)
2026-02-20 13:25:46 119 [Warning] Aborted connection 119 to db: 'prologdb' user: 'prologDBadmin' host: 'DESKTOP-TF6ACUU.bbrouter' (Got an error reading communication packets)
2026-02-20 14:01:33 129 [Warning] Aborted connection 129 to db: 'prologdb' user: 'prologDBadmin' host: 'DESKTOP-TF6ACUU.bbrouter' (Got an error reading communication packets)
2026-02-20 14:55:56 146 [Warning] Aborted connection 146 to db: 'prologdb' user: 'prologDBadmin' host: 'vidupiyasa.bbrouter' (Got an error reading communication packets)
2026-02-20 14:55:56 145 [Warning] Aborted connection 145 to db: 'prologdb' user: 'prologDBadmin' host: 'vidupiyasa.bbrouter' (Got an error reading communication packets)
2026-02-20 15:09:07 120 [Warning] Aborted connection 120 to db: 'prologdb' user: 'prologDBadmin' host: 'DESKTOP-TF6ACUU.bbrouter' (Got an error reading communication packets)
2026-02-20 15:17:42 123 [Warning] Aborted connection 123 to db: 'prologdb' user: 'prologDBadmin' host: 'DESKTOP-TF6ACUU.bbrouter' (Got an error reading communication packets)
2026-02-20 15:54:22 0 [Note] Starting MariaDB 10.4.32-MariaDB source revision c4143f909528e3fab0677a28631d10389354c491 as process 2392
2026-02-20 15:54:22 0 [Note] InnoDB: Mutexes and rw_locks use Windows interlocked functions
2026-02-20 15:54:22 0 [Note] InnoDB: Uses event mutexes
2026-02-20 15:54:22 0 [Note] InnoDB: Compressed tables use zlib 1.3
2026-02-20 15:54:22 0 [Note] InnoDB: Number of pools: 1
2026-02-20 15:54:22 0 [Note] InnoDB: Using SSE2 crc32 instructions
2026-02-20 15:54:22 0 [Note] InnoDB: Initializing buffer pool, total size = 16M, instances = 1, chunk size = 16M
2026-02-20 15:54:22 0 [Note] InnoDB: Completed initialization of buffer pool
2026-02-20 15:54:22 0 [Note] InnoDB: Starting crash recovery from checkpoint LSN=9611521
2026-02-20 15:54:23 0 [Note] InnoDB: 128 out of 128 rollback segments are active.
2026-02-20 15:54:23 0 [Note] InnoDB: Removed temporary tablespace data file: "ibtmp1"
2026-02-20 15:54:23 0 [Note] InnoDB: Creating shared tablespace for temporary tables
2026-02-20 15:54:23 0 [Note] InnoDB: Setting file 'C:\xampp\mysql\data\ibtmp1' size to 12 MB. Physically writing the file full; Please wait ...
2026-02-20 15:54:23 0 [Note] InnoDB: File 'C:\xampp\mysql\data\ibtmp1' size is now 12 MB.
2026-02-20 15:54:23 0 [Note] InnoDB: Waiting for purge to start
2026-02-20 15:54:23 0 [Note] InnoDB: 10.4.32 started; log sequence number 9611530; transaction id 22098
2026-02-20 15:54:23 0 [Note] InnoDB: Loading buffer pool(s) from C:\xampp\mysql\data\ib_buffer_pool
2026-02-20 15:54:23 0 [Note] Plugin 'FEEDBACK' is disabled.
2026-02-20 15:54:23 0 [Note] InnoDB: Buffer pool(s) load completed at 260220 15:54:23
2026-02-20 15:54:24 0 [Note] Server socket created on IP: '::'.
2026-02-20 15:54:24 0 [Note] Reading of all Master_info entries succeeded
2026-02-20 15:54:24 0 [Note] Added new Master_info '' to hash table
2026-02-20 15:54:24 0 [Note] C:\xampp\mysql\bin\mysqld.exe: ready for connections.
Version: '10.4.32-MariaDB'  socket: ''  port: 3306  mariadb.org binary distribution
2026-02-21  6:47:36 0 [Note] Starting MariaDB 10.4.32-MariaDB source revision c4143f909528e3fab0677a28631d10389354c491 as process 2828
2026-02-21  6:47:36 0 [Note] InnoDB: Mutexes and rw_locks use Windows interlocked functions
2026-02-21  6:47:36 0 [Note] InnoDB: Uses event mutexes
2026-02-21  6:47:36 0 [Note] InnoDB: Compressed tables use zlib 1.3
2026-02-21  6:47:36 0 [Note] InnoDB: Number of pools: 1
2026-02-21  6:47:36 0 [Note] InnoDB: Using SSE2 crc32 instructions
2026-02-21  6:47:36 0 [Note] InnoDB: Initializing buffer pool, total size = 16M, instances = 1, chunk size = 16M
2026-02-21  6:47:36 0 [Note] InnoDB: Completed initialization of buffer pool
2026-02-21  6:47:36 0 [Note] InnoDB: Starting crash recovery from checkpoint LSN=9611539
2026-02-21  6:47:37 0 [Note] InnoDB: 128 out of 128 rollback segments are active.
2026-02-21  6:47:37 0 [Note] InnoDB: Removed temporary tablespace data file: "ibtmp1"
2026-02-21  6:47:37 0 [Note] InnoDB: Creating shared tablespace for temporary tables
2026-02-21  6:47:37 0 [Note] InnoDB: Setting file 'C:\xampp\mysql\data\ibtmp1' size to 12 MB. Physically writing the file full; Please wait ...
2026-02-21  6:47:37 0 [Note] InnoDB: File 'C:\xampp\mysql\data\ibtmp1' size is now 12 MB.
2026-02-21  6:47:37 0 [Note] InnoDB: Waiting for purge to start
2026-02-21  6:47:38 0 [Note] InnoDB: 10.4.32 started; log sequence number 9611548; transaction id 22098
2026-02-21  6:47:38 0 [Note] InnoDB: Loading buffer pool(s) from C:\xampp\mysql\data\ib_buffer_pool
2026-02-21  6:47:38 0 [Note] Plugin 'FEEDBACK' is disabled.
2026-02-21  6:47:38 0 [Note] Server socket created on IP: '::'.
2026-02-21  6:47:38 0 [Note] InnoDB: Buffer pool(s) load completed at 260221  6:47:38
2026-02-21  6:47:38 0 [Note] Reading of all Master_info entries succeeded
2026-02-21  6:47:38 0 [Note] Added new Master_info '' to hash table
2026-02-21  6:47:38 0 [Note] C:\xampp\mysql\bin\mysqld.exe: ready for connections.
Version: '10.4.32-MariaDB'  socket: ''  port: 3306  mariadb.org binary distribution
2026-02-21  6:55:09 0 [Note] Starting MariaDB 10.4.32-MariaDB source revision c4143f909528e3fab0677a28631d10389354c491 as process 3088
2026-02-21  6:55:09 0 [Note] InnoDB: Mutexes and rw_locks use Windows interlocked functions
2026-02-21  6:55:09 0 [Note] InnoDB: Uses event mutexes
2026-02-21  6:55:09 0 [Note] InnoDB: Compressed tables use zlib 1.3
2026-02-21  6:55:09 0 [Note] InnoDB: Number of pools: 1
2026-02-21  6:55:09 0 [Note] InnoDB: Using SSE2 crc32 instructions
2026-02-21  6:55:09 0 [Note] InnoDB: Initializing buffer pool, total size = 16M, instances = 1, chunk size = 16M
2026-02-21  6:55:09 0 [Note] InnoDB: Completed initialization of buffer pool
2026-02-21  6:55:09 0 [Note] InnoDB: Starting crash recovery from checkpoint LSN=9611557
2026-02-21  6:55:10 0 [Note] InnoDB: 128 out of 128 rollback segments are active.
2026-02-21  6:55:10 0 [Note] InnoDB: Removed temporary tablespace data file: "ibtmp1"
2026-02-21  6:55:10 0 [Note] InnoDB: Creating shared tablespace for temporary tables
2026-02-21  6:55:10 0 [Note] InnoDB: Setting file 'C:\xampp\mysql\data\ibtmp1' size to 12 MB. Physically writing the file full; Please wait ...
2026-02-21  6:55:10 0 [Note] InnoDB: File 'C:\xampp\mysql\data\ibtmp1' size is now 12 MB.
2026-02-21  6:55:10 0 [Note] InnoDB: Waiting for purge to start
2026-02-21  6:55:10 0 [Note] InnoDB: 10.4.32 started; log sequence number 9611566; transaction id 22098
2026-02-21  6:55:10 0 [Note] InnoDB: Loading buffer pool(s) from C:\xampp\mysql\data\ib_buffer_pool
2026-02-21  6:55:10 0 [Note] Plugin 'FEEDBACK' is disabled.
2026-02-21  6:55:10 0 [Note] Server socket created on IP: '::'.
2026-02-21  6:55:10 0 [Note] InnoDB: Buffer pool(s) load completed at 260221  6:55:10
2026-02-21  6:55:10 0 [Note] Reading of all Master_info entries succeeded
2026-02-21  6:55:10 0 [Note] Added new Master_info '' to hash table
2026-02-21  6:55:10 0 [Note] C:\xampp\mysql\bin\mysqld.exe: ready for connections.
Version: '10.4.32-MariaDB'  socket: ''  port: 3306  mariadb.org binary distribution
2026-02-21 11:01:58 34 [Warning] Aborted connection 34 to db: 'prologdb' user: 'prologDBadmin' host: 'DESKTOP-TF6ACUU.bbrouter' (Got an error reading communication packets)
2026-02-21 11:16:58 40 [Warning] Aborted connection 40 to db: 'prologdb' user: 'prologDBadmin' host: 'DESKTOP-TF6ACUU.bbrouter' (Got an error reading communication packets)
2026-02-21 12:28:36 33 [Warning] Aborted connection 33 to db: 'prologdb' user: 'prologDBadmin' host: 'DESKTOP-TF6ACUU.bbrouter' (Got an error reading communication packets)
2026-02-21 12:37:27 32 [Warning] Aborted connection 32 to db: 'prologdb' user: 'prologDBadmin' host: 'DESKTOP-TF6ACUU.bbrouter' (Got an error reading communication packets)
2026-02-21 12:45:18 35 [Warning] Aborted connection 35 to db: 'prologdb' user: 'prologDBadmin' host: 'DESKTOP-TF6ACUU.bbrouter' (Got an error reading communication packets)
2026-02-21 13:09:39 41 [Warning] Aborted connection 41 to db: 'prologdb' user: 'prologDBadmin' host: 'DESKTOP-TF6ACUU.bbrouter' (Got an error reading communication packets)
2026-02-21 13:10:10 42 [Warning] Aborted connection 42 to db: 'prologdb' user: 'prologDBadmin' host: 'DESKTOP-TF6ACUU.bbrouter' (Got an error reading communication packets)
2026-02-21 13:12:04 65 [Warning] Aborted connection 65 to db: 'prologdb' user: 'prologDBadmin' host: 'DESKTOP-TF6ACUU.bbrouter' (Got an error reading communication packets)
2026-02-21 14:27:04 0 [Note] Starting MariaDB 10.4.32-MariaDB source revision c4143f909528e3fab0677a28631d10389354c491 as process 1596
2026-02-21 14:27:04 0 [Note] InnoDB: Mutexes and rw_locks use Windows interlocked functions
2026-02-21 14:27:04 0 [Note] InnoDB: Uses event mutexes
2026-02-21 14:27:04 0 [Note] InnoDB: Compressed tables use zlib 1.3
2026-02-21 14:27:04 0 [Note] InnoDB: Number of pools: 1
2026-02-21 14:27:04 0 [Note] InnoDB: Using SSE2 crc32 instructions
2026-02-21 14:27:04 0 [Note] InnoDB: Initializing buffer pool, total size = 16M, instances = 1, chunk size = 16M
2026-02-21 14:27:04 0 [Note] InnoDB: Completed initialization of buffer pool
2026-02-21 14:27:04 0 [Note] InnoDB: Starting crash recovery from checkpoint LSN=9754921
2026-02-21 14:27:05 0 [Note] InnoDB: 128 out of 128 rollback segments are active.
2026-02-21 14:27:05 0 [Note] InnoDB: Removed temporary tablespace data file: "ibtmp1"
2026-02-21 14:27:05 0 [Note] InnoDB: Creating shared tablespace for temporary tables
2026-02-21 14:27:05 0 [Note] InnoDB: Setting file 'C:\xampp\mysql\data\ibtmp1' size to 12 MB. Physically writing the file full; Please wait ...
2026-02-21 14:27:05 0 [Note] InnoDB: File 'C:\xampp\mysql\data\ibtmp1' size is now 12 MB.
2026-02-21 14:27:05 0 [Note] InnoDB: Waiting for purge to start
2026-02-21 14:27:05 0 [Note] InnoDB: 10.4.32 started; log sequence number 9754930; transaction id 22639
2026-02-21 14:27:05 0 [Note] InnoDB: Loading buffer pool(s) from C:\xampp\mysql\data\ib_buffer_pool
2026-02-21 14:27:05 0 [Note] Plugin 'FEEDBACK' is disabled.
2026-02-21 14:27:05 0 [Note] InnoDB: Buffer pool(s) load completed at 260221 14:27:05
2026-02-21 14:27:05 0 [Note] Server socket created on IP: '::'.
2026-02-21 14:27:05 0 [Note] Reading of all Master_info entries succeeded
2026-02-21 14:27:05 0 [Note] Added new Master_info '' to hash table
2026-02-21 14:27:05 0 [Note] C:\xampp\mysql\bin\mysqld.exe: ready for connections.
Version: '10.4.32-MariaDB'  socket: ''  port: 3306  mariadb.org binary distribution
2026-02-21 17:28:01 25 [Warning] Aborted connection 25 to db: 'prologdb' user: 'prologDBadmin' host: 'DESKTOP-TF6ACUU.bbrouter' (Got an error reading communication packets)
2026-02-21 17:29:51 26 [Warning] Aborted connection 26 to db: 'prologdb' user: 'prologDBadmin' host: 'DESKTOP-TF6ACUU.bbrouter' (Got an error reading communication packets)
2026-02-21 18:02:24 36 [Warning] Aborted connection 36 to db: 'prologdb' user: 'prologDBadmin' host: 'DESKTOP-TF6ACUU.bbrouter' (Got an error reading communication packets)
2026-02-21 18:02:24 34 [Warning] Aborted connection 34 to db: 'prologdb' user: 'prologDBadmin' host: 'DESKTOP-TF6ACUU.bbrouter' (Got an error reading communication packets)
2026-02-21 18:02:24 35 [Warning] Aborted connection 35 to db: 'prologdb' user: 'prologDBadmin' host: 'DESKTOP-TF6ACUU.bbrouter' (Got an error reading communication packets)
2026-02-22  9:02:40 33 [Warning] Aborted connection 33 to db: 'prologdb' user: 'prologDBadmin' host: 'vidupiyasa.bbrouter' (Got timeout reading communication packets)
2026-02-22  9:02:40 32 [Warning] Aborted connection 32 to db: 'prologdb' user: 'prologDBadmin' host: 'vidupiyasa.bbrouter' (Got timeout reading communication packets)
2026-02-22  9:02:57 39 [Warning] Aborted connection 39 to db: 'prologdb' user: 'prologDBadmin' host: 'vidupiyasa.bbrouter' (Got an error reading communication packets)
2026-02-22  9:02:57 38 [Warning] Aborted connection 38 to db: 'prologdb' user: 'prologDBadmin' host: 'vidupiyasa.bbrouter' (Got an error reading communication packets)
2026-02-22  9:02:57 37 [Warning] Aborted connection 37 to db: 'prologdb' user: 'prologDBadmin' host: 'vidupiyasa.bbrouter' (Got an error reading communication packets)
2026-02-22 10:28:16 45 [Warning] Aborted connection 45 to db: 'prologdb' user: 'prologDBadmin' host: 'vidupiyasa.bbrouter' (Got an error reading communication packets)
2026-02-22 10:28:16 46 [Warning] Aborted connection 46 to db: 'prologdb' user: 'prologDBadmin' host: 'vidupiyasa.bbrouter' (Got an error reading communication packets)
2026-02-22 10:30:45 47 [Warning] Aborted connection 47 to db: 'prologdb' user: 'prologDBadmin' host: 'vidupiyasa.bbrouter' (Got an error reading communication packets)
2026-02-22 10:30:45 48 [Warning] Aborted connection 48 to db: 'prologdb' user: 'prologDBadmin' host: 'vidupiyasa.bbrouter' (Got an error reading communication packets)
2026-02-22 14:02:40 64 [Warning] Aborted connection 64 to db: 'prologdb' user: 'prologDBadmin' host: 'vidupiyasa.bbrouter' (Got an error reading communication packets)
2026-02-22 14:02:40 65 [Warning] Aborted connection 65 to db: 'prologdb' user: 'prologDBadmin' host: 'vidupiyasa.bbrouter' (Got an error reading communication packets)
2026-02-22 17:20:42 80 [Warning] Aborted connection 80 to db: 'prologdb' user: 'prologDBadmin' host: 'vidupiyasa.bbrouter' (Got an error reading communication packets)
2026-02-22 17:20:42 81 [Warning] Aborted connection 81 to db: 'prologdb' user: 'prologDBadmin' host: 'vidupiyasa.bbrouter' (Got an error reading communication packets)
2026-02-23  7:32:45 0 [Note] Starting MariaDB 10.4.32-MariaDB source revision c4143f909528e3fab0677a28631d10389354c491 as process 3080
2026-02-23  7:32:45 0 [Note] InnoDB: Mutexes and rw_locks use Windows interlocked functions
2026-02-23  7:32:45 0 [Note] InnoDB: Uses event mutexes
2026-02-23  7:32:45 0 [Note] InnoDB: Compressed tables use zlib 1.3
2026-02-23  7:32:45 0 [Note] InnoDB: Number of pools: 1
2026-02-23  7:32:45 0 [Note] InnoDB: Using SSE2 crc32 instructions
2026-02-23  7:32:45 0 [Note] InnoDB: Initializing buffer pool, total size = 16M, instances = 1, chunk size = 16M
2026-02-23  7:32:45 0 [Note] InnoDB: Completed initialization of buffer pool
2026-02-23  7:32:45 0 [Note] InnoDB: Starting crash recovery from checkpoint LSN=9910979
2026-02-23  7:32:46 0 [Note] InnoDB: 128 out of 128 rollback segments are active.
2026-02-23  7:32:46 0 [Note] InnoDB: Removed temporary tablespace data file: "ibtmp1"
2026-02-23  7:32:46 0 [Note] InnoDB: Creating shared tablespace for temporary tables
2026-02-23  7:32:46 0 [Note] InnoDB: Setting file 'C:\xampp\mysql\data\ibtmp1' size to 12 MB. Physically writing the file full; Please wait ...
2026-02-23  7:32:46 0 [Note] InnoDB: File 'C:\xampp\mysql\data\ibtmp1' size is now 12 MB.
2026-02-23  7:32:46 0 [Note] InnoDB: Waiting for purge to start
2026-02-23  7:32:46 0 [Note] InnoDB: 10.4.32 started; log sequence number 9910988; transaction id 23034
2026-02-23  7:32:46 0 [Note] InnoDB: Loading buffer pool(s) from C:\xampp\mysql\data\ib_buffer_pool
2026-02-23  7:32:46 0 [Note] Plugin 'FEEDBACK' is disabled.
2026-02-23  7:32:46 0 [Note] Server socket created on IP: '::'.
2026-02-23  7:32:46 0 [Note] InnoDB: Buffer pool(s) load completed at 260223  7:32:46
2026-02-23  7:32:46 0 [Note] Reading of all Master_info entries succeeded
2026-02-23  7:32:46 0 [Note] Added new Master_info '' to hash table
2026-02-23  7:32:46 0 [Note] C:\xampp\mysql\bin\mysqld.exe: ready for connections.
Version: '10.4.32-MariaDB'  socket: ''  port: 3306  mariadb.org binary distribution
2026-02-23 12:26:14 0 [Note] Starting MariaDB 10.4.32-MariaDB source revision c4143f909528e3fab0677a28631d10389354c491 as process 2148
2026-02-23 12:26:14 0 [Note] InnoDB: Mutexes and rw_locks use Windows interlocked functions
2026-02-23 12:26:14 0 [Note] InnoDB: Uses event mutexes
2026-02-23 12:26:14 0 [Note] InnoDB: Compressed tables use zlib 1.3
2026-02-23 12:26:14 0 [Note] InnoDB: Number of pools: 1
2026-02-23 12:26:14 0 [Note] InnoDB: Using SSE2 crc32 instructions
2026-02-23 12:26:14 0 [Note] InnoDB: Initializing buffer pool, total size = 16M, instances = 1, chunk size = 16M
2026-02-23 12:26:14 0 [Note] InnoDB: Completed initialization of buffer pool
2026-02-23 12:26:14 0 [Note] InnoDB: Starting crash recovery from checkpoint LSN=9971834
2026-02-23 12:26:15 0 [Note] InnoDB: 128 out of 128 rollback segments are active.
2026-02-23 12:26:15 0 [Note] InnoDB: Removed temporary tablespace data file: "ibtmp1"
2026-02-23 12:26:15 0 [Note] InnoDB: Creating shared tablespace for temporary tables
2026-02-23 12:26:15 0 [Note] InnoDB: Setting file 'C:\xampp\mysql\data\ibtmp1' size to 12 MB. Physically writing the file full; Please wait ...
2026-02-23 12:26:15 0 [Note] InnoDB: File 'C:\xampp\mysql\data\ibtmp1' size is now 12 MB.
2026-02-23 12:26:15 0 [Note] InnoDB: Waiting for purge to start
2026-02-23 12:26:15 0 [Note] InnoDB: 10.4.32 started; log sequence number 9971843; transaction id 23246
2026-02-23 12:26:15 0 [Note] InnoDB: Loading buffer pool(s) from C:\xampp\mysql\data\ib_buffer_pool
2026-02-23 12:26:15 0 [Note] Plugin 'FEEDBACK' is disabled.
2026-02-23 12:26:15 0 [Note] Server socket created on IP: '::'.
2026-02-23 12:26:15 0 [Note] InnoDB: Buffer pool(s) load completed at 260223 12:26:15
2026-02-23 12:26:15 0 [Note] Reading of all Master_info entries succeeded
2026-02-23 12:26:15 0 [Note] Added new Master_info '' to hash table
2026-02-23 12:26:15 0 [Note] C:\xampp\mysql\bin\mysqld.exe: ready for connections.
Version: '10.4.32-MariaDB'  socket: ''  port: 3306  mariadb.org binary distribution
2026-02-23 13:06:01 10 [Warning] Aborted connection 10 to db: 'prologdb' user: 'prologDBadmin' host: 'DESKTOP-TF6ACUU.bbrouter' (Got an error reading communication packets)
2026-02-23 13:56:06 19 [Warning] Aborted connection 19 to db: 'prologdb' user: 'prologDBadmin' host: 'DESKTOP-TF6ACUU.bbrouter' (Got an error reading communication packets)
2026-02-23 14:57:29 0 [Note] Starting MariaDB 10.4.32-MariaDB source revision c4143f909528e3fab0677a28631d10389354c491 as process 3032
2026-02-23 14:57:29 0 [Note] InnoDB: Mutexes and rw_locks use Windows interlocked functions
2026-02-23 14:57:29 0 [Note] InnoDB: Uses event mutexes
2026-02-23 14:57:29 0 [Note] InnoDB: Compressed tables use zlib 1.3
2026-02-23 14:57:29 0 [Note] InnoDB: Number of pools: 1
2026-02-23 14:57:29 0 [Note] InnoDB: Using SSE2 crc32 instructions
2026-02-23 14:57:29 0 [Note] InnoDB: Initializing buffer pool, total size = 16M, instances = 1, chunk size = 16M
2026-02-23 14:57:29 0 [Note] InnoDB: Completed initialization of buffer pool
2026-02-23 14:57:29 0 [Note] InnoDB: Starting crash recovery from checkpoint LSN=9985314
2026-02-23 14:57:30 0 [Note] InnoDB: 128 out of 128 rollback segments are active.
2026-02-23 14:57:30 0 [Note] InnoDB: Removed temporary tablespace data file: "ibtmp1"
2026-02-23 14:57:30 0 [Note] InnoDB: Creating shared tablespace for temporary tables
2026-02-23 14:57:30 0 [Note] InnoDB: Setting file 'C:\xampp\mysql\data\ibtmp1' size to 12 MB. Physically writing the file full; Please wait ...
2026-02-23 14:57:30 0 [Note] InnoDB: File 'C:\xampp\mysql\data\ibtmp1' size is now 12 MB.
2026-02-23 14:57:30 0 [Note] InnoDB: Waiting for purge to start
2026-02-23 14:57:30 0 [Note] InnoDB: 10.4.32 started; log sequence number 9985323; transaction id 23320
2026-02-23 14:57:30 0 [Note] InnoDB: Loading buffer pool(s) from C:\xampp\mysql\data\ib_buffer_pool
2026-02-23 14:57:30 0 [Note] Plugin 'FEEDBACK' is disabled.
2026-02-23 14:57:30 0 [Note] Server socket created on IP: '::'.
2026-02-23 14:57:30 0 [Note] InnoDB: Buffer pool(s) load completed at 260223 14:57:30
2026-02-23 14:57:30 0 [Note] Reading of all Master_info entries succeeded
2026-02-23 14:57:30 0 [Note] Added new Master_info '' to hash table
2026-02-23 14:57:30 0 [Note] C:\xampp\mysql\bin\mysqld.exe: ready for connections.
Version: '10.4.32-MariaDB'  socket: ''  port: 3306  mariadb.org binary distribution
2026-02-24  7:32:18 27 [Warning] Aborted connection 27 to db: 'prologdb' user: 'prologDBadmin' host: 'DESKTOP-TF6ACUU.bbrouter' (Got timeout reading communication packets)
2026-02-24  7:32:18 21 [Warning] Aborted connection 21 to db: 'prologdb' user: 'prologDBadmin' host: 'DESKTOP-TF6ACUU.bbrouter' (Got timeout reading communication packets)
2026-02-24  7:32:18 25 [Warning] Aborted connection 25 to db: 'prologdb' user: 'prologDBadmin' host: 'vidupiyasa.bbrouter' (Got timeout reading communication packets)
2026-02-24  7:32:18 28 [Warning] Aborted connection 28 to db: 'prologdb' user: 'prologDBadmin' host: 'DESKTOP-TF6ACUU.bbrouter' (Got timeout reading communication packets)
2026-02-24  7:32:18 24 [Warning] Aborted connection 24 to db: 'prologdb' user: 'prologDBadmin' host: 'vidupiyasa.bbrouter' (Got timeout reading communication packets)
2026-02-24  7:32:29 29 [Warning] Aborted connection 29 to db: 'prologdb' user: 'prologDBadmin' host: 'vidupiyasa.bbrouter' (Got an error reading communication packets)
2026-02-24  7:32:29 31 [Warning] Aborted connection 31 to db: 'prologdb' user: 'prologDBadmin' host: 'vidupiyasa.bbrouter' (Got an error reading communication packets)
2026-02-24  7:32:29 30 [Warning] Aborted connection 30 to db: 'prologdb' user: 'prologDBadmin' host: 'vidupiyasa.bbrouter' (Got an error reading communication packets)
2026-02-24  7:35:39 0 [Note] C:\xampp\mysql\bin\mysqld.exe (initiated by: unknown): Normal shutdown
2026-02-24  7:35:39 0 [Note] Event Scheduler: Purging the queue. 0 events
2026-02-24  7:35:39 0 [Note] InnoDB: FTS optimize thread exiting.
2026-02-24  7:35:39 0 [Note] InnoDB: Starting shutdown...
2026-02-24  7:35:40 0 [Note] InnoDB: Dumping buffer pool(s) to C:\xampp\mysql\data\ib_buffer_pool
2026-02-24  7:35:40 0 [Note] InnoDB: Instance 0, restricted to 250 pages due to innodb_buf_pool_dump_pct=25
2026-02-24  7:35:40 0 [Note] InnoDB: Buffer pool(s) dump completed at 260224  7:35:40
2026-02-24  7:35:40 0 [Note] InnoDB: Removed temporary tablespace data file: "ibtmp1"
2026-02-24  7:35:40 0 [Note] InnoDB: Shutdown completed; log sequence number 10006653; transaction id 23410
2026-02-24  7:35:40 0 [Note] C:\xampp\mysql\bin\mysqld.exe: Shutdown complete

2026-02-24  7:36:16 0 [Note] Starting MariaDB 10.4.32-MariaDB source revision c4143f909528e3fab0677a28631d10389354c491 as process 3376
2026-02-24  7:36:16 0 [Note] InnoDB: Mutexes and rw_locks use Windows interlocked functions
2026-02-24  7:36:16 0 [Note] InnoDB: Uses event mutexes
2026-02-24  7:36:16 0 [Note] InnoDB: Compressed tables use zlib 1.3
2026-02-24  7:36:16 0 [Note] InnoDB: Number of pools: 1
2026-02-24  7:36:16 0 [Note] InnoDB: Using SSE2 crc32 instructions
2026-02-24  7:36:16 0 [Note] InnoDB: Initializing buffer pool, total size = 16M, instances = 1, chunk size = 16M
2026-02-24  7:36:16 0 [Note] InnoDB: Completed initialization of buffer pool
2026-02-24  7:36:16 0 [Note] InnoDB: 128 out of 128 rollback segments are active.
2026-02-24  7:36:16 0 [Note] InnoDB: Creating shared tablespace for temporary tables
2026-02-24  7:36:16 0 [Note] InnoDB: Setting file 'C:\xampp\mysql\data\ibtmp1' size to 12 MB. Physically writing the file full; Please wait ...
2026-02-24  7:36:16 0 [Note] InnoDB: File 'C:\xampp\mysql\data\ibtmp1' size is now 12 MB.
2026-02-24  7:36:16 0 [Note] InnoDB: Waiting for purge to start
2026-02-24  7:36:17 0 [Note] InnoDB: 10.4.32 started; log sequence number 10006653; transaction id 23411
2026-02-24  7:36:17 0 [Note] InnoDB: Loading buffer pool(s) from C:\xampp\mysql\data\ib_buffer_pool
2026-02-24  7:36:17 0 [Note] Plugin 'FEEDBACK' is disabled.
2026-02-24  7:36:17 0 [Note] Server socket created on IP: '::'.
2026-02-24  7:36:17 0 [Note] InnoDB: Buffer pool(s) load completed at 260224  7:36:17
2026-02-24  7:36:17 0 [Note] Reading of all Master_info entries succeeded
2026-02-24  7:36:17 0 [Note] Added new Master_info '' to hash table
2026-02-24  7:36:17 0 [Note] C:\xampp\mysql\bin\mysqld.exe: ready for connections.
Version: '10.4.32-MariaDB'  socket: ''  port: 3306  mariadb.org binary distribution
2026-02-24 11:49:21 14 [Warning] Aborted connection 14 to db: 'prologdb' user: 'prologDBadmin' host: 'DESKTOP-TF6ACUU.bbrouter' (Got an error reading communication packets)
2026-02-24 11:49:21 21 [Warning] Aborted connection 21 to db: 'prologdb' user: 'prologDBadmin' host: 'DESKTOP-TF6ACUU.bbrouter' (Got an error reading communication packets)
2026-02-24 11:49:21 20 [Warning] Aborted connection 20 to db: 'prologdb' user: 'prologDBadmin' host: 'DESKTOP-TF6ACUU.bbrouter' (Got an error reading communication packets)
2026-02-24 12:27:35 31 [Warning] Aborted connection 31 to db: 'prologdb' user: 'prologDBadmin' host: 'DESKTOP-TF6ACUU.bbrouter' (Got an error reading communication packets)
2026-02-24 12:27:35 33 [Warning] Aborted connection 33 to db: 'prologdb' user: 'prologDBadmin' host: 'DESKTOP-TF6ACUU.bbrouter' (Got an error reading communication packets)
2026-02-24 12:27:35 32 [Warning] Aborted connection 32 to db: 'prologdb' user: 'prologDBadmin' host: 'DESKTOP-TF6ACUU.bbrouter' (Got an error reading communication packets)
2026-02-24 17:40:49 57 [Warning] Aborted connection 57 to db: 'prologdb' user: 'prologDBadmin' host: 'DESKTOP-TF6ACUU.bbrouter' (Got an error reading communication packets)
2026-02-24 17:40:49 58 [Warning] Aborted connection 58 to db: 'prologdb' user: 'prologDBadmin' host: 'DESKTOP-TF6ACUU.bbrouter' (Got an error reading communication packets)
2026-02-24 17:47:17 59 [Warning] Aborted connection 59 to db: 'prologdb' user: 'prologDBadmin' host: 'vidupiyasa.bbrouter' (Got an error reading communication packets)
2026-02-24 17:47:17 60 [Warning] Aborted connection 60 to db: 'prologdb' user: 'prologDBadmin' host: 'vidupiyasa.bbrouter' (Got an error reading communication packets)
2026-02-25 17:16:33 91 [Warning] Aborted connection 91 to db: 'prologdb' user: 'prologDBadmin' host: 'vidupiyasa.bbrouter' (Got an error reading communication packets)
2026-02-25 17:16:33 92 [Warning] Aborted connection 92 to db: 'prologdb' user: 'prologDBadmin' host: 'vidupiyasa.bbrouter' (Got an error reading communication packets)
2026-02-26 11:59:56 95 [Warning] Aborted connection 95 to db: 'prologdb' user: 'prologDBadmin' host: 'vidupiyasa' (Got an error reading communication packets)
2026-02-26 11:59:57 96 [Warning] Aborted connection 96 to db: 'prologdb' user: 'prologDBadmin' host: 'vidupiyasa' (Got an error reading communication packets)
2026-02-27 11:09:13 105 [Warning] Aborted connection 105 to db: 'prologdb' user: 'prologDBadmin' host: 'DESKTOP-TF6ACUU' (Got an error reading communication packets)
2026-02-27 11:30:14 107 [Warning] Aborted connection 107 to db: 'prologdb' user: 'prologDBadmin' host: 'DESKTOP-TF6ACUU' (Got an error reading communication packets)
2026-02-27 11:35:29 104 [Warning] Aborted connection 104 to db: 'prologdb' user: 'prologDBadmin' host: 'DESKTOP-TF6ACUU' (Got an error reading communication packets)
2026-02-27 12:30:03 133 [Warning] Aborted connection 133 to db: 'prologdb' user: 'prologDBadmin' host: 'DESKTOP-TF6ACUU' (Got an error reading communication packets)
2026-02-27 12:40:19 118 [Warning] Aborted connection 118 to db: 'prologdb' user: 'prologDBadmin' host: 'DESKTOP-TF6ACUU' (Got an error reading communication packets)
2026-02-27 12:50:37 115 [Warning] Aborted connection 115 to db: 'prologdb' user: 'prologDBadmin' host: 'DESKTOP-TF6ACUU' (Got an error reading communication packets)
2026-02-27 13:15:51 141 [Warning] Aborted connection 141 to db: 'prologdb' user: 'prologDBadmin' host: 'DESKTOP-TF6ACUU' (Got an error reading communication packets)
2026-02-27 13:15:51 139 [Warning] Aborted connection 139 to db: 'prologdb' user: 'prologDBadmin' host: 'DESKTOP-TF6ACUU' (Got an error reading communication packets)
2026-02-27 15:48:59 0 [Note] Starting MariaDB 10.4.32-MariaDB source revision c4143f909528e3fab0677a28631d10389354c491 as process 1096
2026-02-27 15:48:59 0 [Note] InnoDB: Mutexes and rw_locks use Windows interlocked functions
2026-02-27 15:48:59 0 [Note] InnoDB: Uses event mutexes
2026-02-27 15:48:59 0 [Note] InnoDB: Compressed tables use zlib 1.3
2026-02-27 15:48:59 0 [Note] InnoDB: Number of pools: 1
2026-02-27 15:48:59 0 [Note] InnoDB: Using SSE2 crc32 instructions
2026-02-27 15:48:59 0 [Note] InnoDB: Initializing buffer pool, total size = 16M, instances = 1, chunk size = 16M
2026-02-27 15:48:59 0 [Note] InnoDB: Completed initialization of buffer pool
2026-02-27 15:49:00 0 [Note] InnoDB: Starting crash recovery from checkpoint LSN=10188961
2026-02-27 15:49:00 0 [Note] InnoDB: 128 out of 128 rollback segments are active.
2026-02-27 15:49:00 0 [Note] InnoDB: Removed temporary tablespace data file: "ibtmp1"
2026-02-27 15:49:00 0 [Note] InnoDB: Creating shared tablespace for temporary tables
2026-02-27 15:49:00 0 [Note] InnoDB: Setting file 'C:\xampp\mysql\data\ibtmp1' size to 12 MB. Physically writing the file full; Please wait ...
2026-02-27 15:49:00 0 [Note] InnoDB: File 'C:\xampp\mysql\data\ibtmp1' size is now 12 MB.
2026-02-27 15:49:00 0 [Note] InnoDB: Waiting for purge to start
2026-02-27 15:49:00 0 [Note] InnoDB: 10.4.32 started; log sequence number 10188970; transaction id 23974
2026-02-27 15:49:00 0 [Note] InnoDB: Loading buffer pool(s) from C:\xampp\mysql\data\ib_buffer_pool
2026-02-27 15:49:00 0 [Note] Plugin 'FEEDBACK' is disabled.
2026-02-27 15:49:01 0 [Note] Server socket created on IP: '::'.
2026-02-27 15:49:01 0 [Note] InnoDB: Buffer pool(s) load completed at 260227 15:49:01
2026-02-27 15:49:01 0 [Note] Reading of all Master_info entries succeeded
2026-02-27 15:49:01 0 [Note] Added new Master_info '' to hash table
2026-02-27 15:49:01 0 [Note] C:\xampp\mysql\bin\mysqld.exe: ready for connections.
Version: '10.4.32-MariaDB'  socket: ''  port: 3306  mariadb.org binary distribution
2026-02-28  7:05:34 0 [Note] C:\xampp\mysql\bin\mysqld.exe (initiated by: unknown): Normal shutdown
2026-02-28  7:05:34 0 [Note] Event Scheduler: Purging the queue. 0 events
2026-02-28  7:05:34 0 [Note] InnoDB: FTS optimize thread exiting.
2026-02-28  7:05:35 0 [Note] InnoDB: Starting shutdown...
2026-02-28  7:05:35 0 [Note] InnoDB: Dumping buffer pool(s) to C:\xampp\mysql\data\ib_buffer_pool
2026-02-28  7:05:35 0 [Note] InnoDB: Instance 0, restricted to 250 pages due to innodb_buf_pool_dump_pct=25
2026-02-28  7:05:35 0 [Note] InnoDB: Buffer pool(s) dump completed at 260228  7:05:35
2026-02-28  7:05:36 0 [Note] InnoDB: Removed temporary tablespace data file: "ibtmp1"
2026-02-28  7:05:36 0 [Note] InnoDB: Shutdown completed; log sequence number 10188988; transaction id 23975
2026-02-28  7:05:36 0 [Note] C:\xampp\mysql\bin\mysqld.exe: Shutdown complete

2026-02-28  7:06:07 0 [Note] Starting MariaDB 10.4.32-MariaDB source revision c4143f909528e3fab0677a28631d10389354c491 as process 3280
2026-02-28  7:06:08 0 [Note] InnoDB: Mutexes and rw_locks use Windows interlocked functions
2026-02-28  7:06:08 0 [Note] InnoDB: Uses event mutexes
2026-02-28  7:06:08 0 [Note] InnoDB: Compressed tables use zlib 1.3
2026-02-28  7:06:08 0 [Note] InnoDB: Number of pools: 1
2026-02-28  7:06:08 0 [Note] InnoDB: Using SSE2 crc32 instructions
2026-02-28  7:06:08 0 [Note] InnoDB: Initializing buffer pool, total size = 16M, instances = 1, chunk size = 16M
2026-02-28  7:06:08 0 [Note] InnoDB: Completed initialization of buffer pool
2026-02-28  7:06:08 0 [Note] InnoDB: 128 out of 128 rollback segments are active.
2026-02-28  7:06:08 0 [Note] InnoDB: Creating shared tablespace for temporary tables
2026-02-28  7:06:08 0 [Note] InnoDB: Setting file 'C:\xampp\mysql\data\ibtmp1' size to 12 MB. Physically writing the file full; Please wait ...
2026-02-28  7:06:08 0 [Note] InnoDB: File 'C:\xampp\mysql\data\ibtmp1' size is now 12 MB.
2026-02-28  7:06:08 0 [Note] InnoDB: Waiting for purge to start
2026-02-28  7:06:08 0 [Note] InnoDB: 10.4.32 started; log sequence number 10188988; transaction id 23974
2026-02-28  7:06:08 0 [Note] InnoDB: Loading buffer pool(s) from C:\xampp\mysql\data\ib_buffer_pool
2026-02-28  7:06:08 0 [Note] Plugin 'FEEDBACK' is disabled.
2026-02-28  7:06:08 0 [Note] Server socket created on IP: '::'.
2026-02-28  7:06:09 0 [Note] InnoDB: Buffer pool(s) load completed at 260228  7:06:09
2026-02-28  7:06:09 0 [Note] Reading of all Master_info entries succeeded
2026-02-28  7:06:09 0 [Note] Added new Master_info '' to hash table
2026-02-28  7:06:09 0 [Note] C:\xampp\mysql\bin\mysqld.exe: ready for connections.
Version: '10.4.32-MariaDB'  socket: ''  port: 3306  mariadb.org binary distribution
2026-02-28 12:14:26 30 [Warning] Aborted connection 30 to db: 'prologdb' user: 'prologDBadmin' host: 'DESKTOP-TF6ACUU' (Got an error reading communication packets)
2026-02-28 12:22:56 31 [Warning] Aborted connection 31 to db: 'prologdb' user: 'prologDBadmin' host: 'DESKTOP-TF6ACUU' (Got an error reading communication packets)
2026-02-28 12:24:06 29 [Warning] Aborted connection 29 to db: 'prologdb' user: 'prologDBadmin' host: 'DESKTOP-TF6ACUU' (Got an error reading communication packets)
2026-02-28 12:55:50 0 [Note] Starting MariaDB 10.4.32-MariaDB source revision c4143f909528e3fab0677a28631d10389354c491 as process 3104
2026-02-28 12:55:50 0 [Note] InnoDB: Mutexes and rw_locks use Windows interlocked functions
2026-02-28 12:55:50 0 [Note] InnoDB: Uses event mutexes
2026-02-28 12:55:50 0 [Note] InnoDB: Compressed tables use zlib 1.3
2026-02-28 12:55:50 0 [Note] InnoDB: Number of pools: 1
2026-02-28 12:55:50 0 [Note] InnoDB: Using SSE2 crc32 instructions
2026-02-28 12:55:50 0 [Note] InnoDB: Initializing buffer pool, total size = 16M, instances = 1, chunk size = 16M
2026-02-28 12:55:50 0 [Note] InnoDB: Completed initialization of buffer pool
2026-02-28 12:55:50 0 [Note] InnoDB: Starting crash recovery from checkpoint LSN=10325704
2026-02-28 12:55:50 0 [Note] InnoDB: 128 out of 128 rollback segments are active.
2026-02-28 12:55:50 0 [Note] InnoDB: Removed temporary tablespace data file: "ibtmp1"
2026-02-28 12:55:50 0 [Note] InnoDB: Creating shared tablespace for temporary tables
2026-02-28 12:55:51 0 [Note] InnoDB: Setting file 'C:\xampp\mysql\data\ibtmp1' size to 12 MB. Physically writing the file full; Please wait ...
2026-02-28 12:55:51 0 [Note] InnoDB: File 'C:\xampp\mysql\data\ibtmp1' size is now 12 MB.
2026-02-28 12:55:51 0 [Note] InnoDB: Waiting for purge to start
2026-02-28 12:55:51 0 [Note] InnoDB: 10.4.32 started; log sequence number 10325713; transaction id 24488
2026-02-28 12:55:51 0 [Note] InnoDB: Loading buffer pool(s) from C:\xampp\mysql\data\ib_buffer_pool
2026-02-28 12:55:51 0 [Note] Plugin 'FEEDBACK' is disabled.
2026-02-28 12:55:51 0 [Note] Server socket created on IP: '::'.
2026-02-28 12:55:51 0 [Note] InnoDB: Buffer pool(s) load completed at 260228 12:55:51
2026-02-28 12:55:51 0 [Note] Reading of all Master_info entries succeeded
2026-02-28 12:55:51 0 [Note] Added new Master_info '' to hash table
2026-02-28 12:55:51 0 [Note] C:\xampp\mysql\bin\mysqld.exe: ready for connections.
Version: '10.4.32-MariaDB'  socket: ''  port: 3306  mariadb.org binary distribution
2026-02-28 17:22:31 55 [Warning] Aborted connection 55 to db: 'prologdb' user: 'prologDBadmin' host: 'vidupiyasa' (Got an error reading communication packets)
2026-02-28 17:22:31 58 [Warning] Aborted connection 58 to db: 'prologdb' user: 'prologDBadmin' host: 'vidupiyasa' (Got an error reading communication packets)
2026-02-28 17:22:31 59 [Warning] Aborted connection 59 to db: 'prologdb' user: 'prologDBadmin' host: 'vidupiyasa' (Got an error reading communication packets)
2026-03-01  9:05:02 0 [Note] Starting MariaDB 10.4.32-MariaDB source revision c4143f909528e3fab0677a28631d10389354c491 as process 3120
2026-03-01  9:05:02 0 [Note] InnoDB: Mutexes and rw_locks use Windows interlocked functions
2026-03-01  9:05:02 0 [Note] InnoDB: Uses event mutexes
2026-03-01  9:05:02 0 [Note] InnoDB: Compressed tables use zlib 1.3
2026-03-01  9:05:02 0 [Note] InnoDB: Number of pools: 1
2026-03-01  9:05:02 0 [Note] InnoDB: Using SSE2 crc32 instructions
2026-03-01  9:05:02 0 [Note] InnoDB: Initializing buffer pool, total size = 16M, instances = 1, chunk size = 16M
2026-03-01  9:05:02 0 [Note] InnoDB: Completed initialization of buffer pool
2026-03-01  9:05:02 0 [Note] InnoDB: Starting crash recovery from checkpoint LSN=10343408
2026-03-01  9:05:03 0 [Note] InnoDB: 128 out of 128 rollback segments are active.
2026-03-01  9:05:03 0 [Note] InnoDB: Removed temporary tablespace data file: "ibtmp1"
2026-03-01  9:05:03 0 [Note] InnoDB: Creating shared tablespace for temporary tables
2026-03-01  9:05:03 0 [Note] InnoDB: Setting file 'C:\xampp\mysql\data\ibtmp1' size to 12 MB. Physically writing the file full; Please wait ...
2026-03-01  9:05:03 0 [Note] InnoDB: File 'C:\xampp\mysql\data\ibtmp1' size is now 12 MB.
2026-03-01  9:05:03 0 [Note] InnoDB: Waiting for purge to start
2026-03-01  9:05:03 0 [Note] InnoDB: Waiting for purge to start
2026-03-01  9:05:03 0 [Note] InnoDB: 10.4.32 started; log sequence number 10343417; transaction id 24576
2026-03-01  9:05:03 0 [Note] InnoDB: Loading buffer pool(s) from C:\xampp\mysql\data\ib_buffer_pool
2026-03-01  9:05:03 0 [Note] Plugin 'FEEDBACK' is disabled.
2026-03-01  9:05:03 0 [Note] Server socket created on IP: '::'.
2026-03-01  9:05:04 0 [Note] InnoDB: Buffer pool(s) load completed at 260301  9:05:04
2026-03-01  9:05:04 0 [Note] Reading of all Master_info entries succeeded
2026-03-01  9:05:04 0 [Note] Added new Master_info '' to hash table
2026-03-01  9:05:04 0 [Note] C:\xampp\mysql\bin\mysqld.exe: ready for connections.
Version: '10.4.32-MariaDB'  socket: ''  port: 3306  mariadb.org binary distribution
2026-03-01 12:42:27 10 [Warning] Aborted connection 10 to db: 'prologdb' user: 'prologDBadmin' host: 'DESKTOP-TF6ACUU' (Got an error reading communication packets)
2026-03-01 12:42:27 11 [Warning] Aborted connection 11 to db: 'prologdb' user: 'prologDBadmin' host: 'DESKTOP-TF6ACUU' (Got an error reading communication packets)
2026-03-01 12:42:27 12 [Warning] Aborted connection 12 to db: 'prologdb' user: 'prologDBadmin' host: 'DESKTOP-TF6ACUU' (Got an error reading communication packets)
2026-03-01 13:03:35 15 [Warning] Aborted connection 15 to db: 'prologdb' user: 'prologDBadmin' host: 'DESKTOP-TF6ACUU' (Got an error reading communication packets)
2026-03-01 14:13:50 27 [Warning] Aborted connection 27 to db: 'prologdb' user: 'prologDBadmin' host: 'DESKTOP-TF6ACUU' (Got an error reading communication packets)
2026-03-01 14:13:50 26 [Warning] Aborted connection 26 to db: 'prologdb' user: 'prologDBadmin' host: 'DESKTOP-TF6ACUU' (Got an error reading communication packets)
2026-03-01 14:16:09 30 [Warning] Aborted connection 30 to db: 'prologdb' user: 'prologDBadmin' host: 'DESKTOP-TF6ACUU' (Got an error reading communication packets)
2026-03-01 14:16:09 31 [Warning] Aborted connection 31 to db: 'prologdb' user: 'prologDBadmin' host: 'DESKTOP-TF6ACUU' (Got an error reading communication packets)
2026-03-01 14:16:09 32 [Warning] Aborted connection 32 to db: 'prologdb' user: 'prologDBadmin' host: 'DESKTOP-TF6ACUU' (Got an error reading communication packets)
2026-03-01 14:20:25 35 [Warning] Aborted connection 35 to db: 'prologdb' user: 'prologDBadmin' host: 'DESKTOP-TF6ACUU' (Got an error reading communication packets)
2026-03-01 14:20:25 34 [Warning] Aborted connection 34 to db: 'prologdb' user: 'prologDBadmin' host: 'DESKTOP-TF6ACUU' (Got an error reading communication packets)
2026-03-01 14:20:25 33 [Warning] Aborted connection 33 to db: 'prologdb' user: 'prologDBadmin' host: 'DESKTOP-TF6ACUU' (Got an error reading communication packets)
2026-03-01 14:31:31 36 [Warning] Aborted connection 36 to db: 'prologdb' user: 'prologDBadmin' host: 'DESKTOP-TF6ACUU' (Got an error reading communication packets)
2026-03-01 14:31:31 37 [Warning] Aborted connection 37 to db: 'prologdb' user: 'prologDBadmin' host: 'DESKTOP-TF6ACUU' (Got an error reading communication packets)
2026-03-01 14:31:31 38 [Warning] Aborted connection 38 to db: 'prologdb' user: 'prologDBadmin' host: 'DESKTOP-TF6ACUU' (Got an error reading communication packets)
2026-03-01 15:19:01 44 [Warning] Aborted connection 44 to db: 'prologdb' user: 'prologDBadmin' host: 'DESKTOP-TF6ACUU' (Got an error reading communication packets)
2026-03-01 17:05:57 63 [Warning] Aborted connection 63 to db: 'prologdb' user: 'prologDBadmin' host: 'DESKTOP-TF6ACUU' (Got an error reading communication packets)
2026-03-01 17:05:57 66 [Warning] Aborted connection 66 to db: 'prologdb' user: 'prologDBadmin' host: 'DESKTOP-TF6ACUU' (Got an error reading communication packets)
2026-03-01 17:05:57 65 [Warning] Aborted connection 65 to db: 'prologdb' user: 'prologDBadmin' host: 'DESKTOP-TF6ACUU' (Got an error reading communication packets)
2026-03-01 17:12:33 48 [Warning] Aborted connection 48 to db: 'prologdb' user: 'prologDBadmin' host: 'DESKTOP-TF6ACUU' (Got an error reading communication packets)
2026-03-03  9:19:02 0 [Note] Starting MariaDB 10.4.32-MariaDB source revision c4143f909528e3fab0677a28631d10389354c491 as process 2748
2026-03-03  9:19:02 0 [Note] InnoDB: Mutexes and rw_locks use Windows interlocked functions
2026-03-03  9:19:02 0 [Note] InnoDB: Uses event mutexes
2026-03-03  9:19:02 0 [Note] InnoDB: Compressed tables use zlib 1.3
2026-03-03  9:19:02 0 [Note] InnoDB: Number of pools: 1
2026-03-03  9:19:02 0 [Note] InnoDB: Using SSE2 crc32 instructions
2026-03-03  9:19:02 0 [Note] InnoDB: Initializing buffer pool, total size = 16M, instances = 1, chunk size = 16M
2026-03-03  9:19:02 0 [Note] InnoDB: Completed initialization of buffer pool
2026-03-03  9:19:02 0 [Note] InnoDB: Starting crash recovery from checkpoint LSN=10448222
2026-03-03  9:19:02 0 [Note] InnoDB: 128 out of 128 rollback segments are active.
2026-03-03  9:19:02 0 [Note] InnoDB: Removed temporary tablespace data file: "ibtmp1"
2026-03-03  9:19:02 0 [Note] InnoDB: Creating shared tablespace for temporary tables
2026-03-03  9:19:02 0 [Note] InnoDB: Setting file 'C:\xampp\mysql\data\ibtmp1' size to 12 MB. Physically writing the file full; Please wait ...
2026-03-03  9:19:02 0 [Note] InnoDB: File 'C:\xampp\mysql\data\ibtmp1' size is now 12 MB.
2026-03-03  9:19:02 0 [Note] InnoDB: Waiting for purge to start
2026-03-03  9:19:02 0 [Note] InnoDB: 10.4.32 started; log sequence number 10448231; transaction id 24945
2026-03-03  9:19:03 0 [Note] InnoDB: Loading buffer pool(s) from C:\xampp\mysql\data\ib_buffer_pool
2026-03-03  9:19:03 0 [Note] Plugin 'FEEDBACK' is disabled.
2026-03-03  9:19:03 0 [Note] Server socket created on IP: '::'.
2026-03-03  9:19:03 0 [Note] InnoDB: Buffer pool(s) load completed at 260303  9:19:03
2026-03-03  9:19:03 0 [Note] Reading of all Master_info entries succeeded
2026-03-03  9:19:03 0 [Note] Added new Master_info '' to hash table
2026-03-03  9:19:03 0 [Note] C:\xampp\mysql\bin\mysqld.exe: ready for connections.
Version: '10.4.32-MariaDB'  socket: ''  port: 3306  mariadb.org binary distribution
2026-03-03 10:44:56 0 [Note] Starting MariaDB 10.4.32-MariaDB source revision c4143f909528e3fab0677a28631d10389354c491 as process 3000
2026-03-03 10:44:56 0 [Note] InnoDB: Mutexes and rw_locks use Windows interlocked functions
2026-03-03 10:44:56 0 [Note] InnoDB: Uses event mutexes
2026-03-03 10:44:56 0 [Note] InnoDB: Compressed tables use zlib 1.3
2026-03-03 10:44:56 0 [Note] InnoDB: Number of pools: 1
2026-03-03 10:44:56 0 [Note] InnoDB: Using SSE2 crc32 instructions
2026-03-03 10:44:56 0 [Note] InnoDB: Initializing buffer pool, total size = 16M, instances = 1, chunk size = 16M
2026-03-03 10:44:56 0 [Note] InnoDB: Completed initialization of buffer pool
2026-03-03 10:44:56 0 [Note] InnoDB: Starting crash recovery from checkpoint LSN=10448240
2026-03-03 10:44:56 0 [Note] InnoDB: 128 out of 128 rollback segments are active.
2026-03-03 10:44:56 0 [Note] InnoDB: Removed temporary tablespace data file: "ibtmp1"
2026-03-03 10:44:56 0 [Note] InnoDB: Creating shared tablespace for temporary tables
2026-03-03 10:44:56 0 [Note] InnoDB: Setting file 'C:\xampp\mysql\data\ibtmp1' size to 12 MB. Physically writing the file full; Please wait ...
2026-03-03 10:44:56 0 [Note] InnoDB: File 'C:\xampp\mysql\data\ibtmp1' size is now 12 MB.
2026-03-03 10:44:56 0 [Note] InnoDB: Waiting for purge to start
2026-03-03 10:44:57 0 [Note] InnoDB: 10.4.32 started; log sequence number 10448249; transaction id 24945
2026-03-03 10:44:57 0 [Note] InnoDB: Loading buffer pool(s) from C:\xampp\mysql\data\ib_buffer_pool
2026-03-03 10:44:57 0 [Note] Plugin 'FEEDBACK' is disabled.
2026-03-03 10:44:57 0 [Note] Server socket created on IP: '::'.
2026-03-03 10:44:57 0 [Note] InnoDB: Buffer pool(s) load completed at 260303 10:44:57
2026-03-03 10:44:57 0 [Note] Reading of all Master_info entries succeeded
2026-03-03 10:44:57 0 [Note] Added new Master_info '' to hash table
2026-03-03 10:44:57 0 [Note] C:\xampp\mysql\bin\mysqld.exe: ready for connections.
Version: '10.4.32-MariaDB'  socket: ''  port: 3306  mariadb.org binary distribution
2026-03-03 17:21:30 28 [Warning] Aborted connection 28 to db: 'prologdb' user: 'prologDBadmin' host: 'vidupiyasa' (Got an error reading communication packets)
2026-03-03 17:21:30 27 [Warning] Aborted connection 27 to db: 'prologdb' user: 'prologDBadmin' host: 'vidupiyasa' (Got an error reading communication packets)
2026-03-05  8:48:55 61 [Warning] Aborted connection 61 to db: 'prologdb' user: 'prologDBadmin' host: 'vidupiyasa' (Got timeout reading communication packets)
2026-03-05  8:48:55 60 [Warning] Aborted connection 60 to db: 'prologdb' user: 'prologDBadmin' host: 'vidupiyasa' (Got timeout reading communication packets)
2026-03-05  8:50:15 64 [Warning] Aborted connection 64 to db: 'prologdb' user: 'prologDBadmin' host: 'vidupiyasa' (Got an error reading communication packets)
2026-03-05  8:50:15 62 [Warning] Aborted connection 62 to db: 'prologdb' user: 'prologDBadmin' host: 'vidupiyasa' (Got an error reading communication packets)
2026-03-05  8:50:15 63 [Warning] Aborted connection 63 to db: 'prologdb' user: 'prologDBadmin' host: 'vidupiyasa' (Got an error reading communication packets)
2026-03-05  9:11:52 65 [Warning] Aborted connection 65 to db: 'prologdb' user: 'prologDBadmin' host: 'vidupiyasa' (Got an error reading communication packets)
2026-03-05  9:11:52 66 [Warning] Aborted connection 66 to db: 'prologdb' user: 'prologDBadmin' host: 'vidupiyasa' (Got an error reading communication packets)
2026-03-05 10:53:39 69 [Warning] Aborted connection 69 to db: 'prologdb' user: 'prologDBadmin' host: 'DESKTOP-TF6ACUU' (Got an error reading communication packets)
2026-03-05 11:12:03 67 [Warning] Aborted connection 67 to db: 'prologdb' user: 'prologDBadmin' host: 'DESKTOP-TF6ACUU' (Got an error reading communication packets)
2026-03-05 12:48:01 107 [Warning] Aborted connection 107 to db: 'prologdb' user: 'prologDBadmin' host: 'DESKTOP-TF6ACUU' (Got an error reading communication packets)
2026-03-05 15:23:46 118 [Warning] Aborted connection 118 to db: 'prologdb' user: 'prologDBadmin' host: 'DESKTOP-TF6ACUU' (Got an error reading communication packets)
2026-03-05 15:39:52 116 [Warning] Aborted connection 116 to db: 'prologdb' user: 'prologDBadmin' host: 'DESKTOP-TF6ACUU' (Got an error reading communication packets)
2026-03-05 15:51:38 133 [Warning] Aborted connection 133 to db: 'prologdb' user: 'prologDBadmin' host: 'DESKTOP-TF6ACUU' (Got an error reading communication packets)
2026-03-05 17:17:31 148 [Warning] Aborted connection 148 to db: 'prologdb' user: 'prologDBadmin' host: 'vidupiyasa' (Got an error reading communication packets)
2026-03-05 17:17:31 149 [Warning] Aborted connection 149 to db: 'prologdb' user: 'prologDBadmin' host: 'vidupiyasa' (Got an error reading communication packets)
2026-03-06  8:46:50 153 [Warning] Aborted connection 153 to db: 'prologdb' user: 'prologDBadmin' host: 'DESKTOP-TF6ACUU' (Got timeout reading communication packets)
2026-03-06  8:46:50 154 [Warning] Aborted connection 154 to db: 'prologdb' user: 'prologDBadmin' host: 'DESKTOP-TF6ACUU' (Got timeout reading communication packets)
2026-03-07  6:53:39 0 [Note] Starting MariaDB 10.4.32-MariaDB source revision c4143f909528e3fab0677a28631d10389354c491 as process 3076
2026-03-07  6:53:39 0 [Note] InnoDB: Mutexes and rw_locks use Windows interlocked functions
2026-03-07  6:53:39 0 [Note] InnoDB: Uses event mutexes
2026-03-07  6:53:39 0 [Note] InnoDB: Compressed tables use zlib 1.3
2026-03-07  6:53:39 0 [Note] InnoDB: Number of pools: 1
2026-03-07  6:53:39 0 [Note] InnoDB: Using SSE2 crc32 instructions
2026-03-07  6:53:39 0 [Note] InnoDB: Initializing buffer pool, total size = 16M, instances = 1, chunk size = 16M
2026-03-07  6:53:39 0 [Note] InnoDB: Completed initialization of buffer pool
2026-03-07  6:53:39 0 [Note] InnoDB: Starting crash recovery from checkpoint LSN=10843697
2026-03-07  6:53:39 0 [Note] InnoDB: 128 out of 128 rollback segments are active.
2026-03-07  6:53:39 0 [Note] InnoDB: Removed temporary tablespace data file: "ibtmp1"
2026-03-07  6:53:39 0 [Note] InnoDB: Creating shared tablespace for temporary tables
2026-03-07  6:53:39 0 [Note] InnoDB: Setting file 'C:\xampp\mysql\data\ibtmp1' size to 12 MB. Physically writing the file full; Please wait ...
2026-03-07  6:53:39 0 [Note] InnoDB: File 'C:\xampp\mysql\data\ibtmp1' size is now 12 MB.
2026-03-07  6:53:39 0 [Note] InnoDB: Waiting for purge to start
2026-03-07  6:53:40 0 [Note] InnoDB: 10.4.32 started; log sequence number 10843706; transaction id 26688
2026-03-07  6:53:40 0 [Note] InnoDB: Loading buffer pool(s) from C:\xampp\mysql\data\ib_buffer_pool
2026-03-07  6:53:40 0 [Note] Plugin 'FEEDBACK' is disabled.
2026-03-07  6:53:40 0 [Note] Server socket created on IP: '::'.
2026-03-07  6:53:40 0 [Note] InnoDB: Buffer pool(s) load completed at 260307  6:53:40
2026-03-07  6:53:40 0 [Note] Reading of all Master_info entries succeeded
2026-03-07  6:53:40 0 [Note] Added new Master_info '' to hash table
2026-03-07  6:53:40 0 [Note] C:\xampp\mysql\bin\mysqld.exe: ready for connections.
Version: '10.4.32-MariaDB'  socket: ''  port: 3306  mariadb.org binary distribution
2026-03-07  8:39:23 20 [Warning] Aborted connection 20 to db: 'prologdb' user: 'prologDBadmin' host: 'DESKTOP-TF6ACUU' (Got an error reading communication packets)
2026-03-07  8:52:42 21 [Warning] Aborted connection 21 to db: 'prologdb' user: 'prologDBadmin' host: 'DESKTOP-TF6ACUU' (Got an error reading communication packets)
2026-03-07 10:47:19 24 [Warning] Aborted connection 24 to db: 'prologdb' user: 'prologDBadmin' host: 'DESKTOP-TF6ACUU' (Got an error reading communication packets)
2026-03-07 10:50:19 25 [Warning] Aborted connection 25 to db: 'prologdb' user: 'prologDBadmin' host: 'DESKTOP-TF6ACUU' (Got an error reading communication packets)
2026-03-08  8:26:10 0 [Note] Starting MariaDB 10.4.32-MariaDB source revision c4143f909528e3fab0677a28631d10389354c491 as process 3156
2026-03-08  8:26:11 0 [Note] InnoDB: Mutexes and rw_locks use Windows interlocked functions
2026-03-08  8:26:11 0 [Note] InnoDB: Uses event mutexes
2026-03-08  8:26:11 0 [Note] InnoDB: Compressed tables use zlib 1.3
2026-03-08  8:26:11 0 [Note] InnoDB: Number of pools: 1
2026-03-08  8:26:11 0 [Note] InnoDB: Using SSE2 crc32 instructions
2026-03-08  8:26:11 0 [Note] InnoDB: Initializing buffer pool, total size = 16M, instances = 1, chunk size = 16M
2026-03-08  8:26:11 0 [Note] InnoDB: Completed initialization of buffer pool
2026-03-08  8:26:11 0 [Note] InnoDB: Starting crash recovery from checkpoint LSN=11009119
2026-03-08  8:26:11 0 [Note] InnoDB: 128 out of 128 rollback segments are active.
2026-03-08  8:26:12 0 [Note] InnoDB: Removed temporary tablespace data file: "ibtmp1"
2026-03-08  8:26:12 0 [Note] InnoDB: Creating shared tablespace for temporary tables
2026-03-08  8:26:12 0 [Note] InnoDB: Setting file 'C:\xampp\mysql\data\ibtmp1' size to 12 MB. Physically writing the file full; Please wait ...
2026-03-08  8:26:12 0 [Note] InnoDB: File 'C:\xampp\mysql\data\ibtmp1' size is now 12 MB.
2026-03-08  8:26:12 0 [Note] InnoDB: Waiting for purge to start
2026-03-08  8:26:12 0 [Note] InnoDB: 10.4.32 started; log sequence number 11009128; transaction id 27152
2026-03-08  8:26:12 0 [Note] InnoDB: Loading buffer pool(s) from C:\xampp\mysql\data\ib_buffer_pool
2026-03-08  8:26:12 0 [Note] Plugin 'FEEDBACK' is disabled.
2026-03-08  8:26:12 0 [Note] Server socket created on IP: '::'.
2026-03-08  8:26:12 0 [Note] InnoDB: Buffer pool(s) load completed at 260308  8:26:12
2026-03-08  8:26:12 0 [Note] Reading of all Master_info entries succeeded
2026-03-08  8:26:12 0 [Note] Added new Master_info '' to hash table
2026-03-08  8:26:12 0 [Note] C:\xampp\mysql\bin\mysqld.exe: ready for connections.
Version: '10.4.32-MariaDB'  socket: ''  port: 3306  mariadb.org binary distribution
2026-03-08 17:19:01 42 [Warning] Aborted connection 42 to db: 'prologdb' user: 'prologDBadmin' host: 'vidupiyasa' (Got an error reading communication packets)
2026-03-08 17:19:01 44 [Warning] Aborted connection 44 to db: 'prologdb' user: 'prologDBadmin' host: 'vidupiyasa' (Got an error reading communication packets)
2026-03-09 16:40:21 0 [Note] Starting MariaDB 10.4.32-MariaDB source revision c4143f909528e3fab0677a28631d10389354c491 as process 3080
2026-03-09 16:40:21 0 [Note] InnoDB: Mutexes and rw_locks use Windows interlocked functions
2026-03-09 16:40:21 0 [Note] InnoDB: Uses event mutexes
2026-03-09 16:40:21 0 [Note] InnoDB: Compressed tables use zlib 1.3
2026-03-09 16:40:21 0 [Note] InnoDB: Number of pools: 1
2026-03-09 16:40:21 0 [Note] InnoDB: Using SSE2 crc32 instructions
2026-03-09 16:40:21 0 [Note] InnoDB: Initializing buffer pool, total size = 16M, instances = 1, chunk size = 16M
2026-03-09 16:40:21 0 [Note] InnoDB: Completed initialization of buffer pool
2026-03-09 16:40:21 0 [Note] InnoDB: Starting crash recovery from checkpoint LSN=11424930
2026-03-09 16:40:22 0 [Note] InnoDB: 128 out of 128 rollback segments are active.
2026-03-09 16:40:22 0 [Note] InnoDB: Removed temporary tablespace data file: "ibtmp1"
2026-03-09 16:40:22 0 [Note] InnoDB: Creating shared tablespace for temporary tables
2026-03-09 16:40:22 0 [Note] InnoDB: Setting file 'C:\xampp\mysql\data\ibtmp1' size to 12 MB. Physically writing the file full; Please wait ...
2026-03-09 16:40:22 0 [Note] InnoDB: File 'C:\xampp\mysql\data\ibtmp1' size is now 12 MB.
2026-03-09 16:40:22 0 [Note] InnoDB: Waiting for purge to start
2026-03-09 16:40:22 0 [Note] InnoDB: 10.4.32 started; log sequence number 11424939; transaction id 28396
2026-03-09 16:40:22 0 [Note] InnoDB: Loading buffer pool(s) from C:\xampp\mysql\data\ib_buffer_pool
2026-03-09 16:40:22 0 [Note] Plugin 'FEEDBACK' is disabled.
2026-03-09 16:40:22 0 [Note] Server socket created on IP: '::'.
2026-03-09 16:40:22 0 [Note] InnoDB: Buffer pool(s) load completed at 260309 16:40:22
2026-03-09 16:40:22 0 [Note] Reading of all Master_info entries succeeded
2026-03-09 16:40:22 0 [Note] Added new Master_info '' to hash table
2026-03-09 16:40:22 0 [Note] C:\xampp\mysql\bin\mysqld.exe: ready for connections.
Version: '10.4.32-MariaDB'  socket: ''  port: 3306  mariadb.org binary distribution
2026-03-10  9:47:38 11 [Warning] Aborted connection 11 to db: 'prologdb' user: 'prologDBadmin' host: 'vidupiyasa' (Got an error reading communication packets)
2026-03-10  9:47:38 10 [Warning] Aborted connection 10 to db: 'prologdb' user: 'prologDBadmin' host: 'vidupiyasa' (Got an error reading communication packets)
2026-03-10 17:06:23 41 [Warning] Aborted connection 41 to db: 'prologdb' user: 'prologDBadmin' host: 'vidupiyasa' (Got an error reading communication packets)
2026-03-10 17:06:23 42 [Warning] Aborted connection 42 to db: 'prologdb' user: 'prologDBadmin' host: 'vidupiyasa' (Got an error reading communication packets)
2026-03-11  8:48:52 0 [Note] Starting MariaDB 10.4.32-MariaDB source revision c4143f909528e3fab0677a28631d10389354c491 as process 3088
2026-03-11  8:48:52 0 [Note] InnoDB: Mutexes and rw_locks use Windows interlocked functions
2026-03-11  8:48:52 0 [Note] InnoDB: Uses event mutexes
2026-03-11  8:48:52 0 [Note] InnoDB: Compressed tables use zlib 1.3
2026-03-11  8:48:52 0 [Note] InnoDB: Number of pools: 1
2026-03-11  8:48:52 0 [Note] InnoDB: Using SSE2 crc32 instructions
2026-03-11  8:48:52 0 [Note] InnoDB: Initializing buffer pool, total size = 16M, instances = 1, chunk size = 16M
2026-03-11  8:48:52 0 [Note] InnoDB: Completed initialization of buffer pool
2026-03-11  8:48:52 0 [Note] InnoDB: Starting crash recovery from checkpoint LSN=11701147
2026-03-11  8:48:54 0 [Note] InnoDB: 128 out of 128 rollback segments are active.
2026-03-11  8:48:54 0 [Note] InnoDB: Removed temporary tablespace data file: "ibtmp1"
2026-03-11  8:48:54 0 [Note] InnoDB: Creating shared tablespace for temporary tables
2026-03-11  8:48:54 0 [Note] InnoDB: Setting file 'C:\xampp\mysql\data\ibtmp1' size to 12 MB. Physically writing the file full; Please wait ...
2026-03-11  8:48:54 0 [Note] InnoDB: File 'C:\xampp\mysql\data\ibtmp1' size is now 12 MB.
2026-03-11  8:48:54 0 [Note] InnoDB: Waiting for purge to start
2026-03-11  8:48:54 0 [Note] InnoDB: 10.4.32 started; log sequence number 11701156; transaction id 29622
2026-03-11  8:48:54 0 [Note] InnoDB: Loading buffer pool(s) from C:\xampp\mysql\data\ib_buffer_pool
2026-03-11  8:48:54 0 [Note] Plugin 'FEEDBACK' is disabled.
2026-03-11  8:48:54 0 [Note] InnoDB: Buffer pool(s) load completed at 260311  8:48:54
2026-03-11  8:48:54 0 [Note] Server socket created on IP: '::'.
2026-03-11  8:48:55 0 [Note] Reading of all Master_info entries succeeded
2026-03-11  8:48:55 0 [Note] Added new Master_info '' to hash table
2026-03-11  8:48:55 0 [Note] C:\xampp\mysql\bin\mysqld.exe: ready for connections.
Version: '10.4.32-MariaDB'  socket: ''  port: 3306  mariadb.org binary distribution
2026-03-11 10:03:15 0 [Note] Starting MariaDB 10.4.32-MariaDB source revision c4143f909528e3fab0677a28631d10389354c491 as process 3040
2026-03-11 10:03:15 0 [Note] InnoDB: Mutexes and rw_locks use Windows interlocked functions
2026-03-11 10:03:15 0 [Note] InnoDB: Uses event mutexes
2026-03-11 10:03:15 0 [Note] InnoDB: Compressed tables use zlib 1.3
2026-03-11 10:03:15 0 [Note] InnoDB: Number of pools: 1
2026-03-11 10:03:15 0 [Note] InnoDB: Using SSE2 crc32 instructions
2026-03-11 10:03:15 0 [Note] InnoDB: Initializing buffer pool, total size = 16M, instances = 1, chunk size = 16M
2026-03-11 10:03:15 0 [Note] InnoDB: Completed initialization of buffer pool
2026-03-11 10:03:15 0 [Note] InnoDB: Starting crash recovery from checkpoint LSN=11701165
2026-03-11 10:03:16 0 [Note] InnoDB: 128 out of 128 rollback segments are active.
2026-03-11 10:03:16 0 [Note] InnoDB: Removed temporary tablespace data file: "ibtmp1"
2026-03-11 10:03:16 0 [Note] InnoDB: Creating shared tablespace for temporary tables
2026-03-11 10:03:16 0 [Note] InnoDB: Setting file 'C:\xampp\mysql\data\ibtmp1' size to 12 MB. Physically writing the file full; Please wait ...
2026-03-11 10:03:16 0 [Note] InnoDB: File 'C:\xampp\mysql\data\ibtmp1' size is now 12 MB.
2026-03-11 10:03:16 0 [Note] InnoDB: Waiting for purge to start
2026-03-11 10:03:16 0 [Note] InnoDB: 10.4.32 started; log sequence number 11701174; transaction id 29622
2026-03-11 10:03:16 0 [Note] InnoDB: Loading buffer pool(s) from C:\xampp\mysql\data\ib_buffer_pool
2026-03-11 10:03:16 0 [Note] Plugin 'FEEDBACK' is disabled.
2026-03-11 10:03:16 0 [Note] Server socket created on IP: '::'.
2026-03-11 10:03:16 0 [Note] InnoDB: Buffer pool(s) load completed at 260311 10:03:16
2026-03-11 10:03:16 0 [Note] Reading of all Master_info entries succeeded
2026-03-11 10:03:16 0 [Note] Added new Master_info '' to hash table
2026-03-11 10:03:16 0 [Note] C:\xampp\mysql\bin\mysqld.exe: ready for connections.
Version: '10.4.32-MariaDB'  socket: ''  port: 3306  mariadb.org binary distribution
2026-03-11 14:22:58 0 [Note] Starting MariaDB 10.4.32-MariaDB source revision c4143f909528e3fab0677a28631d10389354c491 as process 2396
2026-03-11 14:22:58 0 [Note] InnoDB: Mutexes and rw_locks use Windows interlocked functions
2026-03-11 14:22:58 0 [Note] InnoDB: Uses event mutexes
2026-03-11 14:22:58 0 [Note] InnoDB: Compressed tables use zlib 1.3
2026-03-11 14:22:58 0 [Note] InnoDB: Number of pools: 1
2026-03-11 14:22:58 0 [Note] InnoDB: Using SSE2 crc32 instructions
2026-03-11 14:22:58 0 [Note] InnoDB: Initializing buffer pool, total size = 16M, instances = 1, chunk size = 16M
2026-03-11 14:22:58 0 [Note] InnoDB: Completed initialization of buffer pool
2026-03-11 14:22:58 0 [Note] InnoDB: Starting crash recovery from checkpoint LSN=11732440
2026-03-11 14:22:59 0 [Note] InnoDB: 128 out of 128 rollback segments are active.
2026-03-11 14:22:59 0 [Note] InnoDB: Removed temporary tablespace data file: "ibtmp1"
2026-03-11 14:22:59 0 [Note] InnoDB: Creating shared tablespace for temporary tables
2026-03-11 14:22:59 0 [Note] InnoDB: Setting file 'C:\xampp\mysql\data\ibtmp1' size to 12 MB. Physically writing the file full; Please wait ...
2026-03-11 14:22:59 0 [Note] InnoDB: File 'C:\xampp\mysql\data\ibtmp1' size is now 12 MB.
2026-03-11 14:22:59 0 [Note] InnoDB: Waiting for purge to start
2026-03-11 14:22:59 0 [Note] InnoDB: 10.4.32 started; log sequence number 11732449; transaction id 29769
2026-03-11 14:22:59 0 [Note] InnoDB: Loading buffer pool(s) from C:\xampp\mysql\data\ib_buffer_pool
2026-03-11 14:22:59 0 [Note] Plugin 'FEEDBACK' is disabled.
2026-03-11 14:22:59 0 [Note] Server socket created on IP: '::'.
2026-03-11 14:22:59 0 [Note] InnoDB: Buffer pool(s) load completed at 260311 14:22:59
2026-03-11 14:22:59 0 [Note] Reading of all Master_info entries succeeded
2026-03-11 14:22:59 0 [Note] Added new Master_info '' to hash table
2026-03-11 14:22:59 0 [Note] C:\xampp\mysql\bin\mysqld.exe: ready for connections.
Version: '10.4.32-MariaDB'  socket: ''  port: 3306  mariadb.org binary distribution
2026-03-12  9:11:40 0 [Note] Starting MariaDB 10.4.32-MariaDB source revision c4143f909528e3fab0677a28631d10389354c491 as process 3084
2026-03-12  9:11:40 0 [Note] InnoDB: Mutexes and rw_locks use Windows interlocked functions
2026-03-12  9:11:40 0 [Note] InnoDB: Uses event mutexes
2026-03-12  9:11:40 0 [Note] InnoDB: Compressed tables use zlib 1.3
2026-03-12  9:11:40 0 [Note] InnoDB: Number of pools: 1
2026-03-12  9:11:40 0 [Note] InnoDB: Using SSE2 crc32 instructions
2026-03-12  9:11:40 0 [Note] InnoDB: Initializing buffer pool, total size = 16M, instances = 1, chunk size = 16M
2026-03-12  9:11:40 0 [Note] InnoDB: Completed initialization of buffer pool
2026-03-12  9:11:40 0 [Note] InnoDB: Starting crash recovery from checkpoint LSN=11811265
2026-03-12  9:11:41 0 [Note] InnoDB: 128 out of 128 rollback segments are active.
2026-03-12  9:11:41 0 [Note] InnoDB: Removed temporary tablespace data file: "ibtmp1"
2026-03-12  9:11:41 0 [Note] InnoDB: Creating shared tablespace for temporary tables
2026-03-12  9:11:41 0 [Note] InnoDB: Setting file 'C:\xampp\mysql\data\ibtmp1' size to 12 MB. Physically writing the file full; Please wait ...
2026-03-12  9:11:41 0 [Note] InnoDB: File 'C:\xampp\mysql\data\ibtmp1' size is now 12 MB.
2026-03-12  9:11:41 0 [Note] InnoDB: Waiting for purge to start
2026-03-12  9:11:41 0 [Note] InnoDB: 10.4.32 started; log sequence number 11811274; transaction id 30108
2026-03-12  9:11:41 0 [Note] InnoDB: Loading buffer pool(s) from C:\xampp\mysql\data\ib_buffer_pool
2026-03-12  9:11:41 0 [Note] Plugin 'FEEDBACK' is disabled.
2026-03-12  9:11:41 0 [Note] Server socket created on IP: '::'.
2026-03-12  9:11:41 0 [Note] InnoDB: Buffer pool(s) load completed at 260312  9:11:41
2026-03-12  9:11:41 0 [Note] Reading of all Master_info entries succeeded
2026-03-12  9:11:41 0 [Note] Added new Master_info '' to hash table
2026-03-12  9:11:41 0 [Note] C:\xampp\mysql\bin\mysqld.exe: ready for connections.
Version: '10.4.32-MariaDB'  socket: ''  port: 3306  mariadb.org binary distribution
2026-03-12 10:21:03 12 [Warning] Aborted connection 12 to db: 'prologdb' user: 'prologDBadmin' host: 'vidupiyasa' (Got an error reading communication packets)
2026-03-12 10:21:03 13 [Warning] Aborted connection 13 to db: 'prologdb' user: 'prologDBadmin' host: 'vidupiyasa' (Got an error reading communication packets)
2026-03-12 11:28:52 0 [Note] Starting MariaDB 10.4.32-MariaDB source revision c4143f909528e3fab0677a28631d10389354c491 as process 2768
2026-03-12 11:28:52 0 [Note] InnoDB: Mutexes and rw_locks use Windows interlocked functions
2026-03-12 11:28:52 0 [Note] InnoDB: Uses event mutexes
2026-03-12 11:28:52 0 [Note] InnoDB: Compressed tables use zlib 1.3
2026-03-12 11:28:52 0 [Note] InnoDB: Number of pools: 1
2026-03-12 11:28:52 0 [Note] InnoDB: Using SSE2 crc32 instructions
2026-03-12 11:28:52 0 [Note] InnoDB: Initializing buffer pool, total size = 16M, instances = 1, chunk size = 16M
2026-03-12 11:28:52 0 [Note] InnoDB: Completed initialization of buffer pool
2026-03-12 11:28:52 0 [Note] InnoDB: Starting crash recovery from checkpoint LSN=11835842
2026-03-12 11:28:53 0 [Note] InnoDB: 128 out of 128 rollback segments are active.
2026-03-12 11:28:53 0 [Note] InnoDB: Removed temporary tablespace data file: "ibtmp1"
2026-03-12 11:28:53 0 [Note] InnoDB: Creating shared tablespace for temporary tables
2026-03-12 11:28:53 0 [Note] InnoDB: Setting file 'C:\xampp\mysql\data\ibtmp1' size to 12 MB. Physically writing the file full; Please wait ...
2026-03-12 11:28:53 0 [Note] InnoDB: File 'C:\xampp\mysql\data\ibtmp1' size is now 12 MB.
2026-03-12 11:28:53 0 [Note] InnoDB: Waiting for purge to start
2026-03-12 11:28:53 0 [Note] InnoDB: 10.4.32 started; log sequence number 11835851; transaction id 30242
2026-03-12 11:28:53 0 [Note] InnoDB: Loading buffer pool(s) from C:\xampp\mysql\data\ib_buffer_pool
2026-03-12 11:28:53 0 [Note] Plugin 'FEEDBACK' is disabled.
2026-03-12 11:28:53 0 [Note] Server socket created on IP: '::'.
2026-03-12 11:28:53 0 [Note] InnoDB: Buffer pool(s) load completed at 260312 11:28:53
2026-03-12 11:28:53 0 [Note] Reading of all Master_info entries succeeded
2026-03-12 11:28:53 0 [Note] Added new Master_info '' to hash table
2026-03-12 11:28:53 0 [Note] C:\xampp\mysql\bin\mysqld.exe: ready for connections.
Version: '10.4.32-MariaDB'  socket: ''  port: 3306  mariadb.org binary distribution
2026-03-12 15:32:54 0 [Note] Starting MariaDB 10.4.32-MariaDB source revision c4143f909528e3fab0677a28631d10389354c491 as process 2388
2026-03-12 15:32:55 0 [Note] InnoDB: Mutexes and rw_locks use Windows interlocked functions
2026-03-12 15:32:55 0 [Note] InnoDB: Uses event mutexes
2026-03-12 15:32:55 0 [Note] InnoDB: Compressed tables use zlib 1.3
2026-03-12 15:32:55 0 [Note] InnoDB: Number of pools: 1
2026-03-12 15:32:55 0 [Note] InnoDB: Using SSE2 crc32 instructions
2026-03-12 15:32:55 0 [Note] InnoDB: Initializing buffer pool, total size = 16M, instances = 1, chunk size = 16M
2026-03-12 15:32:55 0 [Note] InnoDB: Completed initialization of buffer pool
2026-03-12 15:32:55 0 [Note] InnoDB: Starting crash recovery from checkpoint LSN=11835860
2026-03-12 15:32:55 0 [Note] InnoDB: 128 out of 128 rollback segments are active.
2026-03-12 15:32:55 0 [Note] InnoDB: Removed temporary tablespace data file: "ibtmp1"
2026-03-12 15:32:55 0 [Note] InnoDB: Creating shared tablespace for temporary tables
2026-03-12 15:32:55 0 [Note] InnoDB: Setting file 'C:\xampp\mysql\data\ibtmp1' size to 12 MB. Physically writing the file full; Please wait ...
2026-03-12 15:32:55 0 [Note] InnoDB: File 'C:\xampp\mysql\data\ibtmp1' size is now 12 MB.
2026-03-12 15:32:55 0 [Note] InnoDB: Waiting for purge to start
2026-03-12 15:32:55 0 [Note] InnoDB: 10.4.32 started; log sequence number 11835869; transaction id 30242
2026-03-12 15:32:56 0 [Note] InnoDB: Loading buffer pool(s) from C:\xampp\mysql\data\ib_buffer_pool
2026-03-12 15:32:56 0 [Note] Plugin 'FEEDBACK' is disabled.
2026-03-12 15:32:56 0 [Note] Server socket created on IP: '::'.
2026-03-12 15:32:56 0 [Note] Reading of all Master_info entries succeeded
2026-03-12 15:32:56 0 [Note] Added new Master_info '' to hash table
2026-03-12 15:32:56 0 [Note] C:\xampp\mysql\bin\mysqld.exe: ready for connections.
Version: '10.4.32-MariaDB'  socket: ''  port: 3306  mariadb.org binary distribution
2026-03-12 15:32:56 0 [Note] InnoDB: Buffer pool(s) load completed at 260312 15:32:56
2026-03-12 16:56:59 0 [Note] Starting MariaDB 10.4.32-MariaDB source revision c4143f909528e3fab0677a28631d10389354c491 as process 2380
2026-03-12 16:56:59 0 [Note] InnoDB: Mutexes and rw_locks use Windows interlocked functions
2026-03-12 16:56:59 0 [Note] InnoDB: Uses event mutexes
2026-03-12 16:56:59 0 [Note] InnoDB: Compressed tables use zlib 1.3
2026-03-12 16:56:59 0 [Note] InnoDB: Number of pools: 1
2026-03-12 16:56:59 0 [Note] InnoDB: Using SSE2 crc32 instructions
2026-03-12 16:56:59 0 [Note] InnoDB: Initializing buffer pool, total size = 16M, instances = 1, chunk size = 16M
2026-03-12 16:56:59 0 [Note] InnoDB: Completed initialization of buffer pool
2026-03-12 16:56:59 0 [Note] InnoDB: Starting crash recovery from checkpoint LSN=11959823
2026-03-12 16:57:00 0 [Note] InnoDB: 128 out of 128 rollback segments are active.
2026-03-12 16:57:00 0 [Note] InnoDB: Removed temporary tablespace data file: "ibtmp1"
2026-03-12 16:57:00 0 [Note] InnoDB: Creating shared tablespace for temporary tables
2026-03-12 16:57:00 0 [Note] InnoDB: Setting file 'C:\xampp\mysql\data\ibtmp1' size to 12 MB. Physically writing the file full; Please wait ...
2026-03-12 16:57:00 0 [Note] InnoDB: File 'C:\xampp\mysql\data\ibtmp1' size is now 12 MB.
2026-03-12 16:57:00 0 [Note] InnoDB: Waiting for purge to start
2026-03-12 16:57:00 0 [Note] InnoDB: 10.4.32 started; log sequence number 11959832; transaction id 30548
2026-03-12 16:57:00 0 [Note] InnoDB: Loading buffer pool(s) from C:\xampp\mysql\data\ib_buffer_pool
2026-03-12 16:57:00 0 [Note] Plugin 'FEEDBACK' is disabled.
2026-03-12 16:57:00 0 [Note] Server socket created on IP: '::'.
2026-03-12 16:57:01 0 [Note] InnoDB: Buffer pool(s) load completed at 260312 16:57:01
2026-03-12 16:57:01 0 [Note] Reading of all Master_info entries succeeded
2026-03-12 16:57:01 0 [Note] Added new Master_info '' to hash table
2026-03-12 16:57:01 0 [Note] C:\xampp\mysql\bin\mysqld.exe: ready for connections.
Version: '10.4.32-MariaDB'  socket: ''  port: 3306  mariadb.org binary distribution
2026-03-13 12:49:26 13 [Warning] Aborted connection 13 to db: 'prologdb' user: 'prologDBadmin' host: 'vidupiyasa' (Got an error reading communication packets)
2026-03-13 12:49:26 12 [Warning] Aborted connection 12 to db: 'prologdb' user: 'prologDBadmin' host: 'vidupiyasa' (Got an error reading communication packets)
2026-03-13 14:27:34 20 [Warning] Aborted connection 20 to db: 'prologdb' user: 'prologDBadmin' host: 'vidupiyasa' (Got an error reading communication packets)
2026-03-13 14:27:34 19 [Warning] Aborted connection 19 to db: 'prologdb' user: 'prologDBadmin' host: 'vidupiyasa' (Got an error reading communication packets)
2026-03-13 14:27:34 24 [Warning] Aborted connection 24 to db: 'prologdb' user: 'prologDBadmin' host: 'DESKTOP-TF6ACUU' (Got an error reading communication packets)
2026-03-13 14:27:34 23 [Warning] Aborted connection 23 to db: 'prologdb' user: 'prologDBadmin' host: 'DESKTOP-TF6ACUU' (Got an error reading communication packets)
2026-03-13 14:27:34 22 [Warning] Aborted connection 22 to db: 'prologdb' user: 'prologDBadmin' host: 'DESKTOP-TF6ACUU' (Got an error reading communication packets)
2026-03-13 14:27:52 28 [Warning] Aborted connection 28 to db: 'prologdb' user: 'prologDBadmin' host: 'DESKTOP-TF6ACUU' (Got an error reading communication packets)
2026-03-13 14:27:52 25 [Warning] Aborted connection 25 to db: 'prologdb' user: 'prologDBadmin' host: 'vidupiyasa' (Got an error reading communication packets)
2026-03-13 14:27:52 26 [Warning] Aborted connection 26 to db: 'prologdb' user: 'prologDBadmin' host: 'vidupiyasa' (Got an error reading communication packets)
2026-03-13 14:27:52 29 [Warning] Aborted connection 29 to db: 'prologdb' user: 'prologDBadmin' host: 'DESKTOP-TF6ACUU' (Got an error reading communication packets)
2026-03-13 14:27:52 27 [Warning] Aborted connection 27 to db: 'prologdb' user: 'prologDBadmin' host: 'DESKTOP-TF6ACUU' (Got an error reading communication packets)
2026-03-13 14:27:56 31 [Warning] Aborted connection 31 to db: 'prologdb' user: 'prologDBadmin' host: 'vidupiyasa' (Got an error reading communication packets)
2026-03-13 14:27:56 32 [Warning] Aborted connection 32 to db: 'prologdb' user: 'prologDBadmin' host: 'vidupiyasa' (Got an error reading communication packets)
2026-03-13 14:27:56 30 [Warning] Aborted connection 30 to db: 'prologdb' user: 'prologDBadmin' host: 'vidupiyasa' (Got an error reading communication packets)
2026-03-13 14:28:30 34 [Warning] Aborted connection 34 to db: 'prologdb' user: 'prologDBadmin' host: 'vidupiyasa' (Got an error reading communication packets)
2026-03-13 14:28:30 36 [Warning] Aborted connection 36 to db: 'prologdb' user: 'prologDBadmin' host: 'DESKTOP-TF6ACUU' (Got an error reading communication packets)
2026-03-13 14:28:30 35 [Warning] Aborted connection 35 to db: 'prologdb' user: 'prologDBadmin' host: 'vidupiyasa' (Got an error reading communication packets)
2026-03-13 14:28:30 38 [Warning] Aborted connection 38 to db: 'prologdb' user: 'prologDBadmin' host: 'DESKTOP-TF6ACUU' (Got an error reading communication packets)
2026-03-13 14:28:30 37 [Warning] Aborted connection 37 to db: 'prologdb' user: 'prologDBadmin' host: 'DESKTOP-TF6ACUU' (Got an error reading communication packets)
2026-03-13 14:28:30 33 [Warning] Aborted connection 33 to db: 'prologdb' user: 'prologDBadmin' host: 'vidupiyasa' (Got an error reading communication packets)
2026-03-13 14:31:10 40 [Warning] Aborted connection 40 to db: 'prologdb' user: 'prologDBadmin' host: 'vidupiyasa' (Got an error reading communication packets)
2026-03-13 14:31:10 39 [Warning] Aborted connection 39 to db: 'prologdb' user: 'prologDBadmin' host: 'vidupiyasa' (Got an error reading communication packets)
2026-03-13 15:17:54 44 [Warning] Aborted connection 44 to db: 'prologdb' user: 'prologDBadmin' host: 'vidupiyasa' (Got an error reading communication packets)
2026-03-13 15:17:54 45 [Warning] Aborted connection 45 to db: 'prologdb' user: 'prologDBadmin' host: 'vidupiyasa' (Got an error reading communication packets)
2026-03-13 16:00:52 49 [Warning] Aborted connection 49 to db: 'prologdb' user: 'prologDBadmin' host: 'vidupiyasa' (Got an error reading communication packets)
2026-03-13 16:00:52 48 [Warning] Aborted connection 48 to db: 'prologdb' user: 'prologDBadmin' host: 'vidupiyasa' (Got an error reading communication packets)
2026-03-13 17:00:42 55 [Warning] Aborted connection 55 to db: 'prologdb' user: 'prologDBadmin' host: 'vidupiyasa' (Got an error reading communication packets)
2026-03-13 17:00:42 56 [Warning] Aborted connection 56 to db: 'prologdb' user: 'prologDBadmin' host: 'vidupiyasa' (Got an error reading communication packets)
2026-03-13 17:02:46 58 [Warning] Aborted connection 58 to db: 'prologdb' user: 'prologDBadmin' host: 'vidupiyasa' (Got an error reading communication packets)
2026-03-13 17:02:46 57 [Warning] Aborted connection 57 to db: 'prologdb' user: 'prologDBadmin' host: 'vidupiyasa' (Got an error reading communication packets)
2026-03-13 17:02:46 59 [Warning] Aborted connection 59 to db: 'prologdb' user: 'prologDBadmin' host: 'vidupiyasa' (Got an error reading communication packets)
2026-03-13 17:04:01 60 [Warning] Aborted connection 60 to db: 'prologdb' user: 'prologDBadmin' host: 'vidupiyasa' (Got an error reading communication packets)
2026-03-13 17:04:01 61 [Warning] Aborted connection 61 to db: 'prologdb' user: 'prologDBadmin' host: 'vidupiyasa' (Got an error reading communication packets)
2026-03-13 17:04:01 62 [Warning] Aborted connection 62 to db: 'prologdb' user: 'prologDBadmin' host: 'vidupiyasa' (Got an error reading communication packets)
2026-03-14  8:04:57 67 [Warning] Aborted connection 67 to db: 'prologdb' user: 'prologDBadmin' host: 'vidupiyasa' (Got an error reading communication packets)
2026-03-14  8:04:57 66 [Warning] Aborted connection 66 to db: 'prologdb' user: 'prologDBadmin' host: 'vidupiyasa' (Got an error reading communication packets)
2026-03-14  8:06:55 70 [Warning] Aborted connection 70 to db: 'prologdb' user: 'prologDBadmin' host: 'vidupiyasa' (Got an error reading communication packets)
2026-03-14  8:06:55 69 [Warning] Aborted connection 69 to db: 'prologdb' user: 'prologDBadmin' host: 'vidupiyasa' (Got an error reading communication packets)
2026-03-14  8:06:55 68 [Warning] Aborted connection 68 to db: 'prologdb' user: 'prologDBadmin' host: 'vidupiyasa' (Got an error reading communication packets)
2026-03-14 10:33:28 84 [Warning] Aborted connection 84 to db: 'prologdb' user: 'prologDBadmin' host: 'vidupiyasa' (Got an error reading communication packets)
2026-03-14 10:33:28 83 [Warning] Aborted connection 83 to db: 'prologdb' user: 'prologDBadmin' host: 'vidupiyasa' (Got an error reading communication packets)
2026-03-14 11:24:04 86 [Warning] Aborted connection 86 to db: 'prologdb' user: 'prologDBadmin' host: 'vidupiyasa' (Got an error reading communication packets)
2026-03-14 11:24:04 85 [Warning] Aborted connection 85 to db: 'prologdb' user: 'prologDBadmin' host: 'vidupiyasa' (Got an error reading communication packets)
2026-03-14 11:25:19 87 [Warning] Aborted connection 87 to db: 'prologdb' user: 'prologDBadmin' host: 'vidupiyasa' (Got an error reading communication packets)
2026-03-14 11:25:19 88 [Warning] Aborted connection 88 to db: 'prologdb' user: 'prologDBadmin' host: 'vidupiyasa' (Got an error reading communication packets)
2026-03-14 17:15:35 115 [Warning] Aborted connection 115 to db: 'prologdb' user: 'prologDBadmin' host: 'vidupiyasa' (Got an error reading communication packets)
2026-03-14 17:15:35 114 [Warning] Aborted connection 114 to db: 'prologdb' user: 'prologDBadmin' host: 'vidupiyasa' (Got an error reading communication packets)
2026-03-15  9:22:25 116 [Warning] Aborted connection 116 to db: 'prologdb' user: 'prologDBadmin' host: 'vidupiyasa' (Got an error reading communication packets)
2026-03-15  9:22:25 117 [Warning] Aborted connection 117 to db: 'prologdb' user: 'prologDBadmin' host: 'vidupiyasa' (Got an error reading communication packets)
2026-03-15 11:33:21 126 [Warning] Aborted connection 126 to db: 'prologdb' user: 'prologDBadmin' host: 'vidupiyasa' (Got an error reading communication packets)
2026-03-15 11:33:21 127 [Warning] Aborted connection 127 to db: 'prologdb' user: 'prologDBadmin' host: 'vidupiyasa' (Got an error reading communication packets)
2026-03-15 12:27:05 130 [Warning] Aborted connection 130 to db: 'prologdb' user: 'prologDBadmin' host: 'vidupiyasa' (Got an error reading communication packets)
2026-03-15 12:27:05 131 [Warning] Aborted connection 131 to db: 'prologdb' user: 'prologDBadmin' host: 'vidupiyasa' (Got an error reading communication packets)
2026-03-15 12:48:02 133 [Warning] Aborted connection 133 to db: 'prologdb' user: 'prologDBadmin' host: 'vidupiyasa' (Got an error reading communication packets)
2026-03-15 12:48:02 132 [Warning] Aborted connection 132 to db: 'prologdb' user: 'prologDBadmin' host: 'vidupiyasa' (Got an error reading communication packets)
2026-03-15 13:29:51 137 [Warning] Aborted connection 137 to db: 'prologdb' user: 'prologDBadmin' host: 'vidupiyasa' (Got an error reading communication packets)
2026-03-15 13:29:51 136 [Warning] Aborted connection 136 to db: 'prologdb' user: 'prologDBadmin' host: 'vidupiyasa' (Got an error reading communication packets)
2026-03-15 17:25:07 153 [Warning] Aborted connection 153 to db: 'prologdb' user: 'prologDBadmin' host: 'vidupiyasa' (Got an error reading communication packets)
2026-03-15 17:25:07 154 [Warning] Aborted connection 154 to db: 'prologdb' user: 'prologDBadmin' host: 'vidupiyasa' (Got an error reading communication packets)
2026-03-15 18:30:53 158 [Warning] Aborted connection 158 to db: 'prologdb' user: 'prologDBadmin' host: 'vidupiyasa' (Got an error reading communication packets)
2026-03-15 18:30:53 157 [Warning] Aborted connection 157 to db: 'prologdb' user: 'prologDBadmin' host: 'vidupiyasa' (Got an error reading communication packets)
2026-03-16 20:10:59 187 [Warning] Aborted connection 187 to db: 'prologdb' user: 'prologDBadmin' host: 'vidupiyasa' (Got an error reading communication packets)
2026-03-16 20:10:59 188 [Warning] Aborted connection 188 to db: 'prologdb' user: 'prologDBadmin' host: 'vidupiyasa' (Got an error reading communication packets)
2026-03-16 20:10:59 186 [Warning] Aborted connection 186 to db: 'prologdb' user: 'prologDBadmin' host: 'vidupiyasa' (Got an error reading communication packets)
2026-03-18  7:00:05 219 [Warning] Aborted connection 219 to db: 'prologdb' user: 'prologDBadmin' host: 'vidupiyasa' (Got timeout reading communication packets)
2026-03-18  7:00:05 220 [Warning] Aborted connection 220 to db: 'prologdb' user: 'prologDBadmin' host: 'vidupiyasa' (Got timeout reading communication packets)
2026-03-19  8:40:09 0 [Note] Starting MariaDB 10.4.32-MariaDB source revision c4143f909528e3fab0677a28631d10389354c491 as process 2548
2026-03-19  8:40:09 0 [Note] InnoDB: Mutexes and rw_locks use Windows interlocked functions
2026-03-19  8:40:09 0 [Note] InnoDB: Uses event mutexes
2026-03-19  8:40:09 0 [Note] InnoDB: Compressed tables use zlib 1.3
2026-03-19  8:40:09 0 [Note] InnoDB: Number of pools: 1
2026-03-19  8:40:09 0 [Note] InnoDB: Using SSE2 crc32 instructions
2026-03-19  8:40:09 0 [Note] InnoDB: Initializing buffer pool, total size = 16M, instances = 1, chunk size = 16M
2026-03-19  8:40:09 0 [Note] InnoDB: Completed initialization of buffer pool
2026-03-19  8:40:09 0 [Note] InnoDB: Starting crash recovery from checkpoint LSN=12900219
2026-03-19  8:40:09 0 [Note] InnoDB: 128 out of 128 rollback segments are active.
2026-03-19  8:40:09 0 [Note] InnoDB: Removed temporary tablespace data file: "ibtmp1"
2026-03-19  8:40:09 0 [Note] InnoDB: Creating shared tablespace for temporary tables
2026-03-19  8:40:09 0 [Note] InnoDB: Setting file 'C:\xampp\mysql\data\ibtmp1' size to 12 MB. Physically writing the file full; Please wait ...
2026-03-19  8:40:09 0 [Note] InnoDB: File 'C:\xampp\mysql\data\ibtmp1' size is now 12 MB.
2026-03-19  8:40:09 0 [Note] InnoDB: Waiting for purge to start
2026-03-19  8:40:10 0 [Note] InnoDB: 10.4.32 started; log sequence number 12900228; transaction id 33063
2026-03-19  8:40:10 0 [Note] InnoDB: Loading buffer pool(s) from C:\xampp\mysql\data\ib_buffer_pool
2026-03-19  8:40:10 0 [Note] Plugin 'FEEDBACK' is disabled.
2026-03-19  8:40:10 0 [Note] Server socket created on IP: '::'.
2026-03-19  8:40:10 0 [Note] InnoDB: Buffer pool(s) load completed at 260319  8:40:10
2026-03-19  8:40:10 0 [Note] Reading of all Master_info entries succeeded
2026-03-19  8:40:10 0 [Note] Added new Master_info '' to hash table
2026-03-19  8:40:10 0 [Note] C:\xampp\mysql\bin\mysqld.exe: ready for connections.
Version: '10.4.32-MariaDB'  socket: ''  port: 3306  mariadb.org binary distribution
2026-03-19 16:28:00 35 [Warning] Aborted connection 35 to db: 'prologdb' user: 'prologDBadmin' host: 'vidupiyasa' (Got an error reading communication packets)
2026-03-19 16:28:00 34 [Warning] Aborted connection 34 to db: 'prologdb' user: 'prologDBadmin' host: 'vidupiyasa' (Got an error reading communication packets)
2026-03-19 16:28:00 33 [Warning] Aborted connection 33 to db: 'prologdb' user: 'prologDBadmin' host: 'vidupiyasa' (Got an error reading communication packets)
2026-03-19 17:18:35 40 [Warning] Aborted connection 40 to db: 'prologdb' user: 'prologDBadmin' host: 'vidupiyasa' (Got an error reading communication packets)
2026-03-19 17:18:35 39 [Warning] Aborted connection 39 to db: 'prologdb' user: 'prologDBadmin' host: 'vidupiyasa' (Got an error reading communication packets)
2026-03-19 20:12:36 47 [Warning] Aborted connection 47 to db: 'prologdb' user: 'prologDBadmin' host: 'vidupiyasa' (Got an error reading communication packets)
2026-03-19 20:12:36 46 [Warning] Aborted connection 46 to db: 'prologdb' user: 'prologDBadmin' host: 'vidupiyasa' (Got an error reading communication packets)
2026-03-19 20:12:36 48 [Warning] Aborted connection 48 to db: 'prologdb' user: 'prologDBadmin' host: 'vidupiyasa' (Got an error reading communication packets)
2026-03-20 14:15:39 70 [Warning] Aborted connection 70 to db: 'prologdb' user: 'prologDBadmin' host: 'vidupiyasa' (Got an error reading communication packets)
2026-03-20 14:15:39 71 [Warning] Aborted connection 71 to db: 'prologdb' user: 'prologDBadmin' host: 'vidupiyasa' (Got an error reading communication packets)
2026-03-20 16:51:42 96 [Warning] Aborted connection 96 to db: 'prologdb' user: 'prologDBadmin' host: 'DESKTOP-TF6ACUU' (Got an error reading communication packets)
2026-03-20 19:22:57 123 [Warning] Aborted connection 123 to db: 'prologdb' user: 'prologDBadmin' host: 'vidupiyasa' (Got an error reading communication packets)
2026-03-20 19:22:57 122 [Warning] Aborted connection 122 to db: 'prologdb' user: 'prologDBadmin' host: 'vidupiyasa' (Got an error reading communication packets)
2026-03-20 19:22:57 121 [Warning] Aborted connection 121 to db: 'prologdb' user: 'prologDBadmin' host: 'vidupiyasa' (Got an error reading communication packets)
2026-03-20 19:23:44 125 [Warning] Aborted connection 125 to db: 'prologdb' user: 'prologDBadmin' host: 'DESKTOP-TF6ACUU' (Got an error reading communication packets)
2026-03-20 19:23:44 124 [Warning] Aborted connection 124 to db: 'prologdb' user: 'prologDBadmin' host: 'DESKTOP-TF6ACUU' (Got an error reading communication packets)
2026-03-20 19:23:44 126 [Warning] Aborted connection 126 to db: 'prologdb' user: 'prologDBadmin' host: 'DESKTOP-TF6ACUU' (Got an error reading communication packets)
2026-03-21  6:57:26 120 [Warning] Aborted connection 120 to db: 'prologdb' user: 'prologDBadmin' host: 'DESKTOP-TF6ACUU' (Got timeout reading communication packets)
2026-03-21  6:57:26 119 [Warning] Aborted connection 119 to db: 'prologdb' user: 'prologDBadmin' host: 'DESKTOP-TF6ACUU' (Got timeout reading communication packets)
2026-03-21 11:08:18 166 [Warning] Aborted connection 166 to db: 'prologdb' user: 'prologDBadmin' host: 'DESKTOP-TF6ACUU' (Got an error reading communication packets)
2026-03-21 11:13:32 164 [Warning] Aborted connection 164 to db: 'prologdb' user: 'prologDBadmin' host: 'DESKTOP-TF6ACUU' (Got an error reading communication packets)
2026-03-21 12:25:20 183 [Warning] Aborted connection 183 to db: 'prologdb' user: 'prologDBadmin' host: 'vidupiyasa' (Got an error reading communication packets)
2026-03-21 12:25:20 182 [Warning] Aborted connection 182 to db: 'prologdb' user: 'prologDBadmin' host: 'vidupiyasa' (Got an error reading communication packets)
2026-03-21 12:28:46 184 [Warning] Aborted connection 184 to db: 'prologdb' user: 'prologDBadmin' host: 'vidupiyasa' (Got an error reading communication packets)
2026-03-21 12:28:46 185 [Warning] Aborted connection 185 to db: 'prologdb' user: 'prologDBadmin' host: 'vidupiyasa' (Got an error reading communication packets)
2026-03-21 13:07:49 195 [Warning] Aborted connection 195 to db: 'prologdb' user: 'prologDBadmin' host: 'vidupiyasa' (Got an error reading communication packets)
2026-03-21 13:07:49 193 [Warning] Aborted connection 193 to db: 'prologdb' user: 'prologDBadmin' host: 'vidupiyasa' (Got an error reading communication packets)
2026-03-21 13:07:49 194 [Warning] Aborted connection 194 to db: 'prologdb' user: 'prologDBadmin' host: 'vidupiyasa' (Got an error reading communication packets)
2026-03-21 13:08:33 170 [Warning] Aborted connection 170 to db: 'prologdb' user: 'prologDBadmin' host: 'DESKTOP-TF6ACUU' (Got an error reading communication packets)
2026-03-21 13:26:38 169 [Warning] Aborted connection 169 to db: 'prologdb' user: 'prologDBadmin' host: 'DESKTOP-TF6ACUU' (Got an error reading communication packets)
2026-03-22  6:48:38 254 [Warning] Aborted connection 254 to db: 'prologdb' user: 'prologDBadmin' host: 'DESKTOP-TF6ACUU' (Got timeout reading communication packets)
2026-03-22  6:48:38 256 [Warning] Aborted connection 256 to db: 'prologdb' user: 'prologDBadmin' host: 'DESKTOP-TF6ACUU' (Got timeout reading communication packets)
2026-03-22  6:48:38 257 [Warning] Aborted connection 257 to db: 'prologdb' user: 'prologDBadmin' host: 'vidupiyasa' (Got timeout reading communication packets)
2026-03-22  6:48:39 255 [Warning] Aborted connection 255 to db: 'prologdb' user: 'prologDBadmin' host: 'vidupiyasa' (Got timeout reading communication packets)
2026-03-22  6:50:45 259 [Warning] Aborted connection 259 to db: 'prologdb' user: 'prologDBadmin' host: 'vidupiyasa' (Got an error reading communication packets)
2026-03-22  6:50:45 258 [Warning] Aborted connection 258 to db: 'prologdb' user: 'prologDBadmin' host: 'vidupiyasa' (Got an error reading communication packets)
2026-03-22  6:50:45 260 [Warning] Aborted connection 260 to db: 'prologdb' user: 'prologDBadmin' host: 'vidupiyasa' (Got an error reading communication packets)
2026-03-22  6:50:54 0 [Note] C:\xampp\mysql\bin\mysqld.exe (initiated by: unknown): Normal shutdown
2026-03-22  6:50:54 0 [Note] Event Scheduler: Purging the queue. 0 events
2026-03-22  6:50:54 0 [Note] InnoDB: FTS optimize thread exiting.
2026-03-22  6:50:54 0 [Note] InnoDB: Starting shutdown...
2026-03-22  6:50:54 0 [Note] InnoDB: Dumping buffer pool(s) to C:\xampp\mysql\data\ib_buffer_pool
2026-03-22  6:50:54 0 [Note] InnoDB: Instance 0, restricted to 250 pages due to innodb_buf_pool_dump_pct=25
2026-03-22  6:50:54 0 [Note] InnoDB: Buffer pool(s) dump completed at 260322  6:50:54
2026-03-22  6:50:55 0 [Note] InnoDB: Removed temporary tablespace data file: "ibtmp1"
2026-03-22  6:50:55 0 [Note] InnoDB: Shutdown completed; log sequence number 15015338; transaction id 37955
2026-03-22  6:50:55 0 [Note] C:\xampp\mysql\bin\mysqld.exe: Shutdown complete

2026-03-22  6:51:26 0 [Note] Starting MariaDB 10.4.32-MariaDB source revision c4143f909528e3fab0677a28631d10389354c491 as process 3176
2026-03-22  6:51:26 0 [Note] InnoDB: Mutexes and rw_locks use Windows interlocked functions
2026-03-22  6:51:26 0 [Note] InnoDB: Uses event mutexes
2026-03-22  6:51:26 0 [Note] InnoDB: Compressed tables use zlib 1.3
2026-03-22  6:51:26 0 [Note] InnoDB: Number of pools: 1
2026-03-22  6:51:26 0 [Note] InnoDB: Using SSE2 crc32 instructions
2026-03-22  6:51:26 0 [Note] InnoDB: Initializing buffer pool, total size = 16M, instances = 1, chunk size = 16M
2026-03-22  6:51:26 0 [Note] InnoDB: Completed initialization of buffer pool
2026-03-22  6:51:26 0 [Note] InnoDB: 128 out of 128 rollback segments are active.
2026-03-22  6:51:26 0 [Note] InnoDB: Creating shared tablespace for temporary tables
2026-03-22  6:51:26 0 [Note] InnoDB: Setting file 'C:\xampp\mysql\data\ibtmp1' size to 12 MB. Physically writing the file full; Please wait ...
2026-03-22  6:51:26 0 [Note] InnoDB: File 'C:\xampp\mysql\data\ibtmp1' size is now 12 MB.
2026-03-22  6:51:26 0 [Note] InnoDB: Waiting for purge to start
2026-03-22  6:51:26 0 [Note] InnoDB: 10.4.32 started; log sequence number 15015338; transaction id 37956
2026-03-22  6:51:26 0 [Note] InnoDB: Loading buffer pool(s) from C:\xampp\mysql\data\ib_buffer_pool
2026-03-22  6:51:26 0 [Note] Plugin 'FEEDBACK' is disabled.
2026-03-22  6:51:26 0 [Note] Server socket created on IP: '::'.
2026-03-22  6:51:26 0 [Note] Reading of all Master_info entries succeeded
2026-03-22  6:51:26 0 [Note] Added new Master_info '' to hash table
2026-03-22  6:51:26 0 [Note] C:\xampp\mysql\bin\mysqld.exe: ready for connections.
Version: '10.4.32-MariaDB'  socket: ''  port: 3306  mariadb.org binary distribution
2026-03-22  6:51:26 0 [Note] InnoDB: Buffer pool(s) load completed at 260322  6:51:26
2026-03-22  8:07:46 0 [Note] Starting MariaDB 10.4.32-MariaDB source revision c4143f909528e3fab0677a28631d10389354c491 as process 2760
2026-03-22  8:07:46 0 [Note] InnoDB: Mutexes and rw_locks use Windows interlocked functions
2026-03-22  8:07:46 0 [Note] InnoDB: Uses event mutexes
2026-03-22  8:07:46 0 [Note] InnoDB: Compressed tables use zlib 1.3
2026-03-22  8:07:46 0 [Note] InnoDB: Number of pools: 1
2026-03-22  8:07:46 0 [Note] InnoDB: Using SSE2 crc32 instructions
2026-03-22  8:07:46 0 [Note] InnoDB: Initializing buffer pool, total size = 16M, instances = 1, chunk size = 16M
2026-03-22  8:07:46 0 [Note] InnoDB: Completed initialization of buffer pool
2026-03-22  8:07:46 0 [Note] InnoDB: Starting crash recovery from checkpoint LSN=15018734
2026-03-22  8:07:46 0 [Note] InnoDB: Starting final batch to recover 9 pages from redo log.
2026-03-22  8:07:47 0 [Note] InnoDB: 128 out of 128 rollback segments are active.
2026-03-22  8:07:47 0 [Note] InnoDB: Removed temporary tablespace data file: "ibtmp1"
2026-03-22  8:07:47 0 [Note] InnoDB: Creating shared tablespace for temporary tables
2026-03-22  8:07:47 0 [Note] InnoDB: Setting file 'C:\xampp\mysql\data\ibtmp1' size to 12 MB. Physically writing the file full; Please wait ...
2026-03-22  8:07:47 0 [Note] InnoDB: File 'C:\xampp\mysql\data\ibtmp1' size is now 12 MB.
2026-03-22  8:07:47 0 [Note] InnoDB: Waiting for purge to start
2026-03-22  8:07:47 0 [Note] InnoDB: 10.4.32 started; log sequence number 15019828; transaction id 37989
2026-03-22  8:07:47 0 [Note] InnoDB: Loading buffer pool(s) from C:\xampp\mysql\data\ib_buffer_pool
2026-03-22  8:07:47 0 [Note] Plugin 'FEEDBACK' is disabled.
2026-03-22  8:07:47 0 [Note] Server socket created on IP: '::'.
2026-03-22  8:07:47 0 [Note] InnoDB: Buffer pool(s) load completed at 260322  8:07:47
2026-03-22  8:07:48 0 [Note] Reading of all Master_info entries succeeded
2026-03-22  8:07:48 0 [Note] Added new Master_info '' to hash table
2026-03-22  8:07:48 0 [Note] C:\xampp\mysql\bin\mysqld.exe: ready for connections.
Version: '10.4.32-MariaDB'  socket: ''  port: 3306  mariadb.org binary distribution
2026-03-22 19:58:53 53 [Warning] Aborted connection 53 to db: 'prologdb' user: 'prologDBadmin' host: 'vidupiyasa' (Got an error reading communication packets)
2026-03-22 19:58:53 54 [Warning] Aborted connection 54 to db: 'prologdb' user: 'prologDBadmin' host: 'vidupiyasa' (Got an error reading communication packets)
2026-03-22 19:58:53 52 [Warning] Aborted connection 52 to db: 'prologdb' user: 'prologDBadmin' host: 'vidupiyasa' (Got an error reading communication packets)
2026-03-23  9:06:37 0 [Note] Starting MariaDB 10.4.32-MariaDB source revision c4143f909528e3fab0677a28631d10389354c491 as process 3080
2026-03-23  9:06:37 0 [Note] InnoDB: Mutexes and rw_locks use Windows interlocked functions
2026-03-23  9:06:37 0 [Note] InnoDB: Uses event mutexes
2026-03-23  9:06:37 0 [Note] InnoDB: Compressed tables use zlib 1.3
2026-03-23  9:06:37 0 [Note] InnoDB: Number of pools: 1
2026-03-23  9:06:37 0 [Note] InnoDB: Using SSE2 crc32 instructions
2026-03-23  9:06:37 0 [Note] InnoDB: Initializing buffer pool, total size = 16M, instances = 1, chunk size = 16M
2026-03-23  9:06:37 0 [Note] InnoDB: Completed initialization of buffer pool
2026-03-23  9:06:37 0 [Note] InnoDB: Starting crash recovery from checkpoint LSN=15416556
2026-03-23  9:06:38 0 [Note] InnoDB: 128 out of 128 rollback segments are active.
2026-03-23  9:06:38 0 [Note] InnoDB: Removed temporary tablespace data file: "ibtmp1"
2026-03-23  9:06:38 0 [Note] InnoDB: Creating shared tablespace for temporary tables
2026-03-23  9:06:38 0 [Note] InnoDB: Setting file 'C:\xampp\mysql\data\ibtmp1' size to 12 MB. Physically writing the file full; Please wait ...
2026-03-23  9:06:38 0 [Note] InnoDB: File 'C:\xampp\mysql\data\ibtmp1' size is now 12 MB.
2026-03-23  9:06:38 0 [Note] InnoDB: Waiting for purge to start
2026-03-23  9:06:38 0 [Note] InnoDB: 10.4.32 started; log sequence number 15416565; transaction id 38985
2026-03-23  9:06:38 0 [Note] InnoDB: Loading buffer pool(s) from C:\xampp\mysql\data\ib_buffer_pool
2026-03-23  9:06:38 0 [Note] Plugin 'FEEDBACK' is disabled.
2026-03-23  9:06:38 0 [Note] Server socket created on IP: '::'.
2026-03-23  9:06:38 0 [Note] InnoDB: Buffer pool(s) load completed at 260323  9:06:38
2026-03-23  9:06:38 0 [Note] Reading of all Master_info entries succeeded
2026-03-23  9:06:38 0 [Note] Added new Master_info '' to hash table
2026-03-23  9:06:38 0 [Note] C:\xampp\mysql\bin\mysqld.exe: ready for connections.
Version: '10.4.32-MariaDB'  socket: ''  port: 3306  mariadb.org binary distribution
2026-03-23 13:05:45 15 [Warning] Aborted connection 15 to db: 'prologdb' user: 'prologDBadmin' host: 'vidupiyasa' (Got an error reading communication packets)
2026-03-23 13:05:45 14 [Warning] Aborted connection 14 to db: 'prologdb' user: 'prologDBadmin' host: 'vidupiyasa' (Got an error reading communication packets)
2026-03-23 15:22:53 33 [Warning] Aborted connection 33 to db: 'prologdb' user: 'prologDBadmin' host: 'DESKTOP-TF6ACUU' (Got an error reading communication packets)
2026-03-23 15:53:18 41 [Warning] Aborted connection 41 to db: 'prologdb' user: 'prologDBadmin' host: 'DESKTOP-TF6ACUU' (Got an error reading communication packets)
2026-03-23 16:20:17 47 [Warning] Aborted connection 47 to db: 'prologdb' user: 'prologDBadmin' host: 'vidupiyasa' (Got an error reading communication packets)
2026-03-23 16:20:17 45 [Warning] Aborted connection 45 to db: 'prologdb' user: 'prologDBadmin' host: 'vidupiyasa' (Got an error reading communication packets)
2026-03-23 16:41:30 48 [Warning] Aborted connection 48 to db: 'prologdb' user: 'prologDBadmin' host: 'vidupiyasa' (Got an error reading communication packets)
2026-03-23 16:41:30 49 [Warning] Aborted connection 49 to db: 'prologdb' user: 'prologDBadmin' host: 'vidupiyasa' (Got an error reading communication packets)
2026-03-23 17:46:57 60 [Warning] Aborted connection 60 to db: 'prologdb' user: 'prologDBadmin' host: 'DESKTOP-TF6ACUU' (Got an error reading communication packets)
2026-03-23 17:46:57 59 [Warning] Aborted connection 59 to db: 'prologdb' user: 'prologDBadmin' host: 'DESKTOP-TF6ACUU' (Got an error reading communication packets)
2026-03-23 18:16:00 64 [Warning] Aborted connection 64 to db: 'prologdb' user: 'prologDBadmin' host: 'vidupiyasa' (Got an error reading communication packets)
2026-03-23 18:16:00 63 [Warning] Aborted connection 63 to db: 'prologdb' user: 'prologDBadmin' host: 'vidupiyasa' (Got an error reading communication packets)
2026-03-24 10:09:06 0 [Note] Starting MariaDB 10.4.32-MariaDB source revision c4143f909528e3fab0677a28631d10389354c491 as process 2548
2026-03-24 10:09:06 0 [Note] InnoDB: Mutexes and rw_locks use Windows interlocked functions
2026-03-24 10:09:06 0 [Note] InnoDB: Uses event mutexes
2026-03-24 10:09:06 0 [Note] InnoDB: Compressed tables use zlib 1.3
2026-03-24 10:09:06 0 [Note] InnoDB: Number of pools: 1
2026-03-24 10:09:06 0 [Note] InnoDB: Using SSE2 crc32 instructions
2026-03-24 10:09:06 0 [Note] InnoDB: Initializing buffer pool, total size = 16M, instances = 1, chunk size = 16M
2026-03-24 10:09:06 0 [Note] InnoDB: Completed initialization of buffer pool
2026-03-24 10:09:06 0 [Note] InnoDB: Starting crash recovery from checkpoint LSN=15970624
2026-03-24 10:09:07 0 [Note] InnoDB: 128 out of 128 rollback segments are active.
2026-03-24 10:09:07 0 [Note] InnoDB: Removed temporary tablespace data file: "ibtmp1"
2026-03-24 10:09:07 0 [Note] InnoDB: Creating shared tablespace for temporary tables
2026-03-24 10:09:07 0 [Note] InnoDB: Setting file 'C:\xampp\mysql\data\ibtmp1' size to 12 MB. Physically writing the file full; Please wait ...
2026-03-24 10:09:07 0 [Note] InnoDB: File 'C:\xampp\mysql\data\ibtmp1' size is now 12 MB.
2026-03-24 10:09:07 0 [Note] InnoDB: Waiting for purge to start
2026-03-24 10:09:07 0 [Note] InnoDB: 10.4.32 started; log sequence number 15970633; transaction id 40235
2026-03-24 10:09:07 0 [Note] InnoDB: Loading buffer pool(s) from C:\xampp\mysql\data\ib_buffer_pool
2026-03-24 10:09:07 0 [Note] Plugin 'FEEDBACK' is disabled.
2026-03-24 10:09:07 0 [Note] Server socket created on IP: '::'.
2026-03-24 10:09:07 0 [Note] InnoDB: Buffer pool(s) load completed at 260324 10:09:07
2026-03-24 10:09:07 0 [Note] Reading of all Master_info entries succeeded
2026-03-24 10:09:07 0 [Note] Added new Master_info '' to hash table
2026-03-24 10:09:07 0 [Note] C:\xampp\mysql\bin\mysqld.exe: ready for connections.
Version: '10.4.32-MariaDB'  socket: ''  port: 3306  mariadb.org binary distribution
2026-03-24 17:27:55 38 [Warning] Aborted connection 38 to db: 'prologdb' user: 'prologDBadmin' host: 'vidupiyasa' (Got an error reading communication packets)
2026-03-24 17:27:55 39 [Warning] Aborted connection 39 to db: 'prologdb' user: 'prologDBadmin' host: 'vidupiyasa' (Got an error reading communication packets)
2026-03-25 11:12:32 52 [Warning] Aborted connection 52 to db: 'prologdb' user: 'prologDBadmin' host: 'vidupiyasa' (Got an error reading communication packets)
2026-03-25 11:12:32 53 [Warning] Aborted connection 53 to db: 'prologdb' user: 'prologDBadmin' host: 'vidupiyasa' (Got an error reading communication packets)
2026-03-25 11:13:04 54 [Warning] Aborted connection 54 to db: 'prologdb' user: 'prologDBadmin' host: 'vidupiyasa' (Got an error reading communication packets)
2026-03-25 11:13:04 55 [Warning] Aborted connection 55 to db: 'prologdb' user: 'prologDBadmin' host: 'vidupiyasa' (Got an error reading communication packets)
2026-03-25 11:15:50 58 [Warning] Aborted connection 58 to db: 'prologdb' user: 'prologDBadmin' host: 'vidupiyasa' (Got an error reading communication packets)
2026-03-25 11:15:50 57 [Warning] Aborted connection 57 to db: 'prologdb' user: 'prologDBadmin' host: 'vidupiyasa' (Got an error reading communication packets)
2026-03-25 11:15:50 56 [Warning] Aborted connection 56 to db: 'prologdb' user: 'prologDBadmin' host: 'vidupiyasa' (Got an error reading communication packets)
2026-03-25 13:30:15 64 [Warning] Aborted connection 64 to db: 'prologdb' user: 'prologDBadmin' host: 'vidupiyasa' (Got an error reading communication packets)
2026-03-25 13:30:15 66 [Warning] Aborted connection 66 to db: 'prologdb' user: 'prologDBadmin' host: 'vidupiyasa' (Got an error reading communication packets)
2026-03-25 13:30:15 65 [Warning] Aborted connection 65 to db: 'prologdb' user: 'prologDBadmin' host: 'vidupiyasa' (Got an error reading communication packets)
2026-03-25 14:24:58 71 [Warning] Aborted connection 71 to db: 'prologdb' user: 'prologDBadmin' host: 'vidupiyasa' (Got an error reading communication packets)
2026-03-25 14:24:58 70 [Warning] Aborted connection 70 to db: 'prologdb' user: 'prologDBadmin' host: 'vidupiyasa' (Got an error reading communication packets)
2026-03-25 14:31:07 73 [Warning] Aborted connection 73 to db: 'prologdb' user: 'prologDBadmin' host: 'vidupiyasa' (Got an error reading communication packets)
2026-03-25 14:31:07 75 [Warning] Aborted connection 75 to db: 'prologdb' user: 'prologDBadmin' host: 'vidupiyasa' (Got an error reading communication packets)
2026-03-25 14:31:07 74 [Warning] Aborted connection 74 to db: 'prologdb' user: 'prologDBadmin' host: 'vidupiyasa' (Got an error reading communication packets)
2026-03-25 14:34:53 76 [Warning] Aborted connection 76 to db: 'prologdb' user: 'prologDBadmin' host: 'vidupiyasa' (Got an error reading communication packets)
2026-03-25 14:34:53 77 [Warning] Aborted connection 77 to db: 'prologdb' user: 'prologDBadmin' host: 'vidupiyasa' (Got an error reading communication packets)
2026-03-25 14:34:53 78 [Warning] Aborted connection 78 to db: 'prologdb' user: 'prologDBadmin' host: 'vidupiyasa' (Got an error reading communication packets)
2026-03-25 17:10:05 0 [Note] Starting MariaDB 10.4.32-MariaDB source revision c4143f909528e3fab0677a28631d10389354c491 as process 2836
2026-03-25 17:10:06 0 [Note] InnoDB: Mutexes and rw_locks use Windows interlocked functions
2026-03-25 17:10:06 0 [Note] InnoDB: Uses event mutexes
2026-03-25 17:10:06 0 [Note] InnoDB: Compressed tables use zlib 1.3
2026-03-25 17:10:06 0 [Note] InnoDB: Number of pools: 1
2026-03-25 17:10:06 0 [Note] InnoDB: Using SSE2 crc32 instructions
2026-03-25 17:10:06 0 [Note] InnoDB: Initializing buffer pool, total size = 16M, instances = 1, chunk size = 16M
2026-03-25 17:10:06 0 [Note] InnoDB: Completed initialization of buffer pool
2026-03-25 17:10:06 0 [Note] InnoDB: Starting crash recovery from checkpoint LSN=16963011
2026-03-25 17:10:06 0 [Note] InnoDB: 128 out of 128 rollback segments are active.
2026-03-25 17:10:06 0 [Note] InnoDB: Removed temporary tablespace data file: "ibtmp1"
2026-03-25 17:10:06 0 [Note] InnoDB: Creating shared tablespace for temporary tables
2026-03-25 17:10:06 0 [Note] InnoDB: Setting file 'C:\xampp\mysql\data\ibtmp1' size to 12 MB. Physically writing the file full; Please wait ...
2026-03-25 17:10:06 0 [Note] InnoDB: File 'C:\xampp\mysql\data\ibtmp1' size is now 12 MB.
2026-03-25 17:10:06 0 [Note] InnoDB: Waiting for purge to start
2026-03-25 17:10:06 0 [Note] InnoDB: 10.4.32 started; log sequence number 16963020; transaction id 42416
2026-03-25 17:10:06 0 [Note] InnoDB: Loading buffer pool(s) from C:\xampp\mysql\data\ib_buffer_pool
2026-03-25 17:10:06 0 [Note] Plugin 'FEEDBACK' is disabled.
2026-03-25 17:10:06 0 [Note] Server socket created on IP: '::'.
2026-03-25 17:10:07 0 [Note] InnoDB: Buffer pool(s) load completed at 260325 17:10:07
2026-03-25 17:10:07 0 [Note] Reading of all Master_info entries succeeded
2026-03-25 17:10:07 0 [Note] Added new Master_info '' to hash table
2026-03-25 17:10:07 0 [Note] C:\xampp\mysql\bin\mysqld.exe: ready for connections.
Version: '10.4.32-MariaDB'  socket: ''  port: 3306  mariadb.org binary distribution
2026-03-25 20:19:28 12 [Warning] Aborted connection 12 to db: 'prologdb' user: 'prologDBadmin' host: 'vidupiyasa' (Got an error reading communication packets)
2026-03-25 20:19:28 13 [Warning] Aborted connection 13 to db: 'prologdb' user: 'prologDBadmin' host: 'vidupiyasa' (Got an error reading communication packets)
2026-03-25 20:19:28 14 [Warning] Aborted connection 14 to db: 'prologdb' user: 'prologDBadmin' host: 'vidupiyasa' (Got an error reading communication packets)
2026-03-26 13:56:14 37 [Warning] Aborted connection 37 to db: 'prologdb' user: 'prologDBadmin' host: 'vidupiyasa' (Got an error reading communication packets)
2026-03-26 13:56:14 38 [Warning] Aborted connection 38 to db: 'prologdb' user: 'prologDBadmin' host: 'vidupiyasa' (Got an error reading communication packets)
2026-03-26 13:57:28 41 [Warning] Aborted connection 41 to db: 'prologdb' user: 'prologDBadmin' host: 'vidupiyasa' (Got an error reading communication packets)
2026-03-26 13:57:28 40 [Warning] Aborted connection 40 to db: 'prologdb' user: 'prologDBadmin' host: 'vidupiyasa' (Got an error reading communication packets)
2026-03-26 13:57:28 39 [Warning] Aborted connection 39 to db: 'prologdb' user: 'prologDBadmin' host: 'vidupiyasa' (Got an error reading communication packets)
2026-03-26 18:14:31 61 [Warning] Aborted connection 61 to db: 'prologdb' user: 'prologDBadmin' host: 'vidupiyasa' (Got an error reading communication packets)
2026-03-26 18:14:31 60 [Warning] Aborted connection 60 to db: 'prologdb' user: 'prologDBadmin' host: 'vidupiyasa' (Got an error reading communication packets)
2026-03-27 17:04:11 0 [Note] Starting MariaDB 10.4.32-MariaDB source revision c4143f909528e3fab0677a28631d10389354c491 as process 584
2026-03-27 17:04:11 0 [Note] InnoDB: Mutexes and rw_locks use Windows interlocked functions
2026-03-27 17:04:11 0 [Note] InnoDB: Uses event mutexes
2026-03-27 17:04:11 0 [Note] InnoDB: Compressed tables use zlib 1.3
2026-03-27 17:04:11 0 [Note] InnoDB: Number of pools: 1
2026-03-27 17:04:11 0 [Note] InnoDB: Using SSE2 crc32 instructions
2026-03-27 17:04:11 0 [Note] InnoDB: Initializing buffer pool, total size = 16M, instances = 1, chunk size = 16M
2026-03-27 17:04:11 0 [Note] InnoDB: Completed initialization of buffer pool
2026-03-27 17:04:11 0 [Note] InnoDB: Starting crash recovery from checkpoint LSN=17842389
2026-03-27 17:04:12 0 [Note] InnoDB: 128 out of 128 rollback segments are active.
2026-03-27 17:04:12 0 [Note] InnoDB: Removed temporary tablespace data file: "ibtmp1"
2026-03-27 17:04:12 0 [Note] InnoDB: Creating shared tablespace for temporary tables
2026-03-27 17:04:12 0 [Note] InnoDB: Setting file 'C:\xampp\mysql\data\ibtmp1' size to 12 MB. Physically writing the file full; Please wait ...
2026-03-27 17:04:12 0 [Note] InnoDB: File 'C:\xampp\mysql\data\ibtmp1' size is now 12 MB.
2026-03-27 17:04:12 0 [Note] InnoDB: Waiting for purge to start
2026-03-27 17:04:12 0 [Note] InnoDB: 10.4.32 started; log sequence number 17842398; transaction id 44534
2026-03-27 17:04:12 0 [Note] InnoDB: Loading buffer pool(s) from C:\xampp\mysql\data\ib_buffer_pool
2026-03-27 17:04:12 0 [Note] Plugin 'FEEDBACK' is disabled.
2026-03-27 17:04:12 0 [Note] InnoDB: Buffer pool(s) load completed at 260327 17:04:12
2026-03-27 17:04:12 0 [Note] Server socket created on IP: '::'.
2026-03-27 17:04:12 0 [Note] Reading of all Master_info entries succeeded
2026-03-27 17:04:12 0 [Note] Added new Master_info '' to hash table
2026-03-27 17:04:12 0 [Note] C:\xampp\mysql\bin\mysqld.exe: ready for connections.
Version: '10.4.32-MariaDB'  socket: ''  port: 3306  mariadb.org binary distribution
2026-03-27 17:46:03 10 [Warning] Aborted connection 10 to db: 'prologdb' user: 'prologDBadmin' host: 'vidupiyasa' (Got an error reading communication packets)
2026-03-27 17:46:03 11 [Warning] Aborted connection 11 to db: 'prologdb' user: 'prologDBadmin' host: 'vidupiyasa' (Got an error reading communication packets)
2026-03-28  7:11:08 12 [Warning] Aborted connection 12 to db: 'prologdb' user: 'prologDBadmin' host: 'vidupiyasa' (Got an error reading communication packets)
2026-03-28  7:11:08 13 [Warning] Aborted connection 13 to db: 'prologdb' user: 'prologDBadmin' host: 'vidupiyasa' (Got an error reading communication packets)
2026-03-28  7:22:05 14 [Warning] Aborted connection 14 to db: 'prologdb' user: 'prologDBadmin' host: 'vidupiyasa' (Got an error reading communication packets)
2026-03-28  7:22:05 15 [Warning] Aborted connection 15 to db: 'prologdb' user: 'prologDBadmin' host: 'vidupiyasa' (Got an error reading communication packets)
2026-03-28  7:22:05 16 [Warning] Aborted connection 16 to db: 'prologdb' user: 'prologDBadmin' host: 'vidupiyasa' (Got an error reading communication packets)
2026-03-28  7:34:52 17 [Warning] Aborted connection 17 to db: 'prologdb' user: 'prologDBadmin' host: 'vidupiyasa' (Got an error reading communication packets)
2026-03-28  7:34:52 18 [Warning] Aborted connection 18 to db: 'prologdb' user: 'prologDBadmin' host: 'vidupiyasa' (Got an error reading communication packets)
2026-03-28  8:36:27 22 [Warning] Aborted connection 22 to db: 'prologdb' user: 'prologDBadmin' host: 'vidupiyasa' (Got an error reading communication packets)
2026-03-28  8:36:27 23 [Warning] Aborted connection 23 to db: 'prologdb' user: 'prologDBadmin' host: 'vidupiyasa' (Got an error reading communication packets)
2026-03-28  9:22:03 28 [Warning] Aborted connection 28 to db: 'prologdb' user: 'prologDBadmin' host: 'vidupiyasa' (Got an error reading communication packets)
2026-03-28  9:22:03 29 [Warning] Aborted connection 29 to db: 'prologdb' user: 'prologDBadmin' host: 'vidupiyasa' (Got an error reading communication packets)
2026-03-28  9:22:03 27 [Warning] Aborted connection 27 to db: 'prologdb' user: 'prologDBadmin' host: 'vidupiyasa' (Got an error reading communication packets)
2026-03-28  9:22:29 31 [Warning] Aborted connection 31 to db: 'prologdb' user: 'prologDBadmin' host: 'vidupiyasa' (Got an error reading communication packets)
2026-03-28  9:22:29 32 [Warning] Aborted connection 32 to db: 'prologdb' user: 'prologDBadmin' host: 'vidupiyasa' (Got an error reading communication packets)
2026-03-28  9:22:29 30 [Warning] Aborted connection 30 to db: 'prologdb' user: 'prologDBadmin' host: 'vidupiyasa' (Got an error reading communication packets)
2026-03-28  9:23:04 33 [Warning] Aborted connection 33 to db: 'prologdb' user: 'prologDBadmin' host: 'vidupiyasa' (Got an error reading communication packets)
2026-03-28  9:23:04 35 [Warning] Aborted connection 35 to db: 'prologdb' user: 'prologDBadmin' host: 'vidupiyasa' (Got an error reading communication packets)
2026-03-28  9:23:04 34 [Warning] Aborted connection 34 to db: 'prologdb' user: 'prologDBadmin' host: 'vidupiyasa' (Got an error reading communication packets)
2026-03-28 10:06:49 0 [Note] Starting MariaDB 10.4.32-MariaDB source revision c4143f909528e3fab0677a28631d10389354c491 as process 3096
2026-03-28 10:06:49 0 [Note] InnoDB: Mutexes and rw_locks use Windows interlocked functions
2026-03-28 10:06:49 0 [Note] InnoDB: Uses event mutexes
2026-03-28 10:06:49 0 [Note] InnoDB: Compressed tables use zlib 1.3
2026-03-28 10:06:49 0 [Note] InnoDB: Number of pools: 1
2026-03-28 10:06:49 0 [Note] InnoDB: Using SSE2 crc32 instructions
2026-03-28 10:06:49 0 [Note] InnoDB: Initializing buffer pool, total size = 16M, instances = 1, chunk size = 16M
2026-03-28 10:06:49 0 [Note] InnoDB: Completed initialization of buffer pool
2026-03-28 10:06:49 0 [Note] InnoDB: Starting crash recovery from checkpoint LSN=18459447
2026-03-28 10:06:49 0 [Note] InnoDB: 128 out of 128 rollback segments are active.
2026-03-28 10:06:49 0 [Note] InnoDB: Removed temporary tablespace data file: "ibtmp1"
2026-03-28 10:06:49 0 [Note] InnoDB: Creating shared tablespace for temporary tables
2026-03-28 10:06:49 0 [Note] InnoDB: Setting file 'C:\xampp\mysql\data\ibtmp1' size to 12 MB. Physically writing the file full; Please wait ...
2026-03-28 10:06:49 0 [Note] InnoDB: File 'C:\xampp\mysql\data\ibtmp1' size is now 12 MB.
2026-03-28 10:06:49 0 [Note] InnoDB: Waiting for purge to start
2026-03-28 10:06:50 0 [Note] InnoDB: 10.4.32 started; log sequence number 18459456; transaction id 45985
2026-03-28 10:06:50 0 [Note] InnoDB: Loading buffer pool(s) from C:\xampp\mysql\data\ib_buffer_pool
2026-03-28 10:06:50 0 [Note] Plugin 'FEEDBACK' is disabled.
2026-03-28 10:06:50 0 [Note] Server socket created on IP: '::'.
2026-03-28 10:06:50 0 [Note] InnoDB: Buffer pool(s) load completed at 260328 10:06:50
2026-03-28 10:06:50 0 [Note] Reading of all Master_info entries succeeded
2026-03-28 10:06:50 0 [Note] Added new Master_info '' to hash table
2026-03-28 10:06:50 0 [Note] C:\xampp\mysql\bin\mysqld.exe: ready for connections.
Version: '10.4.32-MariaDB'  socket: ''  port: 3306  mariadb.org binary distribution
2026-03-28 16:13:38 35 [Warning] Aborted connection 35 to db: 'prologdb' user: 'prologDBadmin' host: 'vidupiyasa' (Got an error reading communication packets)
2026-03-28 16:13:38 36 [Warning] Aborted connection 36 to db: 'prologdb' user: 'prologDBadmin' host: 'vidupiyasa' (Got an error reading communication packets)
2026-03-28 16:20:39 37 [Warning] Aborted connection 37 to db: 'prologdb' user: 'prologDBadmin' host: 'vidupiyasa' (Got an error reading communication packets)
2026-03-28 16:20:39 38 [Warning] Aborted connection 38 to db: 'prologdb' user: 'prologDBadmin' host: 'vidupiyasa' (Got an error reading communication packets)
2026-03-28 16:20:39 39 [Warning] Aborted connection 39 to db: 'prologdb' user: 'prologDBadmin' host: 'vidupiyasa' (Got an error reading communication packets)
2026-03-28 16:21:31 40 [Warning] Aborted connection 40 to db: 'prologdb' user: 'prologDBadmin' host: 'vidupiyasa' (Got an error reading communication packets)
2026-03-28 16:21:31 41 [Warning] Aborted connection 41 to db: 'prologdb' user: 'prologDBadmin' host: 'vidupiyasa' (Got an error reading communication packets)
